LATITUDE,LONGITUDE,DISCOVERYDATETIME,DISCOVERYSIZE,ESTIMATEDTOTALACRES,GENERALCAUSE,ORIGINSLOPE,ORIGINASPECT,ORIGINELEVATION,PRIMARYFUELTYPE,ORIGINAL_LATITUDE,ORIGINAL_LONGITUDE,ISVALID,FIRECAUSE
62.09199,-145.57265,11/22/2024 14:39,,0.1,Undetermined,0-25,Flat,0501-1500,,62.09199,-145.57265,TRUE,Undetermined
62.09199,-145.5,11/12/2024 9:31,,0.1,Undetermined,0-25,Flat,0501-1500,,62.09199,-145.5,TRUE,Undetermined
64.072975,-145.671352,11/3/2024 15:55,0.1,0.5,Debris and open burning,0-25,Flat,0501-1500,BLACK SPRUCE,64.078844,-145.663021,TRUE,Human
63.7336,-148.8974,10/15/2024 15:48,,15.4,Human,0-25,Flat,1501-2500,,63.7336,-148.8974,TRUE,Human
63.956644,-145.480844,10/12/2024 22:42,0.1,0.1,Debris and open burning,0-25,Flat,0501-1500,MOSS/SPRUCE,63.970661,-145.499621,TRUE,Human
64.86035,-147.707367,10/11/2024 12:42,0.1,0.1,Debris and open burning,0-25,Flat,0-500,"Jack straw,B. Spruce",64.861324,-147.709163,TRUE,Human
63.434167,-148.870167,10/7/2024 10:52,,0.1,Human,0-25,Flat,1501-2500,,63.37739,-148.94247,TRUE,Human
62.038717,-150.06125,10/6/2024 17:25,0.1,0.1,Other causes,0-25,Flat,0-500,leaf litter,62.038667,-150.06107,TRUE,Human
64.053892,-145.739613,10/3/2024 12:55,,0,Human,0-25,Flat,0501-1500,,64.053892,-145.739613,TRUE,Human
64.835217,-147.567383,10/2/2024 11:10,,15.6,Human,0-25,Flat,0-500,,64.835217,-147.567383,TRUE,Human
66.4627778,-148.9908333,10/1/2024 10:30,0.1,0.1,Natural,0-25,Flat,0501-1500,,66.462783,-148.990833,TRUE,Natural
60.48776,-150.87005,10/1/2024 9:43,,0,Human,0-25,Flat,0-500,,60.487802,-150.866415,TRUE,Human
64.908917,-148.263783,9/27/2024 8:02,0.1,0.3,Other causes,0-25,South East,0501-1500,hazmat/spruce,64.9084,-148.263043,TRUE,Human
60.284441,-151.280086,9/23/2024 11:31,,0.1,Other causes,0-25,Flat,0-500,"Grass, trees",60.2842,-151.2806,TRUE,Human
60.4918889,-151.159,9/7/2024 15:22,0,0,Undetermined,0-25,Flat,0-500,,60.491873,-151.159002,TRUE,Undetermined
64.78525,-141.2261,9/6/2024 16:57,,22,Human,0-25,Flat,0501-1500,,64.78525,-141.2261,TRUE,Human
63.331667,-142.975033,9/5/2024 22:11,0.1,0.1,Recreation and ceremony,0-25,Flat,1501-2500,"DUFF, ASPEN",63.331667,-142.974033,TRUE,Human
64.2173056,-149.3032778,9/5/2024 13:45,0.1,1.5,Power generation / transmission / distribution,0-25,Flat,0501-1500,black spruce/shrubs ,64.218883,-149.3025,TRUE,Human
63.353167,-143.002833,9/4/2024 14:06,0.1,0,Recreation and ceremony,0-25,Flat,1501-2500,Duff,63.353167,-143.002833,TRUE,Human
64.653617,-148.69,8/27/2024 10:44,0.1,0.1,Human,0-25,Flat,0501-1500,,64.653617,-148.69,TRUE,Human
63.2205556,-143.2219444,8/26/2024 22:12,0,0,Undetermined,0-25,East,2501-3500,,63.22055,-143.22195,TRUE,Undetermined
60.7426945,-151.1936944,8/26/2024 13:17,0.1,0.1,Power generation / transmission / distribution,0-25,Flat,0-500,Birch tree,60.742817,-151.194447,TRUE,Human
58.5240278,-134.8335833,8/23/2024 12:22,0.1,0.1,Recreation and ceremony,0-25,Flat,0-500,Spruce/Duff,58.524052,-134.833734,TRUE,Human
60.79947,-151.012951,8/21/2024 20:55,0,0,Undetermined,0-25,Flat,0-500,,60.79947,-151.012951,TRUE,Undetermined
60.5371667,-150.4688333,8/20/2024 21:13,0.1,0.1,Recreation and ceremony,0-25,Flat,0-500,leaf; duff,60.535883,-150.466367,TRUE,Human
63.1411389,-142.5441667,8/19/2024 9:45,0.1,0.1,Power generation / transmission / distribution,0-25,Flat,1501-2500,Black Spruce,63.137,-142.523333,TRUE,Human
63.3433611,-143.0120278,8/18/2024 19:34,0.1,0.3,Debris and open burning,0-25,Flat,1501-2500,Black Spruce,63.343357,-143.012043,TRUE,Human
65.1783333,-144.1797222,8/18/2024 12:42,0.1,0.1,Natural,0-25,South West,2501-3500,,65.178333,-144.179717,TRUE,Natural
64.0296667,-145.61325,8/16/2024 12:58,0.1,0.1,Power generation / transmission / distribution,0-25,Flat,0501-1500,Hardwoods,64.029667,-145.61325,TRUE,Human
62.5715278,-142.7038055,8/16/2024 12:49,0.1,0.1,Natural,0-25,Flat,3501-4500,Black Spruce,62.34,-142.703667,TRUE,Natural
56.3848889,-132.4053333,8/16/2024 11:06,0.1,0.3,Undetermined,0-25,North East,0-500,Regen,56.384878,-132.405338,TRUE,Human
64.21905,-149.302867,8/16/2024 3:22,0.1,0.8,Undetermined,0-25,Flat,0501-1500,tundra/grass/BS,64.214558,-149.293208,TRUE,Human
58.417335,-134.523452,8/15/2024 16:15,0,0,Undetermined,26-40,North West,0501-1500,,58.417335,-134.523452,TRUE,Undetermined
63.35115,-143.02225,8/15/2024 14:43,0.1,0.1,Power generation / transmission / distribution,0-25,Flat,1501-2500,SPRUCE TUNDRA,63.35143,-143.02017,TRUE,Human
63.6561111,-148.8180556,8/13/2024 22:49,0.1,0.1,Recreation and ceremony,0-25,Flat,1501-2500,,63.6575,-148.81695,TRUE,Human
66.2760833,-154.9455833,8/9/2024 14:56,0.1,17.6,Natural,0-25,Flat,0-500,,66.56502,-154.73501,TRUE,Natural
62.001733,-145.415133,8/7/2024 14:27,0.1,0.1,Power generation / transmission / distribution,0-25,Flat,0501-1500,"willow, black spruce",62.104766,-145.493832,TRUE,Human
64.1086667,-145.7786944,8/7/2024 14:24,0.1,0.1,Power generation / transmission / distribution,0-25,Flat,0501-1500,Hardwood/Grass,64.121517,-145.78775,TRUE,Human
55.6388889,-132.4784444,8/7/2024 13:28,0.1,0.1,Undetermined,0-25,Flat,0-500,Brush,55.639,-132.478733,TRUE,Human
63.3011111,-143.0766667,8/7/2024 9:45,0.1,0.5,Debris and open burning,0-25,Flat,1501-2500,cont. black spruce,63.3225,-143.068333,TRUE,Human
64.0631667,-145.6567778,8/7/2024 9:23,0.1,0.1,Power generation / transmission / distribution,0-25,Flat,0501-1500,Grass,64.074167,-145.59445,TRUE,Human
62.096517,-146.207983,8/6/2024 14:05,0.1,0.3,Power generation / transmission / distribution,0-25,Flat,1501-2500,Mixed Hardwoods,62.097,-146.229,TRUE,Human
63.912833,-141.071167,8/5/2024 16:34,0,0,Undetermined,0-25,South,2501-3500,Black Spruce,63.912833,-141.071167,TRUE,Undetermined
59.6011667,-151.4097222,8/5/2024 12:45,0.1,0.1,Recreation and ceremony,0-25,Flat,0-500,"wood, coal",59.601163,-151.409707,TRUE,Human
62.304317,-150.098233,8/1/2024 17:10,0.1,0,Power generation / transmission / distribution,0-25,Flat,0-500,Duff layer,62.305273,-150.095026,TRUE,Human
66.5561111,-145.1919444,7/31/2024 11:46,0.1,0.1,Debris and open burning,0-25,Flat,0-500,,66.558,-145.189333,TRUE,Human
65.4197778,-143.4731944,7/26/2024 16:02,0,0,Undetermined,0-25,North West,0501-1500,,65.39465,-143.496083,TRUE,Undetermined
64.0583333,-152.97,7/25/2024 15:51,0.1,176.5,Natural,0-25,Flat,1501-2500,,64.058333,-152.97,TRUE,Natural
64.215,-145.780283,7/25/2024 15:12,0,0,Undetermined,0-25,Flat,0501-1500,,64.215,-145.780283,TRUE,Undetermined
63.9453889,-152.6133056,7/25/2024 15:07,0.1,9.3,Natural,0-25,Flat,0501-1500,,63.945,-152.616667,TRUE,Natural
63.9288056,-145.6045,7/25/2024 13:52,0.1,0.5,Firearms and explosives use,0-25,Flat,0501-1500,,63.928811,-145.604508,TRUE,Human
61.369622,-155.209785,7/24/2024 20:16,0.1,123.1,Natural,0-25,Flat,0501-1500,,61.37305,-155.178333,TRUE,Natural
62.6845,-156.4025,7/24/2024 19:29,0.1,3.5,Natural,0-25,Flat,0501-1500,,62.6845,-156.4025,TRUE,Natural
63.2397222,-155.1021944,7/24/2024 18:03,0.1,96.5,Natural,0-25,Flat,0-500,"Tundra, mixed hardwo",63.239717,-155.1022,TRUE,Natural
63.2463889,-155.1703889,7/24/2024 17:18,0.1,47.3,Natural,0-25,Flat,0-500,,63.245283,-155.171083,TRUE,Natural
63.938313,-145.832487,7/24/2024 16:31,0.1,0.1,Firearms and explosives use,0-25,Flat,0501-1500,,63.938313,-145.832487,TRUE,Human
64.47805,-144.351117,7/24/2024 12:49,0,0,Undetermined,0-25,Flat,1501-2500,,64.47805,-144.351117,TRUE,Undetermined
65.196383,-148.161667,7/23/2024 22:03,0.1,0.3,Natural,0-25,Flat,0501-1500,SPRUCE/HARDWOODS,65.196383,-148.161667,TRUE,Natural
66.791383,-145.576667,7/23/2024 19:46,0,0,Undetermined,0-25,Flat,0-500,,66.791383,-145.576667,TRUE,Undetermined
65.0737222,-148.017,7/23/2024 19:16,0.1,0.1,Natural,0-25,Flat,0501-1500,SPRUCE,65.071667,-148.0295,TRUE,Natural
65.3626667,-148.6678611,7/23/2024 18:55,0.1,55.9,Natural,0-25,Flat,0-500,,65.30445,-148.628617,TRUE,Natural
64.8513889,-148.8407778,7/22/2024 18:17,0,0,Undetermined,0-25,Flat,0-500,,64.816817,-148.566583,TRUE,Undetermined
64.35695,-141.41555,7/22/2024 16:33,0.1,4,Natural,0-25,Flat,1501-2500,,64.391117,-141.40195,TRUE,Natural
63.290833,-141.101383,7/22/2024 16:27,0.1,19981.7,Natural,0-25,South West,1501-2500,BLACK SPRUCE/HW,63.290833,-141.101383,TRUE,Natural
62.1498333,-150.089,7/22/2024 14:40,0.1,0.1,,0-25,Flat,0-500,GRASS/ MIXED HARD,62.151667,-150.089667,TRUE,Human
66.764,-145.8654167,7/22/2024 13:51,0.1,1.6,Natural,0-25,Flat,0-500,,66.769,-145.872167,TRUE,Natural
64.8448333,-141.2907222,7/21/2024 21:38,0.1,1740.3,Natural,0-25,Flat,0501-1500,,64.850333,-141.294333,TRUE,Natural
63.499167,-143.471,7/21/2024 16:45,0.1,1,Natural,0-25,East,1501-2500,"timber, slash",63.4235,-142.634333,TRUE,Natural
67.029667,-146.518167,7/21/2024 15:17,0.1,17.5,Recreation and ceremony,0-25,Flat,0501-1500,,67.028333,-146.518617,TRUE,Human
64.9443333,-148.8519445,7/20/2024 18:59,0,0,Undetermined,0-25,Flat,0-500,,64.944333,-148.85195,TRUE,Undetermined
58.67,-156.04,7/19/2024 19:20,0.1,0.1,Undetermined,0-25,Flat,0-500,,58.67,-156.04,TRUE,Human
63.368133,-143.4225,7/19/2024 17:08,0.1,0.1,,0-25,Flat,1501-2500,Slash/Hardwood,63.407,-143.435833,TRUE,Human
65.2426667,-148.9036666,7/19/2024 13:10,0,0,Undetermined,0-25,Flat,0501-1500,,65.242667,-148.903667,TRUE,Undetermined
65.0108333,-141.172,7/19/2024 10:19,0,0,Undetermined,0-25,North,0501-1500,,65.010833,-141.172,TRUE,Undetermined
63.353783,-143.029383,7/19/2024 9:54,0.1,0.1,Recreation and ceremony,0-25,Flat,1501-2500,TUNDRA AND SPRUCE,63.351383,-143.036117,TRUE,Human
63.423568,-142.634271,7/18/2024 15:12,0,0,Undetermined,0-25,Flat,2501-3500,,63.416442,-142.733468,TRUE,Undetermined
60.6937222,-151.2505833,7/18/2024 13:21,0.1,0.1,Other causes,0-25,Flat,0-500,Grass,60.693599,-151.249257,TRUE,Human
64.8128333,-147.6256667,7/17/2024 15:39,0.1,0.1,Firearms and explosives use,0-25,Flat,0-500,,64.812833,-147.625667,TRUE,Human
61.4240555,-148.5065,7/16/2024 10:25,0.1,0.2,Recreation and ceremony,0-25,Flat,0501-1500,Brush/hardwood,61.424,-148.525667,TRUE,Human
63.992333,-143.467667,7/15/2024 10:10,0,0,Undetermined,0-25,Flat,2501-3500,,63.992333,-143.467667,TRUE,Undetermined
62.4603611,-146.6828334,7/14/2024 14:01,0.1,0.1,Debris and open burning,0-25,Flat,1501-2500,Shrubs and timber,62.465399,-146.696479,TRUE,Human
60.5166667,-151.0474444,7/13/2024 16:09,0.1,0.1,Power generation / transmission / distribution,0-25,Flat,0-500,Birch tree,60.516159,-151.045017,TRUE,Human
58.0861389,-135.4685556,7/13/2024 14:09,0.1,0.1,Undetermined,0-25,Flat,0-500,Duff/ Timber,58.086062,-135.468893,TRUE,Human
63.9530278,-146.2849722,7/12/2024 18:24,0.1,0.1,Firearms and explosives use,0-25,Flat,1501-2500,,63.953016,-146.284966,TRUE,Human
64.967217,-149.13055,7/12/2024 17:07,0,0,Undetermined,0-25,Flat,0-500,,64.967217,-149.13055,TRUE,Undetermined
61.4027222,-148.601,7/12/2024 9:10,0.1,0.1,Recreation and ceremony,0-25,Flat,0-500,"grass, black spruce",61.47822,-148.82136,TRUE,Human
59.6011945,-151.4096944,7/11/2024 8:11,0.1,0.1,Recreation and ceremony,0-25,Flat,0-500,Coal,59.6012,-151.4097,TRUE,Human
60.4950833,-151.0606944,7/10/2024 13:47,0.1,0.1,Recreation and ceremony,0-25,West,0-500,Duff,60.494961,-151.061454,TRUE,Human
60.4878889,-150.2631111,7/9/2024 17:18,0.1,0.1,Recreation and ceremony,0-25,North East,0-500,Moss,60.4879,-150.2631,TRUE,Human
63.698833,-144.309667,7/8/2024 18:56,0.1,0.5,Natural,0-25,Flat,0501-1500,Black spruce,63.7,-144.29055,TRUE,Natural
58.372125,-134.726311,7/8/2024 8:47,0.1,0.1,Recreation and ceremony,0-25,Flat,0-500,Duff / Grass,58.373233,-134.727445,TRUE,Human
63.32595,-142.9924,7/7/2024 21:06,0.1,0.1,Smoking,0-25,Flat,1501-2500,Grass,63.32595,-142.9924,TRUE,Human
64.29805,-145.30675,7/6/2024 19:47,0.1,0.2,Natural,0-25,South,1501-2500,Hrdwoods/leaf litter,64.29805,-145.30675,TRUE,Natural
65.3208333,-141.1098333,7/6/2024 16:57,0,0,Undetermined,0-25,Flat,2501-3500,,65.320833,-141.109833,TRUE,Undetermined
60.4456389,-150.1684444,7/6/2024 15:31,0.1,0.1,Recreation and ceremony,0-25,Flat,0-500,"Moss, Black Spruce",48.129434,-103.798828,TRUE,Human
61.006667,-149.083889,7/6/2024 11:47,0.1,0.1,Recreation and ceremony,0-25,Flat,0501-1500,Grass,61.006667,-149.083889,TRUE,Human
64.3456111,-146.84025,7/5/2024 16:27,0,0,Undetermined,0-25,Flat,0501-1500,,64.3456,-146.840233,TRUE,Undetermined
60.7188333,-151.2459167,7/4/2024 3:58,0.1,0.1,Other causes,0-25,Flat,0-500,"Black spruce, moss",60.719281,-151.244596,TRUE,Human
60.3263889,-154.0633333,7/3/2024 19:27,0.1,0.3,Undetermined,0-25,Flat,0-500,Black Spruce/brush,60.32301,-154.06324,TRUE,Human
60.2503333,-151.1945,7/3/2024 18:07,0.1,0.1,Recreation and ceremony,0-25,Flat,0-500,Moss,60.250333,-151.1945,TRUE,Human
60.5043611,-151.1873889,7/3/2024 16:23,0.1,0.1,Misuse of fire by a minor,0-25,Flat,0-500,grass/brush,60.50436,-151.18739,TRUE,Human
65.43945,-141.136117,7/3/2024 11:05,0.1,168,Natural,0-25,Flat,0501-1500,,65.43945,-141.136117,TRUE,Natural
65.0572222,-147.8771945,7/3/2024 9:03,0.1,1.3,Natural,0-25,Flat,0-500,Black spruce/hd wood,65.037167,-147.818833,TRUE,Natural
61.424667,-148.532633,7/2/2024 17:06,0.1,0.1,Recreation and ceremony,0-25,Flat,0-500,"grass, brush",61.471579,-148.509064,TRUE,Human
66,-150.7666667,7/2/2024 15:40,0.1,0.1,Natural,0-25,Flat,0501-1500,,66,-150.766667,TRUE,Natural
55.8990278,-132.9309445,7/2/2024 12:20,0.1,0.1,Debris and open burning,0-25,Flat,0-500,"Hemlock, Spruce, Gra",55.955917,-132.942867,TRUE,Human
67.9936667,-159.9991667,7/2/2024 8:35,0.1,51,Natural,0-25,Flat,1501-2500,,67.993667,-159.999167,TRUE,Natural
68.1868333,-161.2233333,7/2/2024 8:31,0.1,9.3,Natural,0-25,Flat,0501-1500,,68.186833,-161.223333,TRUE,Natural
62.102548,-150.032372,7/2/2024 1:12,0.1,0.2,Other causes,0-25,Flat,0-500,brush grass spruce,62.102447,-150.031818,TRUE,Human
65.25,-157.21,7/1/2024 22:31,0.1,0.1,Natural,0-25,Flat,0-500,,65.25,-157.21,TRUE,Natural
66.2843333,-155.5026667,7/1/2024 21:36,0.1,62.9,Natural,0-25,Flat,0-500,,66.2835,-155.503,TRUE,Natural
65.5126667,-156.1975,7/1/2024 18:50,0.1,19.5,Natural,0-25,Flat,0-500,,62.051833,-163.266333,TRUE,Natural
60.5381389,-150.738,7/1/2024 18:44,0.1,0.1,Debris and open burning,0-25,Flat,0-500,"Moss, Grass, Sticks",60.538811,-150.737581,TRUE,Human
62.0518333,-163.2663333,7/1/2024 17:17,0.1,0.1,Debris and open burning,0-25,Flat,0501-1500,,62.051833,-163.266333,TRUE,Human
66.067167,-157.128833,7/1/2024 15:47,0.1,1583.3,Natural,0-25,Flat,0-500,,66.065924,-157.135005,TRUE,Natural
65.7551944,-146.8857222,6/30/2024 22:13,0.1,0.1,Natural,0-25,Flat,0501-1500,,65.7552,-146.885717,TRUE,Natural
67.397,-148.7611667,6/30/2024 21:10,0.1,29,Natural,0-25,Flat,1501-2500,,67.381883,-148.7722,TRUE,Natural
64.298883,-145.164167,6/30/2024 19:46,0,0,Undetermined,0-25,Flat,0501-1500,,64.298883,-145.164167,TRUE,Undetermined
63.2349722,-142.3267778,6/30/2024 18:27,0,0.1,Undetermined,0-25,Flat,1501-2500,,63.234967,-142.326783,TRUE,Undetermined
66.328667,-145.561033,6/30/2024 18:06,0.1,1.9,Natural,0-25,Flat,0-500,,66.3,-145.75,TRUE,Natural
64.1297222,-146.4396944,6/30/2024 16:38,0.1,0.3,Natural,0-25,Flat,0501-1500,,64.129717,-146.439717,TRUE,Natural
61.570833,-149.32345,6/30/2024 16:19,0.1,0.1,Debris and open burning,0-25,Flat,0-500,,61.569617,-149.323878,TRUE,Human
64.30465,-145.30735,6/30/2024 16:17,0.1,7,Natural,0-25,East,1501-2500,SPRUCE,64.287222,-145.361389,TRUE,Natural
65.5838889,-154.1541667,6/30/2024 14:28,0.1,933.5,Natural,0-25,Flat,1501-2500,,65.583883,-154.154167,TRUE,Natural
60.289,-151.2541111,6/30/2024 14:16,0.1,0.1,Debris and open burning,0-25,Flat,0-500,Grass,60.289,-151.254,TRUE,Human
64.470833,-144.9615,6/30/2024 13:49,0.1,0.1,Natural,0-25,South East,1501-2500,Hardwoods,64.418053,-145.503616,TRUE,Natural
65.9416667,-147.5594445,6/30/2024 13:47,0.1,15380.8,Natural,0-25,Flat,0501-1500,,65.941667,-147.55945,TRUE,Natural
65.53,-141.161,6/30/2024 13:38,0.1,83.7,Natural,0-25,South,1501-2500,,64.53,-141.158883,TRUE,Natural
61.570617,-149.163265,6/30/2024 13:15,0.1,0.1,Misuse of fire by a minor,0-25,Flat,0-500,Mixed Hardwoods,61.570906,-149.163294,TRUE,Human
67.1325,-154.1591667,6/30/2024 12:44,0.1,199,Natural,0-25,South East,1501-2500,,67.123717,-154.146633,TRUE,Natural
63.7523889,-148.9145,6/30/2024 12:17,0.1,436,Railroad operations and maintenance,0-25,Flat,1501-2500,,63.572661,-148.903884,TRUE,Human
64.9186111,-141.7277778,6/30/2024 9:39,0.1,265.6,Natural,0-25,Flat,0501-1500,,64.918617,-141.727783,TRUE,Natural
64.6830556,-146.2758333,6/30/2024 8:08,0.1,283.3,Natural,0-25,Flat,1501-2500,,64.683883,-146.274167,TRUE,Natural
61.510008,-149.949691,6/29/2024 22:08,0.1,0.1,Equipment and vehicle use,0-25,Flat,0-500,"Grass, Brsh, Hrd Wds",61.526445,-149.88714,TRUE,Human
65.7393333,-157.1519445,6/29/2024 17:48,0.1,0.3,Natural,0-25,Flat,0-500,,65.73934,-157.15195,TRUE,Natural
64.795,-150.977,6/29/2024 16:13,0.1,253.4,Natural,0-25,Flat,0501-1500,,64.811111,-150.9975,TRUE,Natural
60.2493611,-151.22225,6/29/2024 14:58,0.1,35.2,Debris and open burning,0-25,Flat,0-500,Black Spruce,60.258835,-151.188296,TRUE,Human
62.102433,-150.03105,6/29/2024 14:40,0.1,159.1,Equipment and vehicle use,0-25,Flat,0-500,,62.102471,-150.032195,TRUE,Human
66.899167,-141.31555,6/29/2024 13:56,0.1,6230.7,Natural,0-25,Flat,1501-2500,,66.899167,-141.31555,TRUE,Natural
65.4,-148.3641111,6/29/2024 13:52,0.1,435.9,Natural,0-25,Flat,0501-1500,,65.396617,-148.368117,TRUE,Natural
60.4872778,-151.0150833,6/29/2024 13:35,0.1,0.1,Debris and open burning,0-25,Flat,0-500,Grass,60.459167,-150.971383,TRUE,Human
67.4411111,-148.7580556,6/29/2024 9:44,0.1,15.6,Natural,0-25,Flat,1501-2500,,67.441897,-148.7017,TRUE,Natural
65.3296111,-148.4465278,6/28/2024 22:23,0.1,4916.2,Natural,0-25,Flat,0501-1500,,65.3675,-148.54005,TRUE,Natural
65.403,-148.1764167,6/28/2024 20:33,0.1,89011,,,,,,65.403005,-148.17641,TRUE,Undetermined
64.9602778,-147.2478056,6/28/2024 17:51,0.1,1,Natural,0-25,West,0501-1500,"spruce, hardwoods",64.983333,-147.2,TRUE,Natural
64.797217,-147.511117,6/28/2024 14:39,0.1,0.1,Equipment and vehicle use,0-25,Flat,0-500,Willow ,64.805726,-147.46988,TRUE,Human
66.22,-151.1416667,6/28/2024 14:09,0.1,844.7,Natural,26-40,South,0501-1500,,66.22,-151.141667,TRUE,Natural
61.407693,-149.138215,6/28/2024 11:00,0.1,0.1,Recreation and ceremony,0-25,Flat,0501-1500,Duff,61.074283,-149.138067,TRUE,Human
66.87,-152.0288333,6/27/2024 20:43,0.1,27.6,Natural,0-25,Flat,0501-1500,,66.87,-152.028833,TRUE,Natural
66.8529167,-152.068,6/27/2024 18:46,0.1,10.2,Natural,0-25,Flat,0501-1500,,66.884167,-151.9,TRUE,Natural
65.8723889,-151.30275,6/27/2024 18:25,0.1,6.1,Natural,0-25,Flat,0501-1500,,65.866667,-151.316667,TRUE,Natural
64.777967,-149.10895,6/27/2024 18:21,0.1,1,Natural,0-25,Flat,0-500,SPRUCE/HARDWOODS,64.778867,-149.190833,TRUE,Natural
60.5655833,-151.1325,6/27/2024 18:21,0.1,0.1,Debris and open burning,0-25,Flat,0-500,Lumber and Slash,60.5604,-151.11285,TRUE,Human
60.5124722,-151.1814167,6/27/2024 18:06,0.1,0.1,Equipment and vehicle use,0-25,Flat,0-500,Grass,60.512349,-151.179464,TRUE,Human
60.5125278,-151.1817222,6/27/2024 17:46,0.1,0.1,Undetermined,0-25,Flat,0-500,Grass,60.512349,-151.179464,TRUE,Human
63.901,-149.7838334,6/27/2024 17:11,0.1,1261.1,Natural,0-25,South East,1501-2500,Black Spruce,63.901,-149.783833,TRUE,Natural
64.691383,-145.18555,6/27/2024 16:58,0,532,Natural,0-25,South West,2501-3500,BLACK SPRUCE,63.901,-149.783833,TRUE,Natural
65.4,-148.2083333,6/27/2024 14:36,0.1,0.1,,0-25,Flat,0501-1500,,65.4,-148.208333,TRUE,Undetermined
63.4338,-142.3305,6/27/2024 14:21,0.1,1157.2,Natural,0-25,Flat,2501-3500,BLACK SPRUCE,64.054913,-141.910845,TRUE,Natural
59.5817222,-150.9473611,6/27/2024 12:34,0,0,Undetermined,0-25,Flat,1501-2500,,59.58172,-150.94736,TRUE,Undetermined
64.666117,-148.73195,6/27/2024 11:06,0.1,0.1,Natural,0-25,Flat,0501-1500,,64.006,-149.2,TRUE,Natural
63.51,-149.45,6/27/2024 10:47,0,0,Undetermined,26-40,North West,4501-5500,,63.51,-149.45,TRUE,Undetermined
66.2545,-158.4226667,6/27/2024 10:28,0.1,1055.1,Natural,0-25,Flat,0-500,,66.255833,-158.425,TRUE,Natural
66.2821667,-158.4793333,6/27/2024 9:57,0,0,Undetermined,0-25,Flat,0-500,,66.282167,-158.479333,TRUE,Undetermined
66.2801667,-158.4833333,6/27/2024 8:57,0.1,832.9,Natural,0-25,Flat,0-500,,66.286833,-158.475,TRUE,Natural
63.3771667,-143.5558611,6/26/2024 21:44,0,0,Undetermined,0-25,Flat,1501-2500,,63.377155,-143.555861,TRUE,Undetermined
63.5210278,-162.2852778,6/26/2024 20:05,0.1,0,,0-25,Flat,0-500,,63.521038,-162.285275,TRUE,Human
64.5413889,-143.2494444,6/26/2024 19:15,0,0,Undetermined,0-25,Flat,3501-4500,,64.538167,-143.248333,TRUE,Undetermined
64.133333,-145.766667,6/26/2024 18:23,0.1,0.1,Debris and open burning,0-25,Flat,0501-1500,"duff, grass",64.143167,-145.7705,TRUE,Human
63.1265833,-156.5021111,6/26/2024 17:59,0.1,0.1,Other causes,0-25,Flat,0501-1500,,63.123333,-156.47,TRUE,Human
63.4495,-143.4046667,6/26/2024 17:43,0.1,0.1,Natural,0-25,Flat,1501-2500,BLK SPRUCE,63.485454,-143.408257,TRUE,Natural
63.88,-150.04,6/26/2024 17:24,0.1,29611.8,Natural,0-25,South West,1501-2500,black spruce/tundra,63.889,-150.062,TRUE,Natural
64.1946944,-147.9808055,6/26/2024 16:20,0.1,6538.3,Natural,0-25,Flat,1501-2500,SPRUCE/ MXD HRDWD,64.194717,-147.980833,TRUE,Natural
64.795,-147.73445,6/26/2024 15:50,0.1,0,Undetermined,0-25,Flat,0-500,GRASS,64.17555,-145.762217,TRUE,Human
61.8778889,-162.0838056,6/26/2024 15:27,0.1,0.1,Debris and open burning,0-25,Flat,0-500,,61.8779,-162.0838,TRUE,Human
64.367018,-145.55338,6/26/2024 15:05,0,0,Undetermined,0-25,Flat,0501-1500,,64.368617,-145.650283,TRUE,Undetermined
66.7716667,-146.4208333,6/26/2024 14:43,0.1,1356.3,Natural,0-25,Flat,0-500,,66.771667,-146.420833,TRUE,Natural
65.2253333,-148.6306667,6/26/2024 12:52,0,0,Undetermined,0-25,Flat,0501-1500,,65.225333,-148.630667,TRUE,Undetermined
63.6958333,-142.4458333,6/26/2024 12:49,0.1,56.4,Natural,0-25,Flat,2501-3500,BS/mixed HW,63.69805,-142.440283,TRUE,Natural
66.800583,-157.0369,6/26/2024 12:10,0.1,8.9,Natural,0-25,Flat,0-500,,66.800583,-157.0369,TRUE,Natural
66.051667,-146.66195,6/26/2024 9:08,0.1,34.9,Natural,0-25,Flat,0501-1500,,65.995,-146.539717,TRUE,Natural
61.93,-158.77,6/26/2024 8:54,0.1,2708.5,Natural,0-25,North East,0501-1500,"Black Spruce, tundra",61.93,-158.77,TRUE,Natural
64.43055,-141.769717,6/26/2024 8:16,0.1,529,Natural,0-25,South East,2501-3500,,64.43055,-141.769717,TRUE,Natural
62.96,-153.91,6/25/2024 22:48,0.1,0.1,Natural,0-25,Flat,0501-1500,Timber,62.96,-153.91,TRUE,Natural
64.6652778,-148.7328055,6/25/2024 19:51,0.1,0.1,Natural,0-25,Flat,0501-1500,SPRUCE/HARDWOODS,64.666367,-148.732083,TRUE,Natural
65.5338889,-146.215,6/25/2024 19:22,0.1,4855.2,Natural,0-25,West,1501-2500,,65.535667,-146.21,TRUE,Natural
61.51009,-148.82855,6/25/2024 18:04,0.1,0.1,Natural,0-25,Flat,0-500,spruce and hardwoods,61.51009,-148.82855,TRUE,Natural
63.377574,-143.357453,6/25/2024 17:54,0,0,Undetermined,0-25,Flat,1501-2500,,63.337667,-143.342333,TRUE,Undetermined
61.34,-156.72,6/25/2024 17:38,0.1,1080.3,Natural,0-25,Flat,0-500,Tundra,61.34,-156.72,TRUE,Natural
65.7739444,-144.0760556,6/25/2024 17:37,0.1,6.8,Natural,0-25,Flat,0501-1500,,65.777,-144.074667,TRUE,Natural
59.71,-161.89,6/25/2024 17:35,0.1,155.8,Debris and open burning,0-25,Flat,0-500,Tundra,59.71,-161.89,TRUE,Human
64.8227778,-147.9416667,6/25/2024 15:17,0.1,0.1,Power generation / transmission / distribution,0-25,East,0501-1500,Black Spruce,64.822783,-147.941667,TRUE,Human
62.92,-153.9,6/25/2024 14:48,0.1,2760.1,Natural,0-25,Flat,0501-1500,Tundra,62.91,-153.89,TRUE,Natural
64.7502222,-141.4015278,6/25/2024 14:40,0.1,0.3,Natural,0-25,North East,2501-3500,,64.737217,-141.370283,TRUE,Natural
63.0297222,-152.2544722,6/25/2024 14:12,0.1,38790.5,Natural,0-25,Flat,1501-2500,,63.029717,-152.25445,TRUE,Natural
65.32,-148.0568889,6/25/2024 14:04,0.1,20162.6,Natural,0-25,East,0501-1500,,65.31555,-148.017217,TRUE,Natural
65.5737778,-144.9106944,6/25/2024 13:39,0.1,121,Natural,0-25,Flat,0501-1500,,65.568167,-145.069,TRUE,Natural
58.6029167,-134.9221667,6/25/2024 11:00,0.1,0.1,Debris and open burning,0-25,Flat,0-500,Grass/Duff,58.60291,-134.922152,TRUE,Human
60.412,-149.29825,6/25/2024 10:50,0.1,0.1,Recreation and ceremony,0-25,South West,0501-1500,Duff/grass,60.416576,-149.254074,TRUE,Human
62.9106111,-149.6339722,6/25/2024 4:36,0.1,1.3,Natural,0-25,Flat,0501-1500,Black Spruce,62.91528,-149.62799,TRUE,Natural
65.2015,-148.629667,6/24/2024 22:11,0.1,24142.2,Natural,0-25,Flat,0501-1500,,65.196667,-148.621667,TRUE,Natural
65.2238333,-148.5073333,6/24/2024 21:30,0.1,26492.6,Natural,0-25,Flat,0-500,,65.223,-148.6365,TRUE,Natural
65.0906,-148.4836,6/24/2024 21:25,0,0,Undetermined,0-25,Flat,0501-1500,,65.0906,-148.4836,TRUE,Undetermined
65.1309722,-148.1235,6/24/2024 20:52,0.1,0.1,Natural,0-25,North East,1501-2500,SPRUCE/HARDWOODS,65.130967,-148.123617,TRUE,Natural
65.0547222,-148.0513611,6/24/2024 20:15,0.1,0.2,Natural,0-25,Flat,0501-1500,SPRUCE/HARDWOODS,64.942851,-148.269138,TRUE,Natural
61.7345278,-156.3766945,6/24/2024 19:48,0.1,10.6,Natural,0-25,Flat,0-500,Timber,61.734333,-156.376667,TRUE,Natural
62.184033,-145.986133,6/24/2024 15:25,0.1,0.3,Natural,0-25,Flat,1501-2500,Black Spruce,62.124928,-146.055161,TRUE,Natural
65.305,-143.1544445,6/24/2024 10:05,0.1,0.1,Other causes,0-25,Flat,0501-1500,,65.3069,-143.14,TRUE,Human
64.73195,-148.356383,6/24/2024 7:54,0.1,0.4,Natural,0-25,Flat,0501-1500,SPRUCE/HARDWOODS,64.703333,-148.343611,TRUE,Natural
64.515,-154.9263611,6/23/2024 20:25,0.1,537.6,Natural,0-25,Flat,0-500,,64.611667,-155.231,TRUE,Natural
64.5696667,-155.7345,6/23/2024 20:19,0.1,28147,Natural,0-25,Flat,0-500,,64.611667,-155.231,TRUE,Natural
64.3952778,-150.5644445,6/23/2024 20:03,0.1,8.4,Natural,0-25,Flat,0501-1500,,64.3945,-150.6744,TRUE,Natural
59.637833,-151.542033,6/23/2024 19:35,0.1,0,Recreation and ceremony,0-25,Flat,0-500,driftwood,59.637833,-151.542033,TRUE,Human
61.7496389,-150.174,6/23/2024 19:00,0.1,1.3,Natural,0-25,Flat,0-500,Black Spruce,61.7547,-150.176667,TRUE,Natural
61.7520278,-150.0520278,6/23/2024 18:26,0.1,0.1,Natural,0-25,Flat,0-500,Mixed Hardwoods,61.751973,-150.051227,TRUE,Natural
60.0065,-151.4880278,6/23/2024 16:22,0.1,0.1,Undetermined,0-25,Flat,0501-1500,Grass,60.006505,-151.488037,TRUE,Human
60.5368334,-150.4615,6/23/2024 16:03,0.1,0.1,Natural,0-25,Flat,0-500,Black Spruce,60.53684,-150.46149,TRUE,Natural
59.352,-156.024333,6/23/2024 15:47,0,0,Undetermined,0-25,Flat,0-500,,59.34,-156.05,TRUE,Undetermined
64.2322222,-146.4409444,6/23/2024 15:27,0.1,0.1,Natural,0-25,Flat,0501-1500,SPRUCE/HARDWOODS,64.23525,-146.42605,TRUE,Natural
66.7916111,-157.4566667,6/23/2024 13:29,0.1,10.7,Natural,0-25,Flat,0-500,,66.788833,-157.4575,TRUE,Natural
65.9712222,-157.2469167,6/23/2024 11:27,0.1,5921.6,Natural,0-25,Flat,0-500,,65.971233,-157.246917,TRUE,Natural
66.7048333,-157.7455,6/22/2024 21:25,0.1,1762,Natural,0-25,Flat,0-500,,66.704833,-157.7455,TRUE,Natural
66.7079444,-157.7318055,6/22/2024 21:23,0.1,47.8,Natural,0-25,Flat,0-500,,66.7065,-157.731667,TRUE,Natural
66.7017778,-157.7770278,6/22/2024 21:21,0.1,15.9,Natural,0-25,Flat,0-500,,66.704167,-157.776833,TRUE,Natural
66.8108333,-157.8033333,6/22/2024 21:18,0.1,3.2,Natural,0-25,Flat,0-500,,66.811167,-157.796333,TRUE,Natural
66.789833,-157.788833,6/22/2024 21:15,0.1,1252.5,Natural,0-25,Flat,0-500,,66.789833,-157.788833,TRUE,Natural
66.7997223,-157.4106667,6/22/2024 21:01,0.1,3,Natural,0-25,Flat,0-500,,66.789833,-157.447833,TRUE,Natural
66.7958334,-157.4283333,6/22/2024 21:00,0.1,248.3,Natural,0-25,Flat,0-500,,66.798167,-157.432333,TRUE,Natural
66.559,-156.5945,6/22/2024 20:33,0.1,166.2,Natural,0-25,Flat,0501-1500,,66.539333,-156.646333,TRUE,Natural
61.6382222,-149.7501111,6/22/2024 19:49,0.1,0.1,Natural,0-25,Flat,0-500,Mxd Hrdwoods,61.636389,-149.733661,TRUE,Natural
63.56,-154.181667,6/22/2024 19:15,0.1,1551.2,Natural,0-25,East,1501-2500,"Spruce, grass",63.5495,-157.146667,TRUE,Natural
66.802333,-157.035167,6/22/2024 18:34,0,0,Undetermined,0-25,Flat,0-500,,66.805833,-156.998833,TRUE,Undetermined
65.885833,-157.269167,6/22/2024 18:25,0,0,Undetermined,0-25,Flat,0-500,,65.973333,-157.238667,TRUE,Undetermined
66.9758333,-157.2233333,6/22/2024 16:46,0,0,Undetermined,0-25,Flat,0-500,,66.975833,-157.223333,TRUE,Undetermined
66.8933333,-159.615,6/22/2024 15:18,0.1,1383.4,Natural,0-25,Flat,0-500,,65.32294,-155.422211,TRUE,Natural
61.567893,-149.870076,6/22/2024 14:26,0.1,0.1,Debris and open burning,0-25,Flat,0-500,Mixed Hardwoods,61.567766,-149.870058,TRUE,Human
63.775,-152.4071945,6/22/2024 13:56,0.1,24881.7,Natural,0-25,Flat,0501-1500,,63.77555,-152.408617,TRUE,Natural
65.3198333,-155.4421667,6/22/2024 11:25,0.1,177.6,Natural,0-25,West,1501-2500,,65.175,-155.865833,TRUE,Natural
58.5966389,-134.9098333,6/21/2024 21:47,0.1,0.1,Recreation and ceremony,0-25,Flat,0-500,Hemlock and Spruce,58.589167,-134.957472,TRUE,Human
62.735267,-156.38645,6/21/2024 20:09,0.1,50.6,Natural,0-25,Flat,0501-1500,"Black Spruce, tundra",62.7385,-156.380833,TRUE,Natural
59.6463055,-151.5255,6/21/2024 18:22,0.1,0.1,Other causes,0-25,Flat,0-500,Grass,59.646586,-151.527906,TRUE,Human
60.5439723,-151.0981667,6/21/2024 18:18,0.1,0.1,Recreation and ceremony,0-25,Flat,0-500,"Grass, shrubs",60.543967,-151.098183,TRUE,Human
62.9478889,-156.6465278,6/21/2024 17:57,0.1,1223,Natural,0-25,South East,0501-1500,Continuous,63.1,-156.425,TRUE,Natural
64.5697222,-147.5483334,6/21/2024 17:37,0.1,2.7,Natural,0-25,Flat,0501-1500,,64.569733,-147.548333,TRUE,Natural
64.5741111,-147.5935,6/21/2024 16:56,0.1,23409.8,Natural,0-25,Flat,0501-1500,,64.590783,-147.5935,TRUE,Natural
63.377155,-143.555861,6/21/2024 15:53,0.1,0.1,Natural,0-25,Flat,1501-2500,Mxd hrdwd / blk sprc,63.377155,-143.555861,TRUE,Natural
65.0166667,-148.1447222,6/21/2024 15:04,0.1,1,Natural,0-25,Flat,0501-1500,Black Spruce,65.006944,-148.117778,TRUE,Natural
61.842367,-157.302583,6/21/2024 14:54,0.1,91.2,Natural,0-25,South East,0501-1500,"Hardwood, spruce",61.841833,-157.300667,TRUE,Natural
64.6458333,-156.2066667,6/21/2024 14:05,0.1,39.5,Natural,0-25,Flat,0-500,,66.0565,-156.485833,TRUE,Natural
63.2596389,-151.8123611,6/21/2024 13:58,0.1,5918.8,Natural,0-25,Flat,1501-2500,,63.2605,-151.809667,TRUE,Natural
66.0565,-156.4858333,6/21/2024 10:58,0.1,102.8,Natural,0-25,Flat,0-500,,66.166667,-156.5,TRUE,Natural
66.7988334,-160.0105,6/20/2024 19:14,0.1,23405.7,Natural,0-25,Flat,0501-1500,,66.8905,-159.506833,TRUE,Natural
64.1755556,-145.7622222,6/20/2024 17:15,0.1,0.1,Natural,0-25,Flat,0501-1500,SPRUCE/ MXD HRDWD,64.1755,-145.762333,TRUE,Natural
64.5425,-150.6277778,6/20/2024 14:09,0.1,2.7,Natural,0-25,Flat,0501-1500,,64.543333,-150.62695,TRUE,Natural
65.3128333,-149.3828333,6/20/2024 13:50,0.1,26.1,Natural,0-25,Flat,1501-2500,,65.352783,-149.15055,TRUE,Natural
67.6075,-151.2,6/20/2024 12:37,0.1,368.6,Natural,0-25,North East,0501-1500,,67.6075,-151.2,TRUE,Natural
64.7296944,-146.4733056,6/20/2024 11:38,0.1,0.1,Natural,0-25,Flat,0501-1500,,64.7297,-146.473319,TRUE,Natural
65.8452778,-147.5894444,6/20/2024 8:19,0.1,13798.5,Natural,0-25,Flat,2501-3500,,65.845283,-147.58945,TRUE,Natural
65.4908611,-142.3175278,6/19/2024 18:02,0.1,22943.6,Natural,0-25,Flat,1501-2500,,65.490867,-142.317533,TRUE,Natural
65.1867222,-142.8885,6/19/2024 16:53,0.1,5,Natural,0-25,Flat,0501-1500,,65.186717,-142.8885,TRUE,Natural
65.476667,-149.049717,6/19/2024 14:58,0.1,17.8,Natural,0-25,Flat,1501-2500,,65.476667,-149.049717,TRUE,Natural
61.3862778,-154.5636389,6/19/2024 11:28,0.1,1006.5,Natural,0-25,Flat,1501-2500,,61.41,-154.54,TRUE,Natural
66.1294444,-141.0791667,6/19/2024 8:07,0.1,50550,Natural,0-25,North West,1501-2500,,66.12945,-141.079167,TRUE,Natural
60.4167778,-151.1357778,6/18/2024 18:13,0.1,0.1,Other causes,0-25,Flat,0-500,"Grass, Brush",60.416293,-151.136341,TRUE,Human
65.4147222,-144.2235833,6/18/2024 17:56,0.1,39.3,Natural,0-25,Flat,0501-1500,,65.525833,-143.902783,TRUE,Natural
64.1404722,-146.4175278,6/18/2024 17:35,0.1,0.8,Natural,0-25,Flat,0501-1500,,65.514833,-149.318833,TRUE,Natural
67.0118333,-157.6011667,6/18/2024 17:01,0.1,11.8,Natural,0-25,Flat,0-500,,67.042,-157.636,TRUE,Natural
67.0755,-157.5491667,6/18/2024 16:55,0.1,27.8,Natural,0-25,Flat,0-500,,66.984833,-157.425833,TRUE,Natural
60.6465278,-151.3446111,6/18/2024 16:29,0.1,0.1,Arson,0-25,Flat,0-500,Grass,60.647783,-151.346989,TRUE,Human
65.5169444,-149.3111111,6/18/2024 16:08,0.1,103.4,Natural,0-25,North West,0501-1500,,65.514833,-149.318833,TRUE,Natural
61.3166667,-161.39,6/18/2024 15:53,0.1,2,Natural,0-25,Flat,0-500,Tundra,61.316667,-161.39,TRUE,Natural
62.42685,-157.981,6/18/2024 12:02,0.1,30.5,Natural,0-25,West,0501-1500,Black Spruce,62.4275,-157.993467,TRUE,Natural
62.9111666,-159.9111666,6/18/2024 11:41,0,0,Undetermined,0-25,Flat,0-500,,62.916667,-159.916667,TRUE,Undetermined
60.16,-160.24,6/18/2024 8:23,0.1,355.4,Natural,0-25,Flat,0501-1500,,60.16,-160.24,TRUE,Natural
62.63,-158.74,6/18/2024 8:15,0.1,4272.6,Natural,0-25,Flat,0-500,Black Spruce,62.63,-158.74,TRUE,Natural
61.019983,-161.1136,6/18/2024 8:13,0.1,72.3,Natural,0-25,Flat,0-500,"Black Spruce, tundra",61.02,-161.12,TRUE,Natural
62.59,-158.28,6/18/2024 8:12,0.1,2293.3,Natural,0-25,Flat,0501-1500,,62.59,-158.28,TRUE,Natural
61.9371111,-157.4235,6/17/2024 23:28,0.1,7990.7,Natural,0-25,Flat,0-500,"Grass, tundra",61.937117,-157.4235,TRUE,Natural
61.8074445,-157.5913333,6/17/2024 23:24,0.1,4430,Natural,0-25,Flat,0501-1500,Black Spruce,61.80745,-157.591333,TRUE,Natural
61.8516111,-157.7705278,6/17/2024 23:22,0.1,127.9,Natural,0-25,North West,0501-1500,Mixed hardwood,61.851617,-157.770533,TRUE,Natural
61.86055,-157.902383,6/17/2024 23:20,0.1,967.2,Natural,0-25,Flat,0-500,,61.86055,-157.902383,TRUE,Natural
63.5146389,-154.7574722,6/17/2024 22:23,0.1,10,Natural,0-25,Flat,0501-1500,,63.511667,-154.754333,TRUE,Natural
63.4686667,-154.7903334,6/17/2024 22:20,0.1,6576.6,Natural,0-25,Flat,0501-1500,Spruce,63.468667,-154.790333,TRUE,Natural
61.700283,-149.269917,6/17/2024 20:15,0.1,0.1,Debris and open burning,0-25,Flat,0501-1500,Grass/Stumps ,61.6999,-149.27012,TRUE,Human
61.8,-156.25,6/17/2024 19:09,0.1,1,Natural,0-25,Flat,0-500,Black Spruce,61.8,-156.25,TRUE,Natural
61.55,-156.31,6/17/2024 19:02,0.1,1000.5,Natural,0-25,Flat,0-500,"Brush, tundra",61.55,-156.31,TRUE,Natural
60.526,-161.096,6/17/2024 18:30,0.1,0.1,Natural,0-25,Flat,0-500,,60.526,-161.096,TRUE,Natural
62.062333,-161.500833,6/17/2024 17:18,0.1,555.5,Natural,0-25,Flat,0-500,,62.061167,-161.494,TRUE,Natural
61.7878056,-158.9679166,6/17/2024 16:17,0.1,1390.3,Natural,0-25,Flat,0501-1500,"Grass, tundra",61.849517,-159.217667,TRUE,Natural
60.908771,-154.930255,6/17/2024 16:16,0.1,5.6,Natural,0-25,Flat,0501-1500,,60.92,-154.92,TRUE,Natural
61.6669,-158.0076,6/17/2024 16:09,0.1,1894,Natural,0-25,East,0501-1500,Tundra,61.6669,-158.0076,TRUE,Natural
61.2201944,-159.0590278,6/17/2024 16:07,0.1,2360.8,Natural,0-25,Flat,0-500,,61.2202,-159.059039,TRUE,Natural
63.1546389,-155.6781667,6/17/2024 14:46,0.1,69.8,Natural,0-25,Flat,0-500,"Black Spruce, tundra",63.0785,-155.792,TRUE,Natural
61.8426111,-150.1016944,6/17/2024 13:11,0.1,0.1,Debris and open burning,0-25,Flat,0-500,Grass/ Hardwoods,61.84242,-150.10246,TRUE,Human
59.4431111,-159.7532222,6/17/2024 12:38,0.1,644.2,Natural,0-25,Flat,0-500,Tundra,59.4431,-159.7532,TRUE,Natural
65.8113889,-145.6077778,6/17/2024 11:57,0.1,412.3,Natural,0-25,Flat,1501-2500,,65.808617,-145.593583,TRUE,Natural
66.1552778,-142.0605,6/17/2024 10:28,0.1,0.1,Natural,0-25,Flat,0501-1500,,66.15055,-142.057217,TRUE,Natural
62.0756944,-145.4159167,6/17/2024 9:38,0.1,0.1,Debris and open burning,0-25,Flat,0501-1500,White Spruce,62.0757,-145.415917,TRUE,Human
58.922333,-155.655167,6/17/2024 8:14,0,0,Undetermined,0-25,Flat,0-500,,58.922333,-155.655167,TRUE,Undetermined
60.8645556,-154.7742778,6/17/2024 8:02,0.1,61.4,Natural,0-25,Flat,0501-1500,"Spruce, tundra",60.87,-154.77,TRUE,Natural
60.4716944,-151.1687222,6/16/2024 21:12,0.1,0.1,Recreation and ceremony,0-25,Flat,0-500,Grass,60.472631,-151.166112,TRUE,Human
64.9033333,-142.1061111,6/16/2024 20:01,0.1,33.1,Natural,0-25,South West,2501-3500,,64.848617,-141.301667,TRUE,Natural
59.0786667,-155.819,6/16/2024 19:59,0.1,39.5,Natural,0-25,Flat,0501-1500,"Moss, spruce, hardwo",59.078667,-155.819,TRUE,Natural
58.562333,-156.1025,6/16/2024 17:56,0.1,25.7,Natural,0-25,Flat,0-500,mixed spruce,58.605,-156.00333,TRUE,Natural
58.8991667,-155.518,6/16/2024 15:50,0.1,4933.9,Natural,0-25,Flat,0501-1500,Tundra,58,-155.079,TRUE,Natural
64.08325,-146.0665,6/16/2024 12:55,0,0,Undetermined,0-25,Flat,0501-1500,,64.083333,-146.066667,TRUE,Undetermined
59.85,-154.5,6/16/2024 12:41,0.1,1.5,Natural,0-25,Flat,0-500,Black Spruce,59.85,-154.5,TRUE,Natural
66.3185,-146.8528334,6/16/2024 8:50,0.1,66.1,Natural,0-25,Flat,0-500,,66.360667,-147.9685,TRUE,Natural
55.7023055,-132.8309167,6/15/2024 18:45,0.1,0.1,Undetermined,0-25,Flat,0-500,Grass,55.7023,-132.830917,TRUE,Human
65.5395,-143.0605,6/15/2024 16:11,0.1,399.2,Natural,0-25,North,1501-2500,,65.538,-143.042833,TRUE,Natural
63.8215,-144.793,6/15/2024 15:35,0,0,Undetermined,0-25,Flat,0501-1500,,63.8215,-144.793,TRUE,Undetermined
62.0763611,-145.4160556,6/15/2024 9:15,0.1,0.1,Debris and open burning,0-25,Flat,0501-1500,Brush,62.07636,-145.41604,TRUE,Human
60.4858,-149.969,6/14/2024 14:39,,233,Human,0-25,Flat,0-500,,60.4858,-149.969,TRUE,Human
60.2835278,-151.2827778,6/14/2024 14:32,0.1,0.1,Debris and open burning,0-25,Flat,0-500,"Grass, Shrubs, Timbe",60.283283,-151.282633,TRUE,Human
59.6838056,-151.4251667,6/13/2024 18:43,0.1,0.1,Other causes,0-25,Flat,0-500,Grass,59.680318,-151.425542,TRUE,Human
67.9158333,-162.1126667,6/13/2024 14:45,0.1,8533.5,Natural,0-25,Flat,0-500,,67.915833,-162.112667,TRUE,Natural
63.2971111,-143.0693611,6/13/2024 14:25,0.1,0.1,Recreation and ceremony,0-25,Flat,1501-2500,,63.297117,-143.069367,TRUE,Human
65.71,-162.47,6/13/2024 14:24,0,0,Undetermined,0-25,Flat,0-500,,65.71,-162.47,TRUE,Undetermined
67.8023333,-162.3708333,6/13/2024 12:07,0.1,6082.6,Natural,0-25,Flat,0-500,,67.781833,-162.4155,TRUE,Natural
60.5702222,-151.1829167,6/13/2024 9:34,0.1,0.1,Undetermined,0-25,Flat,0-500,"Grass, brush",60.569077,-151.174622,TRUE,Human
65.73,-162.48,6/12/2024 12:08,0.1,7688.9,Natural,0-25,Flat,0-500,,65.73,-162.48,TRUE,Natural
63.6793334,-144.1952222,6/11/2024 19:23,0,0,Undetermined,0-25,Flat,0501-1500,,64.682786,-144.06909,TRUE,Undetermined
64.683,-146.562,6/11/2024 16:02,0.1,0.1,Firearms and explosives use,0-25,North West,1501-2500,,66.683013,-146.561998,TRUE,Human
64.8102778,-147.6561111,6/11/2024 14:47,0.1,0.1,Firearms and explosives use,0-25,Flat,0-500,,64.810283,-147.656117,TRUE,Human
66.9708055,-160.1648889,6/11/2024 14:33,0.1,105.2,Debris and open burning,0-25,Flat,0-500,,66.928278,-160.695648,TRUE,Human
63.3224167,-143.0520833,6/10/2024 16:44,0,0,Undetermined,0-25,Flat,1501-2500,,64.313134,-146.480713,TRUE,Undetermined
64.522199,-146.391567,6/9/2024 10:04,0.1,0.1,Power generation / transmission / distribution,0-25,Flat,0501-1500,BLACK SPRUCE,64.56051,-147.035573,TRUE,Human
60.4201111,-151.1506667,6/8/2024 20:43,0.1,0.1,Power generation / transmission / distribution,0-25,Flat,0-500,Grass,60.420753,-151.150133,TRUE,Human
64.0280278,-145.0682778,6/8/2024 17:03,0.1,0.1,,0-25,Flat,0501-1500,,64.028031,-145.068283,TRUE,Human
66.15,-142.17,6/8/2024 14:59,0.1,15963.5,Natural,0-25,Flat,0501-1500,,66.15,-142.17,TRUE,Natural
61.8390555,-145.2293889,6/8/2024 13:40,0.1,0.1,Debris and open burning,0-25,Flat,0501-1500,Grass and brush,61.383456,-145.238909,TRUE,Human
64.3648333,-147.1071667,6/8/2024 13:11,0.1,153729,Natural,0-25,Flat,0501-1500,,64.40688,-147.21692,TRUE,Natural
60.5117778,-151.2523611,6/8/2024 5:51,0.1,0.1,Other causes,0-25,Flat,0-500,Grass/spruce,60.511774,-151.252685,TRUE,Human
65.2903333,-150.9620278,6/7/2024 15:37,0.1,0.5,Natural,0-25,Flat,0501-1500,,65.308,-150.934167,TRUE,Natural
65.130717,-148.2077,6/6/2024 16:47,0,0,Undetermined,0-25,East,1501-2500,,65.130717,-148.2077,TRUE,Undetermined
65.4775,-147.4705,6/6/2024 14:03,0.1,8.3,Natural,0-25,North East,1501-2500,,65.476417,-147.461867,TRUE,Natural
67.023,-158.3,6/6/2024 12:33,0,0,Undetermined,0-25,Flat,0-500,,67.023,-158.3,TRUE,Undetermined
59.6386111,-151.5449445,6/6/2024 10:39,0.1,0.1,Recreation and ceremony,0-25,Flat,0-500,Driftwood,59.6386,-151.5449,TRUE,Human
64.7400556,-148.18475,6/5/2024 17:17,0.1,0.9,Natural,0-25,Flat,0-500,Black Spruce,64.74005,-148.18475,TRUE,Natural
66.517265,-147.520297,6/5/2024 16:56,0.1,4,Natural,0-25,Flat,0501-1500,1,66.32384,-147.01238,TRUE,Natural
60.5779444,-151.1098611,6/4/2024 20:16,0.1,0.1,Firearms and explosives use,0-25,Flat,0-500,Grass/slash,60.567204,-151.122419,TRUE,Human
63.9511944,-146.2918889,6/4/2024 20:14,0.1,0.1,Firearms and explosives use,0-25,Flat,1501-2500,,63.941667,-146.283333,TRUE,Human
64.009,-146.3068333,6/4/2024 20:10,0.1,0.1,Firearms and explosives use,0-25,Flat,1501-2500,,64,-146.316667,TRUE,Human
65.08575,-147.7317777,6/4/2024 16:10,0.1,0.1,Recreation and ceremony,0-25,Flat,0501-1500,Grass,65.085564,-147.725337,TRUE,Human
64.2223611,-149.6887222,6/3/2024 9:23,0,0,Undetermined,0-25,Flat,0501-1500,,64.222357,-149.688721,TRUE,Undetermined
60.5591667,-151.2079722,6/3/2024 1:22,0.1,0.1,Other causes,0-25,Flat,0-500,"Grass, torched Tree",60.559081,-151.208116,TRUE,Human
60.5239722,-150.8461944,6/2/2024 18:18,0.1,0.1,Equipment and vehicle use,0-25,Flat,0-500,Grass,60.523848,-150.845755,TRUE,Human
59.7673611,-151.1371667,6/1/2024 19:50,0.1,0.1,Recreation and ceremony,0-25,South East,0-500,driftwood/coal,59.7796,-151,TRUE,Human
59.6366667,-151.5384445,6/1/2024 11:20,0.1,0.1,Recreation and ceremony,0-25,Flat,0-500,Driftwood,59.636667,-151.538433,TRUE,Human
62.088833,-163.7575,5/31/2024 22:17,0.1,17.3,Debris and open burning,0-25,Flat,0-500,,62.11119,-163.753967,TRUE,Human
61.9791944,-146.9712222,5/31/2024 17:33,0.1,0.1,Debris and open burning,0-25,Flat,2501-3500,Grass,61.979,-146.58,TRUE,Human
61.9851945,-146.9801944,5/31/2024 14:40,0.1,0.1,Equipment and vehicle use,0-25,Flat,2501-3500,Grass,61.98262,-146.9756,TRUE,Human
59.7820278,-151.5688889,5/30/2024 23:47,0.1,0.1,Recreation and ceremony,0-25,Flat,0501-1500,"Grass, Slash",59.78087,-151.570473,TRUE,Human
61.485767,-148.905114,5/29/2024 15:23,0.1,0.1,Equipment and vehicle use,0-25,Flat,0-500,brush and hardwoods,61.485227,-148.900746,TRUE,Human
63.328618,-142.993872,5/29/2024 11:31,0.1,0.1,Human,0-25,Flat,1501-2500,Slash,63.328618,-142.993872,TRUE,Human
60.3767,-151.304433,5/28/2024 15:06,0.1,0.3,Misuse of fire by a minor,0-25,Flat,0-500,"Grass, brush",60.377611,-151.302281,TRUE,Human
59.8236944,-151.8269167,5/27/2024 19:50,0.1,0.1,Equipment and vehicle use,0-25,Flat,0-500,Hardwoods,59.831111,-151.822222,TRUE,Human
64.197533,-145.832583,5/27/2024 15:02,0.1,0.3,Other causes,0-25,Flat,0501-1500,Mxd hrdwd/blk sprc,64.197533,-145.832583,TRUE,Human
62.335,-162.0176667,5/26/2024 14:06,0,0,Undetermined,0-25,Flat,0-500,,62.335,-162.017667,TRUE,Undetermined
62.35,-162.04,5/26/2024 8:14,0.1,1840.7,Undetermined,0-25,Flat,0-500,,62.35,-162.04,TRUE,Human
60.407683,-149.36155,5/26/2024 1:00,0.1,0.1,Equipment and vehicle use,0-25,Flat,0501-1500,spruce/hrdwd/tundra,60.407683,-149.36155,TRUE,Human
64.792967,-148.193583,5/25/2024 12:20,0.1,0.1,Undetermined,0-25,South East,1501-2500,Moss,64.712431,-148.563051,TRUE,Human
58.6395555,-134.9540278,5/25/2024 6:02,0,0,Undetermined,0-25,Flat,0-500,,58.639546,-134.954036,TRUE,Undetermined
61.4334444,-142.9211389,5/24/2024 19:10,0.1,0.1,Debris and open burning,0-25,Flat,0501-1500,Debris,61.439918,-142.856678,TRUE,Human
63.348771,-143.254972,5/24/2024 16:34,0.1,0.1,,0-25,Flat,1501-2500,DEBRIS,63,-143,TRUE,Human
64.7089444,-146.4428611,5/23/2024 17:14,0.1,0.1,Firearms and explosives use,0-25,Flat,0501-1500,,64,-146,TRUE,Human
64.911033,-148.3102,5/22/2024 18:48,0.1,0.3,Other causes,0-25,Flat,1501-2500,BLACK SPRUCE,64.910986,-148.309448,TRUE,Human
63.9273889,-148.6651666,5/21/2024 19:07,0.1,140.2,Natural,26-40,South,1501-2500,"Grass, Spruce",63.919483,-148.708183,TRUE,Natural
63.936074,-145.392046,5/21/2024 17:55,0.1,0,Equipment and vehicle use,0-25,Flat,0501-1500,Grass and Brush,63.225546,-142.240004,TRUE,Human
60.458517,-151.12615,5/21/2024 16:17,0.1,0,Debris and open burning,0-25,Flat,0-500,"Grass, Heavy Timber",60.458567,-151.12615,TRUE,Human
59.3563055,-135.9185556,5/21/2024 13:28,0.1,0.1,Other causes,0-25,Flat,0-500,Cabin,59.358641,-135.930019,TRUE,Human
64.938336,-147.952902,5/21/2024 12:53,0.1,0.3,Equipment and vehicle use,0-25,East,0501-1500,Grass / Leaf litter,64.938369,-147.951071,TRUE,Human
64.8043611,-147.5445278,5/21/2024 3:11,0.1,0.1,Recreation and ceremony,0-25,Flat,0-500,Black Spruce,64.804347,-147.54452,TRUE,Human
63.311418,-142.600136,5/20/2024 23:23,0.1,0.1,Equipment and vehicle use,0-25,Flat,1501-2500,GRASS,63.311418,-142.600136,TRUE,Human
61.5302778,-149.8868333,5/20/2024 15:21,0.1,0.1,Debris and open burning,0-25,Flat,0-500,Grass,61.530336,-149.886633,TRUE,Human
61.6143056,-149.25875,5/20/2024 12:45,0.1,0.1,Power generation / transmission / distribution,0-25,Flat,0-500,Grass,61.614041,-149.259586,TRUE,Human
61.9139166,-150.0713889,5/19/2024 16:49,0.1,0.3,Debris and open burning,0-25,Flat,0-500,Grass/ Brush,61.913458,-150.070764,TRUE,Human
63.9835556,-146.3639722,5/19/2024 16:21,0.1,302.5,Firearms and explosives use,0-25,Flat,1501-2500,,63.983567,-146.36395,TRUE,Human
64.81265,-147.411117,5/19/2024 10:50,0.1,0.1,Debris and open burning,0-25,Flat,0-500,"grass, leaf litter",64.81296,-147.413062,TRUE,Human
61.731933,-148.932283,5/18/2024 14:25,0.1,0.1,Firearms and explosives use,0-25,South,0501-1500,Grass ,61.731833,-148.932,TRUE,Human
61.63325,-149.7071389,5/17/2024 23:12,0.1,0.1,Equipment and vehicle use,0-25,Flat,0-500,"grass, spruce",61.63335,-149.706583,TRUE,Human
63.2831667,-142.7185,5/16/2024 21:46,0.1,180.7,Undetermined,0-25,Flat,1501-2500,Grass,63.1679,-142.43616,TRUE,Human
65.1338333,-147.6416667,5/16/2024 21:17,0.1,0.1,Debris and open burning,0-25,South West,1501-2500,Brush,66.383333,-147.637667,TRUE,Human
63.9534167,-146.2858611,5/16/2024 20:34,0.1,0.1,Firearms and explosives use,0-25,Flat,1501-2500,,63.953415,-146.285854,TRUE,Human
61.79221,-148.53899,5/15/2024 13:12,0.1,0.7,Debris and open burning,0-25,Flat,0501-1500,Grass,61.779312,-148.57648,TRUE,Human
61.667867,-144.70645,5/15/2024 12:57,0.1,0,Human,0-25,Flat,0501-1500,,61.667867,-144.70645,TRUE,Human
59.6285278,-151.4846667,5/15/2024 12:52,0.1,0.1,Equipment and vehicle use,0-25,Flat,0-500,Grass,59.62,-151.454722,TRUE,Human
65.02818,-141.2458,5/15/2024 10:55,0.1,0.1,Natural,26-40,East,1501-2500,,65.02818,-141.2458,TRUE,Natural
65.0973333,-141.6392222,5/15/2024 10:39,0.1,1,Natural,0-25,South East,1501-2500,,65.02818,-141.2465,TRUE,Natural
61.562333,-148.9315,5/15/2024 8:27,0.1,0.1,Human,0-25,Flat,0-500,,61.562333,-148.9315,TRUE,Human
64.699,-146.582,5/14/2024 20:37,0.1,0.1,Firearms and explosives use,0-25,Flat,0501-1500,,64.69905,-146.582067,TRUE,Human
64.0579444,-145.52675,5/14/2024 15:02,0.1,0.1,Debris and open burning,0-25,Flat,0501-1500,Slash,64.065168,-145.523132,TRUE,Human
61.6525,-149.488333,5/14/2024 10:30,0.1,0,Human,0-25,Flat,0-500,,61.6525,-149.488333,TRUE,Human
63.9218334,-148.8508334,5/12/2024 21:53,0.1,3953.9,Natural,0-25,North East,1501-2500,Grass,63.928526,-148.847497,TRUE,Natural
64.12695,-145.793033,5/12/2024 20:00,0.1,0.5,Recreation and ceremony,0-25,Flat,0501-1500,Grass,64.599456,-147.059265,TRUE,Human
61.559861,-149.255528,5/12/2024 17:40,0.1,0.2,Equipment and vehicle use,0-25,Flat,0-500,GRASS,61.56055,-149.2575,TRUE,Human
64.76055,-148.10555,5/12/2024 14:16,0.1,0.9,Debris and open burning,0-25,Flat,0501-1500,GRASS,64.76055,-148.10555,TRUE,Human
62.982,-141.9595833,5/11/2024 17:30,0.1,0.1,Recreation and ceremony,0-25,Flat,1501-2500,Driftwood,62.978617,-141.95695,TRUE,Human
64.2552778,-146.1033889,5/11/2024 17:27,0.1,0.1,,0-25,Flat,0501-1500,,64.255287,-146.103401,TRUE,Human
62.9786111,-141.9569444,5/11/2024 17:07,0.1,0.1,Recreation and ceremony,0-25,Flat,1501-2500,Driftwood,62.985414,-141.961212,TRUE,Human
61.6286945,-149.02225,5/10/2024 16:02,0.1,0.1,Debris and open burning,0-25,Flat,0501-1500,Grass,61.617342,-149.027055,TRUE,Human
60.6038334,-151.3251667,5/8/2024 20:24,0.1,0.1,Debris and open burning,0-25,Flat,0-500,"Garbage, ",60.70688,-151.263636,TRUE,Human
64.7056944,-156.7319722,5/8/2024 17:07,0.1,0.5,Debris and open burning,0-25,Flat,0-500,,64.7,-156.73,TRUE,Human
60.5469445,-150.8554722,5/8/2024 14:45,0.1,0.1,Debris and open burning,0-25,Flat,0-500,Slash & Grass,60.5469,-150.8553,TRUE,Human
61.5536389,-149.0691389,5/7/2024 15:50,0.1,1.4,Debris and open burning,0-25,Flat,0-500,Grass,61.552991,-149.069845,TRUE,Human
60.4693889,-151.1147222,5/5/2024 14:06,0.1,0.1,Recreation and ceremony,0-25,Flat,0-500,Grass-lawn,60.46954,-151.114344,TRUE,Human
64.827635,-147.734817,5/5/2024 12:51,0.1,0.1,Equipment and vehicle use,0-25,Flat,0-500,GRASS,64.829332,-147.736342,TRUE,Human
61.6408333,-149.5225,5/5/2024 12:11,0.1,0.1,Debris and open burning,0-25,Flat,0-500,Grass/ Brush ,61.6409,-149.522157,TRUE,Human
61.43025,-149.7757222,5/4/2024 19:16,0.1,0.3,Debris and open burning,0-25,East,0-500,Grass,61.4307,-149.775733,TRUE,Human
61.6363055,-149.5435556,5/4/2024 15:17,0.1,0.2,Debris and open burning,0-25,Flat,0-500,Grass,61.636485,-149.543142,TRUE,Human
59.9694722,-141.6654444,5/4/2024 12:29,0.1,226.5,Debris and open burning,0-25,Flat,0-500,Jackstraw / Timber,59.969476,-141.66544,TRUE,Human
64.6621944,-148.9873056,5/3/2024 18:50,0.1,1,Smoking,0-25,Flat,0-500,Grass,64.667783,-148.937217,TRUE,Human
63.6955,-148.8533334,5/3/2024 17:31,0,0,Undetermined,0-25,Flat,1501-2500,,63.6955,-148.853333,TRUE,Undetermined
59.5509445,-139.6851944,5/3/2024 15:53,0.1,0.1,Debris and open burning,0-25,Flat,0-500,Short Timber/Grass,59.55094,-139.6852,TRUE,Human
61.580917,-149.380467,5/2/2024 11:43,0.1,0.1,Debris and open burning,0-25,Flat,0-500,Grass,61.581182,-149.380008,TRUE,Human
64.559833,-149.0757,5/1/2024 18:30,0.1,0.1,Debris and open burning,0-25,Flat,0-500,"GRASS, BIRCH",64.56042,-149.07375,TRUE,Human
61.5576667,-149.7466667,5/1/2024 15:44,0.1,0.1,Debris and open burning,0-25,Flat,0-500,0.1,61.563085,-149.735237,TRUE,Human
64.870717,-147.820167,4/30/2024 15:47,0.1,0.1,Debris and open burning,0-25,Flat,0-500,BRUSH,64.871052,-147.819793,TRUE,Human
61.5355278,-149.6087778,4/29/2024 20:48,0.1,0.1,Debris and open burning,0-25,Flat,0-500,Grass,61.53556,-149.608483,TRUE,Human
64.906385,-147.748092,4/29/2024 18:47,0.1,0.1,Power generation / transmission / distribution,0-25,Flat,0501-1500,GRASS,63.226666,-142.285979,TRUE,Human
61.5964166,-149.3938333,4/29/2024 16:04,0.1,0.1,Debris and open burning,0-25,Flat,0-500,grass / leaves,61.596481,-149.39404,TRUE,Human
61.5893611,-149.03825,4/29/2024 13:55,0.1,0.8,Undetermined,0-25,Flat,0-500,brush grass spruce,61.590425,-149.036948,TRUE,Human
61.5960278,-149.4823056,4/29/2024 13:03,0.1,0.1,Debris and open burning,0-25,Flat,0-500,grass/ hardwoods ,61.596041,-149.482523,TRUE,Human
64.881968,-147.796544,4/27/2024 19:52,0.1,0.1,Debris and open burning,0-25,Flat,0501-1500,,64.881968,-147.796544,TRUE,Human
64.8958333,-147.6586666,4/27/2024 18:04,0.1,0.1,Power generation / transmission / distribution,0-25,Flat,0501-1500,Grass,64.895588,-147.659706,TRUE,Human
59.6841111,-151.4279444,4/27/2024 15:51,0.1,0.1,Firearms and explosives use,0-25,South East,0501-1500,Grass,59.684225,-151.426923,TRUE,Human
61.585333,-148.996333,4/27/2024 11:09,0.1,0.1,Debris and open burning,0-25,Flat,0-500,brush hardwood,61.585528,-148.996367,TRUE,Human
64.8909722,-147.8291944,4/26/2024 16:22,0.1,0.1,Smoking,0-25,Flat,0501-1500,Grass/Brush,64.892373,-147.829714,TRUE,Human
63.8954,-145.311717,4/26/2024 10:15,,833,Human,0-25,Flat,0501-1500,,63.8954,-145.311717,TRUE,Human
65.124883,-147.584633,4/25/2024 17:27,0.1,0.1,Other causes,0-25,Flat,1501-2500,grass,65.124883,-147.584633,TRUE,Human
64.887033,-147.6275,4/25/2024 15:06,0.1,0.1,Debris and open burning,0-25,Flat,0501-1500,"grass, white spruce",64.850997,-147.695628,TRUE,Human
63.9521111,-146.2871944,4/24/2024 20:24,0.1,6,Firearms and explosives use,0-25,Flat,1501-2500,,63.95212,-146.2872,TRUE,Human
64.49705,-146.968575,4/24/2024 11:20,0.1,0.5,Debris and open burning,0-25,Flat,0501-1500,Grass/Brush,64.49705,-146.96175,TRUE,Human
61.5615,-149.451667,4/23/2024 17:39,0.1,0.4,Debris and open burning,0-25,Flat,0-500,grass and brush ,61.561873,-149.45236,TRUE,Human
64.7455,-148.077217,4/23/2024 10:14,0.1,1,Equipment and vehicle use,0-25,Flat,0-500,BLACK SPRUCE,64.745556,-148.076944,TRUE,Human
59.6388889,-151.4785,4/22/2024 11:43,0.1,0.1,Recreation and ceremony,0-25,Flat,0-500,Driftwood,64.51,-146.4,TRUE,Human
60.5525,-151.2766111,4/21/2024 12:03,0.1,0.1,Recreation and ceremony,0-25,Flat,0-500,Driftwood,60.553364,-151.27714,TRUE,Human
63.8498055,-145.9285,4/19/2024 19:47,0.1,0.1,Firearms and explosives use,0-25,Flat,1501-2500,,62.99994,-144.999,TRUE,Human
63.8480555,-145.9301111,4/19/2024 18:52,0.1,0.4,Firearms and explosives use,0-25,Flat,1501-2500,,63.84807,-145.9301,TRUE,Human
63.8450555,-145.9248056,4/19/2024 17:12,0.1,0.4,Firearms and explosives use,0-25,Flat,1501-2500,,63.84506,-145.9248,TRUE,Human
63.8473333,-145.9303889,4/19/2024 14:48,0.1,0.2,Firearms and explosives use,0-25,Flat,1501-2500,,62.99995,-145.9304,TRUE,Human
63.8755,-145.9586111,4/17/2024 23:18,0.1,4.7,Firearms and explosives use,0-25,Flat,1501-2500,,63.87288,-145.9483,TRUE,Human
63.86175,-145.8881944,4/15/2024 17:35,0.1,5,Firearms and explosives use,0-25,Flat,1501-2500,,63.86174,-145.8882,TRUE,Human
59.79025,-151.0929167,4/15/2024 14:56,0.1,0.1,Other causes,0-25,Flat,0501-1500,"Grass, Stumps",0,-151.0926,TRUE,Human
64.866053,-147.734914,4/15/2024 13:11,,32,Human,0-25,Flat,0-500,,64.866053,-147.734914,TRUE,Human
63.8599445,-145.8895,4/14/2024 19:43,0.1,0.1,Firearms and explosives use,0-25,Flat,1501-2500,,63.85993,-145.8895,TRUE,Human
63.92673,-145.5987,4/13/2024 17:14,0.1,0.1,Firearms and explosives use,0-25,Flat,0501-1500,,63.92673,-145.5987,TRUE,Human
63.9273,-145.5977,4/12/2024 17:24,0.1,0.3,Firearms and explosives use,0-25,Flat,0501-1500,,63.9273,-145.5977,TRUE,Human
62.958899,-141.898314,4/10/2024 20:39,0.1,0.1,Debris and open burning,0-25,Flat,1501-2500,Debris,63.049822,-141.868342,TRUE,Human
63.92311,-145.5939,4/8/2024 18:57,0.1,2.3,Firearms and explosives use,0-25,Flat,0501-1500,,63.92314,-145.593,TRUE,Human
63.93025,-145.5991944,4/4/2024 20:28,0.1,0.1,Firearms and explosives use,0-25,Flat,0501-1500,,63.93025,-145.5992,TRUE,Human
63.9308334,-145.5988055,4/4/2024 17:43,0.1,0.1,Firearms and explosives use,0-25,Flat,0501-1500,,63.93083,-145.5988,TRUE,Human
63.9138611,-145.5948055,4/4/2024 16:04,0.1,2.5,Firearms and explosives use,0-25,Flat,0501-1500,,63.91386,-145.5948,TRUE,Human
63.9148055,-145.6083056,4/4/2024 11:55,0.1,0.1,Firearms and explosives use,0-25,Flat,0501-1500,,63.91481,-145.6083,TRUE,Human
64.70676,-146.6044,4/1/2024 9:02,0.1,13942.5,Human,0-25,West,0501-1500,,64.70676,-146.6044,TRUE,Human
64.0071667,-146.3023056,4/1/2024 8:58,0.1,15100.5,Human,0-25,Flat,1501-2500,,64.00716,-146.3023,TRUE,Human
64.80226,-147.6122,4/1/2024 8:55,0.1,2028.3,Human,0-25,Flat,0-500,,64.80226,-147.6122,TRUE,Human
64.7659167,-147.083,4/1/2024 8:53,0.1,228.3,Human,0-25,Flat,0501-1500,,64.76592,-147.083,TRUE,Human
64.69945,-146.978617,4/1/2024 8:48,0.1,280.9,Human,0-25,Flat,0501-1500,,64.69925,-146.9802,TRUE,Human
63.9868333,-145.6726111,4/1/2024 8:40,0.1,1264,Human,0-25,Flat,0501-1500,,63.98684,-145.6726,TRUE,Human
63.86224,-145.9018,4/1/2024 8:37,0.1,3753.5,Human,0-25,Flat,1501-2500,,63.86224,-145.9018,TRUE,Human
63.986667,-145.74695,4/1/2024 8:30,0.1,174.1,Human,0-25,Flat,0501-1500,,63.9873,-145.7484,TRUE,Human
60.52898,-150.80458,3/30/2024 9:33,0.1,0.1,Debris and open burning,0-25,Flat,0-500,Slash/brush,60.527782,-150.798769,TRUE,Human
63.72356,-148.9548,3/28/2024 17:23,0,4,Human,0-25,Flat,1501-2500,,63.72356,-148.9548,TRUE,Human
63.73336,-148.9174,3/28/2024 17:22,0.1,2.3,Human,0-25,Flat,1501-2500,,63.73336,-148.9174,TRUE,Human
64.045405,-145.741984,3/28/2024 10:49,0.1,0.1,Recreation and ceremony,0-25,Flat,0501-1500,Hardwood,64.045403,-145.737759,TRUE,Human
65.19853,-141.7856,3/27/2024 13:48,0.1,1.5,Human,0-25,Flat,0501-1500,,65.19971,-141.7884,TRUE,Human
63.73375,-148.8958055,3/26/2024 15:13,0.1,2,Human,0-25,Flat,1501-2500,,63.73376,-148.8958,TRUE,Human
60.483817,-149.93815,3/12/2024 9:43,0.1,28,Human,0-25,Flat,0-500,,60.4858,-149.969,TRUE,Human
61.3817,-142.882083,10/23/2023 11:11,10,24,Prescribed,Unknown,Unknown,Unknown,Unknown,61.3817,-142.882083,TRUE,Human
64.953333,-147.853883,10/4/2023 13:05,0,0.1,Prescribed,0-25,E,501-1500,Unknown,64.953333,-147.853883,TRUE,Human
62.9216667,-141.6125,9/29/2023 13:27,0.1,0.1,,0-25,SE,1501-2500,Black Spruce,62.939667,-141.591833,TRUE,Human
60.927,-149.3608333,9/17/2023 13:44,0.1,0.1,Campfire,0-25,NW,0-500,Grass,60.927,-149.360833,TRUE,Human
60.0495833,-151.2660278,9/15/2023 7:59,0.1,0.2,Miscellaneous,0-25,SW,501-1500,Grass,60.049583,-151.266017,TRUE,Human
63.37275,-143.350483,9/13/2023 8:18,1,1,Prescribed,0-25,W,1501-2500,Unknown,63.37275,-143.350483,TRUE,Human
55.7965556,-133.0324722,9/12/2023 15:02,0.1,0.1,,Unknown,Unknown,Unknown,Unknown,55.79655,-133.032467,TRUE,Human
66.046,-145.9708055,9/6/2023 10:44,2,2,Lightning,0-25,Flat,0501-1500,,66.04599,-145.9708,TRUE,Natural
60.4585278,-151.0978889,9/5/2023 12:08,0.1,0.1,Miscellaneous,0-25,SW,0-500,Dead White Spruce,60.458517,-151.0979,TRUE,Human
64.0538611,-145.3873889,9/1/2023 16:31,0.1,0.1,Campfire,0-25,NW,501-1500,Grass,64.08945,-145.55695,TRUE,Human
60.3632222,-151.1980278,9/1/2023 15:09,0.1,0.1,Miscellaneous,0-25,SE,0-500,Hardwoods,60.363217,-151.198033,TRUE,Human
60.3948333,-151.1661111,9/1/2023 12:50,0.1,0.1,Miscellaneous,0-25,N,0-500,Grass,60.394843,-151.166103,TRUE,Human
64.06995,-145.736833,8/31/2023 15:27,0.1,0.1,Miscellaneous,0-25,E,501-1500,Black Spruce,64.06995,-145.736833,TRUE,Human
64.10091,-145.76095,8/30/2023 7:39,0.1,0.1,Miscellaneous,0-25,NW,501-1500,Live White Spruce,64.10091,-145.76095,TRUE,Human
65.532,-148.0296944,8/29/2023 15:53,0.5,0.5,Lightning,0-25,Flat,0501-1500,,65.53201,-148.0297,TRUE,Natural
64.34575,-149.1838889,8/28/2023 14:12,0.1,0.1,Campfire,0-25,SE,501-1500,Unknown,64.345737,-149.183888,TRUE,Human
64.691167,-145.646333,8/27/2023 16:06,1,1,Lightning,0-25,S,2501-3500,Black Spruce,64.691167,-145.646333,TRUE,Natural
64.1506389,-142.1513056,8/27/2023 14:23,0.1,0.1,Lightning,0-25,South,2501-3500,,64.165667,-142.1515,TRUE,Natural
64.0616667,-145.4788333,8/26/2023 23:37,0.1,0.1,Miscellaneous,0-25,W,501-1500,Grass,64.061667,-145.478833,TRUE,Human
64.06925,-145.6821667,8/26/2023 23:18,0.1,0.1,Miscellaneous,0-25,NE,501-1500,Black Spruce,64.0646,-145.66681,TRUE,Human
64.0616667,-145.4788333,8/26/2023 22:43,0.1,0.1,Miscellaneous,0-25,W,501-1500,Live White Spruce,64.061667,-145.478833,TRUE,Human
64.0675278,-145.5622778,8/26/2023 20:55,0.1,0.1,Miscellaneous,0-25,N,501-1500,Black Spruce,64.067517,-145.562283,TRUE,Human
63.3473889,-142.987,8/26/2023 20:38,0.1,0.1,Miscellaneous,0-25,N,1501-2500,Black Spruce,63.347383,-142.986983,TRUE,Human
63.3456667,-143.0372778,8/26/2023 19:14,0.1,0.1,Miscellaneous,0-25,NW,1501-2500,Black Spruce,63.345667,-143.037283,TRUE,Human
63.3296389,-142.9961389,8/26/2023 18:11,0.1,0.1,Miscellaneous,0-25,W,1501-2500,Black Spruce,63.32965,-142.996133,TRUE,Human
63.32975,-142.9728055,8/26/2023 17:59,0.1,0.1,Miscellaneous,0-25,NE,1501-2500,Black Spruce,63.32974,-142.97281,TRUE,Human
63.3296111,-143.0560278,8/26/2023 17:50,0.1,0.1,Miscellaneous,0-25,N,1501-2500,Black Spruce,63.329617,-143.056033,TRUE,Human
63.3276667,-143.0681667,8/26/2023 17:08,0.1,0.1,Miscellaneous,0-25,N,1501-2500,Black Spruce,63.327667,-143.068183,TRUE,Human
63.3377778,-143.0708056,8/26/2023 17:02,0.1,0.1,Miscellaneous,0-25,NW,1501-2500,Black Spruce,63.337783,-143.0708,TRUE,Human
63.3477222,-143.0683056,8/26/2023 16:21,0.1,0.1,Miscellaneous,0-25,NE,1501-2500,Black Spruce,63.34773,-143.06831,TRUE,Human
57.807,-152.3623333,8/25/2023 16:05,0.1,0.1,Incendiary,0-25,N,0-500,Unknown,57.807,-152.362333,TRUE,Human
60.5655,-151.2857778,8/24/2023 10:03,0.1,0.1,Miscellaneous,0-25,SE,0-500,Black Spruce,60.6655,-151.285767,TRUE,Human
60.5461945,-151.07,8/20/2023 8:24,0.1,0.1,Miscellaneous,0-25,Flat,Unknown,Grass,60.546167,-151.0698,TRUE,Human
60.2557222,-151.2251667,8/19/2023 21:30,0.1,0.1,Campfire,0-25,E,0-500,Other,60.255717,-151.225167,TRUE,Human
60.4997,-149.68,8/18/2023 16:59,58,58,Prescribed,Unknown,Unknown,Unknown,Unknown,60.4065,-149.374083,TRUE,Human
66.4220278,-149.4213055,8/17/2023 16:41,0.5,0.5,Lightning,0-25,Flat,0501-1500,,66.42202,-149.4213,TRUE,Natural
65.8194167,-146.5386111,8/17/2023 14:16,2,4.9,Lightning,26-40,South,0501-1500,,65.82117,-146.5368,TRUE,Natural
63.3434722,-143.013,8/16/2023 10:31,0.1,0.2,Miscellaneous,0-25,NW,1501-2500,Black Spruce,63.343483,-143.012983,TRUE,Human
60.4899722,-149.7932778,8/15/2023 10:33,0.1,0.1,,Unknown,Unknown,Unknown,Unknown,60.489967,-149.793284,TRUE,Human
61.6892778,-149.7175277,8/15/2023 10:06,0.1,0.1,Campfire,0-25,Flat,501-1500,Mixed (Hardwoods/Softwoods),61.7,-149.72,TRUE,Human
65.5706111,-142.1611111,8/14/2023 13:33,4,4.9,Lightning,0-25,Flat,1501-2500,,65.56846,-142.1628,TRUE,Natural
65.4083333,-143.0715,8/14/2023 13:26,0.1,0.1,Lightning,0-25,Flat,0501-1500,,65.40492,-143.0669,TRUE,Natural
65.2293056,-148.914,8/13/2023 14:36,0.5,1.5,Lightning,0-25,Flat,0501-1500,,65.22931,-148.914,TRUE,Natural
66.6856944,-150.9226945,8/12/2023 15:11,0.1,143.5,Lightning,0-25,Flat,0501-1500,Brush,66.68248,-150.9083,TRUE,Natural
61.4603889,-145.1217778,8/11/2023 11:23,0.1,0.1,Equipment,0-25,E,501-1500,Mixed (Hardwoods/Softwoods),61.661947,-145.182608,TRUE,Human
66.6061111,-142.3025,8/11/2023 11:05,0.1,12.2,Lightning,0-25,Flat,0501-1500,,66.61378,-142.3136,TRUE,Natural
61.7705,-145.6895,8/8/2023 11:50,0.1,0.1,Lightning,26-40,E,1501-2500,Other,61.76144,-145.700378,TRUE,Natural
66.5277778,-141.9193889,8/8/2023 7:31,0.1,232.8,Lightning,0-25,Flat,0501-1500,,66.52824,-141.9176,TRUE,Natural
60.4518333,-151.101,8/7/2023 17:40,0.1,0.1,Miscellaneous,0-25,S,0-500,Black Spruce,60.451833,-151.101,TRUE,Human
65.4874444,-141.8063056,8/7/2023 10:06,0.1,16.5,Lightning,0-25,Flat,0501-1500,,65.48661,-141.8085,TRUE,Natural
63.5166667,-151.3163056,8/6/2023 18:11,0,0,,0-25,East,1501-2500,,63.54099,-151.0186,TRUE,False Alarm
64.1210833,-141.6726945,8/6/2023 17:00,1,1036.5,Lightning,0-25,Flat,1501-2500,,64.11879,-141.6731,TRUE,Natural
64.0682778,-150.2471111,8/6/2023 15:44,10,200.6,Lightning,0-25,Flat,0501-1500,,64.06828,-150.2471,TRUE,Natural
64.1716389,-141.1981111,8/6/2023 14:05,1,4.2,Lightning,0-25,South,2501-3500,,64.15997,-141.1996,TRUE,Natural
67.4081389,-146.3533055,8/6/2023 7:52,0.1,8.9,Lightning,0-25,South East,1501-2500,,67.40716,-146.349,TRUE,Natural
66.8706667,-144.9015,8/5/2023 20:06,0.1,27,Lightning,0-25,Flat,0-500,,66.87552,-144.9083,TRUE,Natural
66.8298056,-146.9821944,8/5/2023 7:56,0.1,9.3,Lightning,0-25,Flat,0501-1500,,66.81793,-146.9777,TRUE,Natural
63.3366667,-142.2686111,8/4/2023 19:17,5,85,Lightning,0-25,SW,2501-3500,Mixed (Hardwoods/Softwoods),63.336867,-142.267383,TRUE,Natural
65.6861944,-148.1451111,8/4/2023 16:45,0.5,2.5,Lightning,0-25,Flat,1501-2500,,65.69378,-148.1549,TRUE,Natural
64.8485555,-147.9492778,8/4/2023 12:53,0.1,0.1,Investigated but cause Undetermined,0-25,E,501-1500,Mixed (Hardwoods/Softwoods),64.850233,-147.948417,TRUE,Human
65.8833333,-147.5995,8/4/2023 9:32,0,0,,0-25,Flat,1501-2500,,65.88332,-147.5995,TRUE,False Alarm
65.3145278,-141.1553889,8/4/2023 8:05,0.1,1199.3,Lightning,26-40,South East,2501-3500,,65.31452,-141.1554,TRUE,Natural
64.824795,-145.075577,8/3/2023 18:41,100,653,Lightning,0-25,S,1501-2500,Black Spruce,64.8235,-145.077,TRUE,Natural
62.4951667,-145.991,8/3/2023 15:40,5,5,Lightning,0-25,E,1501-2500,Black Spruce,62.495167,-145.991,TRUE,Natural
61.8211111,-145.215,8/3/2023 15:13,0.1,0.1,Equipment,0-25,S,501-1500,Mixed (Hardwoods/Softwoods),61.821117,-145.215,TRUE,Human
63.25515,-142.3515,8/3/2023 14:38,0.1,0.8,Lightning,0-25,SW,1501-2500,Mixed (Hardwoods/Softwoods),63.256967,-142.35145,TRUE,Natural
66.3686111,-142.6111111,8/3/2023 14:32,0.1,1890.1,Lightning,0-25,Flat,0501-1500,,66.36996,-142.6195,TRUE,Natural
66.0812222,-146.6496111,8/3/2023 12:48,0.1,30.7,Lightning,0-25,Flat,0501-1500,,66.09044,-146.6628,TRUE,Natural
64.1154167,-141.1311944,8/3/2023 12:46,0.1,1403.3,Lightning,0-25,East,2501-3500,B. Spruce,64.11542,-141.1312,TRUE,Natural
68.1540278,-147.7406111,8/3/2023 8:13,0.1,0.1,Lightning,0-25,Flat,2501-3500,,68.15403,-147.7406,TRUE,Natural
64.8593611,-148.7094722,8/2/2023 21:12,5,0.5,Lightning,0-25,NW,501-1500,Mixed (Hardwoods/Softwoods),64.85935,-148.709467,TRUE,Natural
64.878,-151.3366111,8/2/2023 18:03,0,0,,0-25,West,0501-1500,,64.878,-151.3366,TRUE,False Alarm
64.448,-149.256167,8/2/2023 14:20,0.1,3786.2,Lightning,0-25,W,0-500,Hardwoods,64.448,-149.256167,TRUE,Natural
65.2933056,-148.7161944,8/2/2023 11:28,0,0,Lightning,0-25,Flat,0-500,,65.29331,-148.7162,TRUE,Natural
65.3675833,-144.6325833,8/1/2023 20:07,0.1,0.4,Lightning,0-25,Flat,2501-3500,,65.36996,-144.6294,TRUE,Natural
64.7742778,-148.2591389,8/1/2023 18:25,0.1,0.1,Equipment,0-25,E,501-1500,Grass,64.774283,-148.259133,TRUE,Human
65.0138889,-148.195,8/1/2023 16:44,0.1,1.3,Lightning,0-25,NW,501-1500,Mixed (Hardwoods/Softwoods),65.013867,-148.195117,TRUE,Natural
66.8783056,-146.4293889,8/1/2023 15:28,0.1,5.2,Lightning,0-25,Flat,0-500,,66.8783,-146.4294,TRUE,Natural
64.93661,-151.0699,8/1/2023 15:07,0.1,0.1,Campfire,0-25,Flat,0-500,,64.93578,-151.0699,TRUE,Human
66.8316389,-146.711,7/31/2023 18:35,0.1,6,Lightning,0-25,Flat,0501-1500,,66.88331,-146.5993,TRUE,Natural
64.473183,-149.196633,7/31/2023 18:24,0.1,0.1,Lightning,0-25,SW,0-500,Live White Spruce,64.473183,-149.196633,TRUE,Natural
65.5021667,-147.7831944,7/31/2023 17:23,0,0,,0-25,Flat,1501-2500,,65.51331,-147.7827,TRUE,False Alarm
64.942183,-144.36335,7/30/2023 23:26,0.1,0.1,Lightning,0-25,NE,2501-3500,Mixed (Hardwoods/Softwoods),64.942183,-144.36335,TRUE,Natural
62.4323333,-146.4605278,7/30/2023 16:01,0.1,2.7,Lightning,Unknown,Flat,2501-3500,Black Spruce,62.43664,-146.4599,TRUE,Natural
64.3401,-149.141917,7/30/2023 13:56,0.1,0.1,Lightning,0-25,N,501-1500,Black Spruce,64.3401,-149.141917,TRUE,Natural
64.9573055,-148.2353889,7/30/2023 11:56,0.1,0.1,Lightning,0-25,S,1501-2500,Grass,64.95731,-148.23538,TRUE,Natural
66.7641111,-142.4624167,7/30/2023 9:00,0.1,3318.8,Lightning,0-25,South,1501-2500,,66.76411,-142.4624,TRUE,Natural
64.3521667,-145.4126667,7/29/2023 20:45,0.1,41.6,Lightning,0-25,NE,1501-2500,Black Spruce,64.352133,-145.410667,TRUE,Natural
64.639167,-146.169,7/29/2023 19:44,0.2,0.1,Lightning,0-25,SW,1501-2500,Grass,64.639167,-146.169,TRUE,Natural
66.9499722,-146.0195,7/29/2023 16:51,0,0,,0-25,Flat,0-500,,66.94998,-146.0195,TRUE,False Alarm
66.3999722,-146.7995,7/29/2023 16:50,0.5,0.4,Lightning,0-25,Flat,0-500,,66.39998,-146.7995,TRUE,Natural
67.4038611,-141.2366944,7/29/2023 14:39,0.1,157.3,Lightning,0-25,Flat,0501-1500,,67.39996,-141.2395,TRUE,Natural
65.1903056,-145.0016111,7/29/2023 12:56,0.1,76,Lightning,0-25,Flat,2501-3500,,65.18998,-145.0096,TRUE,Natural
64.2719445,-149.4219444,7/29/2023 9:46,0.1,0.1, ,0-25,Flat,0501-1500,,64.2822222,-149.4205555,TRUE,
63.94495,-146.034,7/29/2023 8:50,0.1,17107.8,Lightning,0-25,Flat,0501-1500,,63.93999,-146.0197,TRUE,Natural
63.5505556,-143.9083333,7/28/2023 18:55,0.1,0.5,Lightning,0-25,E,1501-2500,Mixed (Hardwoods/Softwoods),63.55055,-143.908333,TRUE,Natural
64.1452222,-149.2814167,7/28/2023 16:58,0.2,0.2,Lightning,0-25,W,501-1500,Black Spruce,64.14535,-148.282483,TRUE,Natural
65.29275,-148.831,7/28/2023 16:02,5,5.8,Lightning,0-25,Flat,1501-2500,,65.28999,-148.8196,TRUE,Natural
63.7386111,-145.12,7/28/2023 15:58,0.1,6720,Lightning,0-25,W,1501-2500,Mixed (Hardwoods/Softwoods),63.635,-146.49805,TRUE,Natural
64.169101,-149.333761,7/28/2023 15:03,100,0.1,Lightning,0-25,S,1501-2500,Black Spruce,64.169533,-149.335633,TRUE,Natural
65.162222,-147.746389,7/28/2023 14:59,0.3,9316,Lightning,0-25,NE,1501-2500,Mixed (Hardwoods/Softwoods),65.16225,-147.7464,TRUE,Natural
63.5473334,-143.6322778,7/28/2023 14:29,1,1.5,Lightning,0-25,N,1501-2500,Black Spruce,63.547333,-143.632283,TRUE,Natural
62.9458333,-143.3594444,7/28/2023 13:51,0.1,0.2,Lightning,0-25,N,1501-2500,Black Spruce,62.941667,-143.370833,TRUE,Natural
64.47596,-147.6338,7/28/2023 12:45,0.1,5.4,Lightning,0-25,Flat,0501-1500,,64.48998,-147.6496,TRUE,Natural
66.9299722,-145.9893056,7/28/2023 8:11,0.1,125,Lightning,0-25,Flat,0-500,,66.92997,-145.9893,TRUE,Natural
66.3866667,-146.9255834,7/28/2023 7:56,0.1,164.8,Lightning,0-25,Flat,0-500,,66.38998,-146.9193,TRUE,Natural
64.410404,-146.647601,7/27/2023 23:18,0.5,39.3,Lightning,0-25,E,501-1500,Mixed (Hardwoods/Softwoods),64.4105,-146.648333,TRUE,Natural
64.321883,-149.627967,7/27/2023 21:46,0.1,0.1,Lightning,0-25,SE,501-1500,Grass,64.321883,-149.627967,TRUE,Natural
64.312667,-149.620417,7/27/2023 21:41,0.1,0.2,Lightning,0-25,E,501-1500,Dead White Spruce,64.312667,-149.620417,TRUE,Natural
64.048217,-149.67195,7/27/2023 21:28,0.1,33893.4,Lightning,0-25,S,1501-2500,Black Spruce,64.048217,-149.67195,TRUE,Natural
64.0461,-149.59835,7/27/2023 21:19,250,1409.8,Lightning,0-25,SW,501-1500,Black Spruce,64.0461,-149.59835,TRUE,Natural
64.151,-149.5085,7/27/2023 21:09,0.1,7603.3,Lightning,0-25,SW,1501-2500,Black Spruce,64.151,-149.5085,TRUE,Natural
65.4099445,-148.72,7/27/2023 21:08,0.1,5,Lightning,0-25,Flat,0-500,,65.40993,-148.72,TRUE,Natural
65.5332778,-145.7166944,7/27/2023 20:27,0.1,0.1,Lightning,0-25,South West,1501-2500,,65.53327,-145.7167,TRUE,Natural
64.54125,-143.2506111,7/27/2023 16:50,15,60,Lightning,0-25,Flat,3501-4500,,64.55521,-143.2536,TRUE,Natural
64.5111389,-144.47425,7/27/2023 16:33,5,2,Lightning,0-25,SE,1501-2500,Black Spruce,64.511133,-144.47425,TRUE,Natural
64.048,-149.6655,7/27/2023 16:17,5,9,Lightning,0-25,SE,1501-2500,Black Spruce,64.048,-149.6655,TRUE,Natural
64.814417,-148.3208,7/27/2023 15:58,1,8.7,Lightning,0-25,NW,501-1500,Live White Spruce,64.80485,-148.2292,TRUE,Natural
63.9983611,-150.1065,7/27/2023 14:16,0.1,53288.9,Lightning,0-25,Flat,0501-1500,,63.99982,-150.1094,TRUE,Natural
67.8399444,-141.3099167,7/27/2023 13:52,0.1,169.8,Lightning,0-25,Flat,1501-2500,,67.83993,-141.3099,TRUE,Natural
63.9190278,-141.2,7/27/2023 13:45,1,1,Lightning,0-25,NE,2501-3500,Mixed (Hardwoods/Softwoods),63.919017,-141.2,TRUE,Natural
64.5044722,-141.4096111,7/27/2023 12:43,0.1,39.8,Lightning,0-25,South East,2501-3500,,64.49992,-141.3299,TRUE,Natural
65.5475556,-145.6733056,7/27/2023 12:16,0.1,26.5,Lightning,0-25,North,2501-3500,,65.54993,-145.6699,TRUE,Natural
65.1861944,-150.8709167,7/27/2023 11:51,0.1,1.3,Lightning,0-25,Flat,1501-2500,,65.186202,-150.870904,TRUE,Natural
64.0378333,-145.5061667,7/27/2023 11:39,0.1,0.2,Lightning,0-25,NE,501-1500,Black Spruce,64.037833,-145.506167,TRUE,Natural
65.171936,-150.9251,7/27/2023 11:39,0.1,1.1,Lightning,0-25,Flat,1501-2500,,65.16994,-150.9199,TRUE,Natural
64.986389,-147.954444,7/27/2023 9:01,20,16.9,Lightning,0-25,NW,501-1500,Mixed (Hardwoods/Softwoods),64.99604,-148.01744,TRUE,Natural
65.6185,-146.1192778,7/27/2023 7:57,0.1,1860.2,Lightning,0-25,North West,1501-2500,BS/Tundra,65.62839,-146.1365,TRUE,Natural
64.0970278,-145.76475,7/26/2023 23:37,0.1,0.1,Miscellaneous,0-25,W,3501-4500,Black Spruce,65.092767,-145.758883,TRUE,Human
65.024233,-147.7831,7/26/2023 19:12,0.2,0.2,Lightning,0-25,NW,501-1500,Black Spruce,65.024233,-147.7831,TRUE,Natural
66.4688889,-149.4538333,7/26/2023 18:22,0,30,,0-25,Flat,1501-2500,,66.48994,-149.3997,TRUE,False Alarm
65.2533056,-145.9991945,7/26/2023 17:19,4,845.7,Lightning,0-25,Flat,1501-2500,,65.25331,-145.9992,TRUE,Natural
66.6862778,-149.3731945,7/26/2023 17:16,1,904.9,Lightning,0-25,Flat,0501-1500,,66.69996,-149.3984,TRUE,Natural
63.7544444,-144.1272222,7/26/2023 16:08,10,129.7,Lightning,0-25,W,1501-2500,Mixed (Hardwoods/Softwoods),63.751533,-144.125633,TRUE,Natural
65.8968889,-151.8441111,7/26/2023 15:59,6,2.9,Lightning,0-25,Flat,2501-3500,,65.89516,-151.849,TRUE,Natural
65.4926944,-142.3193056,7/26/2023 15:13,0.1,241.6,Lightning,0-25,Flat,1501-2500,,65.48992,-142.3097,TRUE,Natural
64.6133889,-146.1898056,7/26/2023 14:46,0.1,74.3,Lightning,0-25,Flat,0501-1500,,64.6022,-146.2172,TRUE,Natural
65.5671111,-150.3278889,7/26/2023 11:19,2,2.2,Lightning,0-25,Flat,0501-1500,,65.56882,-150.3198,TRUE,Natural
65.044444,-147.772222,7/26/2023 10:40,0.1,33.6,Lightning,0-25,S,501-1500,Mixed (Hardwoods/Softwoods),65.039433,-147.777167,TRUE,Natural
66.6844167,-156.8066945,7/26/2023 10:32,0.1,17.3,Lightning,0-25,Flat,0-500,,66.67994,-156.8097,TRUE,Natural
66.6925278,-156.7823889,7/26/2023 10:29,0.1,47.5,Lightning,0-25,Flat,0-500,,66.69,-156.78,TRUE,Natural
64.5204722,-144.8534167,7/26/2023 9:12,30,168.4,Lightning,0-25,SW,1501-2500,Grass,64.520333,-144.855333,TRUE,Natural
64.5036111,-144.9388889,7/26/2023 9:05,30,506.2,Lightning,0-25,W,1501-2500,Mixed (Hardwoods/Softwoods),64.504,-144.942,TRUE,Natural
64.413333,-149.37,7/26/2023 0:02,0.1,8858,Lightning,0-25,NW,0-500,Dead White Spruce,64.398617,-149.222217,TRUE,Natural
65.071,-147.8761945,7/25/2023 21:33,4,2,Lightning,0-25,NW,501-1500,Mixed (Hardwoods/Softwoods),64.07195,-147.8814,TRUE,Natural
64.4463889,-144.9313889,7/25/2023 20:58,1,0.2,Lightning,0-25,NE,1501-2500,Black Spruce,64.45345,-144.90427,TRUE,Natural
66.4387778,-155.8028056,7/25/2023 20:32,0.1,22.8,Lightning,0-25,Flat,0-500,,66.43897,-155.80321,TRUE,Natural
64.971767,-147.79955,7/25/2023 20:31,0.1,0.2,Lightning,0-25,SW,501-1500,Hardwoods,65.03735,-147.698333,TRUE,Natural
64.905,-147.251483,7/25/2023 19:26,0.1,0.1,Lightning,0-25,S,501-1500,Black Spruce,65.905283,-147.25,TRUE,Natural
65.8161389,-147.8383055,7/25/2023 18:46,2,137.8,Lightning,0-25,Flat,1501-2500,,65.81614,-147.8383,TRUE,Natural
65.0161389,-150.2749167,7/25/2023 18:38,0,0,,0-25,Flat,0-500,,65.211,-150.2051,TRUE,False Alarm
66.41,-155.8896944,7/25/2023 17:27,0.1,119.4,Lightning,0-25,Flat,0-500,,66.41,-155.8897,TRUE,Natural
66.41,-156.4596944,7/25/2023 17:20,0,,,0-25,South,1501-2500,,66.41,-156.4597,TRUE,False Alarm
63.7351667,-154.0543889,7/25/2023 16:20,100,51.5,Lightning,0-25,Flat,0501-1500,,63.73516,-154.0544,TRUE,Natural
66.88,-151.5597,7/25/2023 15:47,0.1,0.1,Lightning,0-25,Flat,0501-1500,,66.88,-151.5597,TRUE,Natural
64.5155833,-152.4288889,7/25/2023 15:36,4,66.7,Lightning,0-25,Flat,0501-1500,,64.51382,-152.4233,TRUE,Natural
64.5849444,-151.3560833,7/25/2023 15:20,2,3.7,Lightning,0-25,Flat,0501-1500,,64.58849,-151.3539,TRUE,Natural
66.2899167,-153.0296944,7/25/2023 15:16,0.1,57,Lightning,0-25,Flat,0501-1500,,66.28992,-153.0297,TRUE,Natural
65.8708889,-151.9364167,7/25/2023 15:03,0.1,210,Lightning,0-25,Flat,1501-2500,tundra/brush,65.87,-151.9396,TRUE,Natural
65.3675278,-145.7375,7/25/2023 14:56,6,95.5,Lightning,0-25,South West,1501-2500,,65.36898,-145.75,TRUE,Natural
65.6463333,-152.4648055,7/25/2023 14:52,0.1,160,Lightning,0-25,Flat,0501-1500,,65.6485,-152.4662,TRUE,Natural
66.4310833,-156.3126945,7/25/2023 14:52,0,,,0-25,East,0501-1500,Tundra/Tussock tun.,66.43108,-156.3127,TRUE,False Alarm
66.2511111,-155.4927222,7/25/2023 14:26,0,,,0-25,Flat,0-500,Black Spruce,66.2511,-155.4927,TRUE,False Alarm
66.2511111,-155.5527222,7/25/2023 14:24,0,,,0-25,Flat,0-500,Black Spruce,66.2511,-155.5527,TRUE,False Alarm
65.3531667,-147.8803889,7/25/2023 14:05,20,1841.9,Lightning,0-25,Flat,1501-2500,,65.35132,-147.8908,TRUE,Natural
64.6046389,-146.1146389,7/25/2023 12:32,0.1,68.1,Lightning,0-25,E,501-1500,Black Spruce,64.599217,-146.118767,TRUE,Natural
65.1515833,-145.4473056,7/25/2023 12:27,30,13.9,Lightning,0-25,Flat,1501-2500,Tundra/B.Spruce,65.15347,-145.4518,TRUE,Natural
64.8551389,-150.4873889,7/25/2023 12:22,10,340.6,Lightning,0-25,Flat,0-500,,64.85,-150.483,TRUE,Natural
66.717,-156.8256111,7/25/2023 10:34,0.1,310.2,Lightning,0-25,Flat,0-500,tundra/tussock tundr,66.70001,-156.9663,TRUE,Natural
64.3275,-152.586,7/25/2023 9:25,0.1,585.3,Lightning,0-25,Flat,0501-1500,,64.32749,-152.586,TRUE,Natural
65.3905555,-156.6713056,7/25/2023 9:21,0.1,8.1,Lightning,0-25,Flat,0-500,,65.39362,-156.6733,TRUE,Natural
64.0211667,-154.5858055,7/25/2023 9:17,0.1,191.3,Lightning,0-25,Flat,0-500,,64.02117,-154.5858,TRUE,Natural
65.1890556,-154.2010833,7/25/2023 9:03,0.1,58.5,Lightning,26-40,North,1501-2500,,65.1895,-154.2052,TRUE,Natural
64.0799444,-146.4,7/25/2023 8:55,0.1,57227.4,Lightning,0-25,Flat,0501-1500,,64.076383,-146.400283,TRUE,Natural
66.38673,-152.9267,7/25/2023 8:12,0.1,164.7,Lightning,0-25,Flat,0-500,,66.3964,-152.9415,TRUE,Natural
64.6937222,-147.0253056,7/24/2023 21:15,0.1,0.2,Lightning,0-25,Flat,0501-1500,,64.69735,-147.0163,TRUE,Natural
66.71,-156.9596944,7/24/2023 21:00,0.1,1803.4,Lightning,0-25,Flat,0-500,,66.78334,-156.9996,TRUE,Natural
64.35975,-145.7761111,7/24/2023 20:49,3,54,Lightning,0-25,E,1501-2500,Black Spruce,64.357833,-145.782333,TRUE,Natural
67.5406111,-162.5138056,7/24/2023 20:40,0.1,12.2,Lightning,0-25,Flat,0-500,,67.55002,-162.5662,TRUE,Natural
64.3698333,-145.764,7/24/2023 20:37,2,2,Lightning,0-25,NE,1501-2500,Black Spruce,64.369833,-145.764,TRUE,Natural
64.4052778,-145.6161111,7/24/2023 20:24,0.1,54,Lightning,0-25,E,1501-2500,Hardwoods,64.4045,-145.615667,TRUE,Natural
65.7800833,-151.3067778,7/24/2023 19:58,0.1,1.1,Lightning,0-25,North,1501-2500,Tundra,65.77991,-151.31,TRUE,Natural
64.514833,-144.8485,7/24/2023 19:56,12,9,Lightning,0-25,NE,1501-2500,Hardwoods,64.514833,-144.8485,TRUE,Natural
65.7819444,-151.2969167,7/24/2023 19:45,1,0.8,Lightning,0-25,Flat,1501-2500,,65.78991,-151.3,TRUE,Natural
65.8080278,-151.3409167,7/24/2023 19:12,0.3,0.3,Lightning,0-25,Flat,2501-3500,,65.79991,-151.42,TRUE,Natural
64.2738056,-144.9560555,7/24/2023 19:10,5,889.1,Lightning,0-25,E,1501-2500,Hardwoods,64.2736,-144.95305,TRUE,Natural
65.7998334,-151.4166944,7/24/2023 18:29,0.1,138.1,Lightning,0-25,North East,1501-2500,Tundra,65.79991,-151.42,TRUE,Natural
65.3826667,-151.5738056,7/24/2023 18:17,150,133.6,Lightning,0-25,South East,1501-2500,,65.38313,-151.5792,TRUE,Natural
64.85101,-146.95401,7/24/2023 18:13,0.1,0.1,Lightning,0-25,S,501-1500,Unknown,64.85101,-146.95401,TRUE,Natural
65.1898056,-151.1923056,7/24/2023 17:35,20,1640,Lightning,0-25,Flat,1501-2500,,65.18713,-151.1598,TRUE,Natural
65.2758056,-150.4675,7/24/2023 17:18,40,402.9,Lightning,0-25,Flat,2501-3500,,65.2758,-150.4675,TRUE,Natural
65.3077778,-150.2033056,7/24/2023 17:11,6,3.2,Lightning,26-40,East,2501-3500,,65.30547,-150.2027,TRUE,Natural
64.499722,-146.377222,7/24/2023 17:03,50,13792,Lightning,0-25,W,501-1500,Mixed (Hardwoods/Softwoods),64.499817,-146.3773,TRUE,Natural
65.2843889,-149.3085833,7/24/2023 16:55,4,12.3,Lightning,0-25,Flat,1501-2500,,65.28246,-149.305,TRUE,Natural
65.4561944,-151.9161111,7/24/2023 16:48,1,6.5,Lightning,0-25,Flat,0501-1500,,65.44988,-150.9997,TRUE,Natural
65.4065278,-146.9565,7/24/2023 16:43,0.1,22.3,Lightning,0-25,Flat,1501-2500,,65.39993,-146.9696,TRUE,Natural
64.4741667,-152.4798889,7/24/2023 16:24,0.1,410.9,Lightning,0-25,Flat,0501-1500,,64.46993,-152.4696,TRUE,Natural
65.139921,-151.1284,7/24/2023 16:16,0.1,0.9,Lightning,0-25,North East,0501-1500,,65.14947,-151.0905,TRUE,Natural
64.367167,-145.756167,7/24/2023 16:10,6,4963.2,Lightning,0-25,W,501-1500,Hardwoods,64.28005,-145.938833,TRUE,Natural
65.0399444,-156.1496111,7/24/2023 16:10,0.1,63.1,Lightning,0-25,Flat,0501-1500,,65.03995,-156.1496,TRUE,Natural
65.1722778,-151.443,7/24/2023 15:54,0,0,,0-25,East,0501-1500,,65.17227,-151.443,TRUE,False Alarm
64.28,-145.9388889,7/24/2023 15:33,150,48792.1,Lightning,0-25,SE,501-1500,Grass,64.320036,-146.0988,TRUE,Natural
65.3823056,-149.8346944,7/24/2023 15:19,0,0,,0-25,South East,2501-3500,,65.35409,-149.8029,TRUE,False Alarm
65.77875,-151.377,7/24/2023 15:05,0.1,10.6,Lightning,0-25,Flat,2501-3500,,65.77876,-151.377,TRUE,Natural
65.41925,-142.6625,7/24/2023 15:03,0.1,76.2,Lightning,0-25,Flat,1501-2500,B. Spruce/HW,65.41991,-142.6596,TRUE,Natural
63.8335278,-144.3978333,7/24/2023 14:45,0.1,0.5,Lightning,0-25,NW,501-1500,Hardwoods,63.8335,-144.3945,TRUE,Natural
65.0148056,-146.18475,7/23/2023 18:59,0.1,0.1,Lightning,0-25,S,1501-2500,Hardwoods,65.024167,-146.22945,TRUE,Natural
64.8405555,-147.7711111,7/22/2023 15:29,0.1,0.1,Campfire,0-25,NE,0-500,Hardwoods,64.84055,-147.771117,TRUE,Human
61.6008889,-149.0158333,7/22/2023 14:11,0.1,0.1,Miscellaneous,0-25,W,0-500,Grass,61.600883,-149.015837,TRUE,Human
60.3109722,-151.2126667,7/19/2023 17:11,0.1,0.1,Miscellaneous,0-25,Flat,Unknown,Black Spruce,60.310967,-151.212667,TRUE,Human
61.78775,-145.1480833,7/16/2023 12:47,0.1,0.1,Debris Burning,0-25,SE,501-1500,Black Spruce,61.78775,-145.148067,TRUE,Human
64.857933,-147.811933,7/14/2023 18:00,0.1,0.1,Debris Burning,0-25,SE,0-500,Grass,64.857933,-147.811933,TRUE,Human
65.1239722,-150.3988889,7/13/2023 12:52,0,0,,0-25,Flat,0-500,,52.95977,-153.9769,TRUE,False Alarm
60.7341667,-151.2506667,7/13/2023 11:38,0.1,0.1,Miscellaneous,0-25,W,0-500,Grass,60.734167,-151.250667,TRUE,Human
59.2949444,-135.4190833,7/13/2023 11:09,0.1,0.1,,Unknown,Unknown,Unknown,Unknown,59.3,-135.43,TRUE,Human
64.0481111,-145.5549722,7/11/2023 18:12,0.1,0.2,Children <12 yoa,0-25,NE,501-1500,Mixed (Hardwoods/Softwoods),64.052217,-145.552217,TRUE,Human
58.3721389,-134.7262777,7/10/2023 11:00,0.1,0.1,,Unknown,Unknown,Unknown,Unknown,58.37,-134.73,TRUE,Human
63.7851111,-144.6738889,7/8/2023 10:14,0.1,0.1,Lightning,41-55,E,501-1500,Hardwoods,63.7851,-144.673883,TRUE,Natural
63.8625,-148.964167,7/7/2023 17:47,0.1,0.1,Debris Burning,0-25,NE,501-1500,Grass,63.8575,-148.958833,TRUE,Human
63.3483333,-143.0208889,7/7/2023 17:27,0.1,0.1,Debris Burning,0-25,SE,1501-2500,Mixed (Hardwoods/Softwoods),63.34772,-143.02003,TRUE,Human
61.8328611,-147.6701945,7/7/2023 15:46,0.1,0.1,Campfire,0-25,E,2501-3500,Grass,61.83285,-147.6702,TRUE,Human
62.3020556,-145.3692778,7/6/2023 19:35,0.1,0.1,Campfire,0-25,Unknown,501-1500,Other,62.30205,-145.369283,TRUE,Human
62.3089167,-146.5908055,7/6/2023 14:12,0.1,1.3,Debris Burning,0-25,SW,1501-2500,Black Spruce,62.381174,-146.586427,TRUE,Human
63.8917778,-145.26025,7/6/2023 8:04,0.1,0.1,Lightning,0-25,E,501-1500,Grass,63.891667,-145.26,TRUE,Natural
63.8590278,-148.7492778,7/5/2023 20:28,0.1,85.2,Coal Seam,0-25,NW,1501-2500,Grass,63.8406,-148.749267,TRUE,Natural
60.4,-151.1644167,7/5/2023 17:32,0.1,0.1,Miscellaneous,0-25,E,0-500,Grass,60.4,-151.164433,TRUE,Human
64.8677778,-147.1383333,7/5/2023 16:51,0.1,0.2,Debris Burning,0-25,W,501-1500,Mixed (Hardwoods/Softwoods),64.867783,-147.138333,TRUE,Human
63.8780278,-144.9451389,7/5/2023 9:49,0.3,0.3,Campfire,0-25,NE,501-1500,Mixed (Hardwoods/Softwoods),63.81859,-144.93349,TRUE,Human
64.2636389,-145.4835278,7/3/2023 20:38,0.1,0.2,Lightning,0-25,SW,1501-2500,Black Spruce,64.2642,-145.4843,TRUE,Natural
64.6890833,-146.5835,7/3/2023 15:41,5,5,Miscellaneous,0-25,West,0501-1500,,64.68908,-146.5835,TRUE,Human
62.1036944,-146.1743611,7/3/2023 1:14,0.1,0.2,Lightning,76+,S,2501-3500,Hardwoods,62.1037,-146.174367,TRUE,Natural
63.78525,-144.6613889,7/2/2023 11:37,0.1,41.6,Lightning,0-25,S,501-1500,Mixed (Hardwoods/Softwoods),63.798133,-144.583533,TRUE,Natural
59.6364444,-151.5193333,7/1/2023 16:17,0.1,0.1,Equipment,0-25,N,0-500,Grass,59.636433,-151.519333,TRUE,Human
59.6377778,-151.5415278,6/30/2023 17:20,0.1,0.1,Campfire,0-25,W,0-500,Other,59.637783,-151.541533,TRUE,Human
64.2292778,-146.0166111,6/30/2023 15:48,0.1,0.1,Equipment,0-25,W,501-1500,Mixed (Hardwoods/Softwoods),64.229283,-146.016617,TRUE,Human
64.72631,-146.4664,6/30/2023 8:55,0.1,47.1,Miscellaneous,0-25,Flat,0501-1500,,64.71999,-146.3996,TRUE,Human
61.9522778,-145.3036667,6/29/2023 12:00,0.1,0.1,Campfire,0-25,E,501-1500,Grass,61.952267,-145.303667,TRUE,Human
64.6014445,-147.06125,6/28/2023 14:51,0.1,1.2,Miscellaneous,0-25,Flat,501-1500,Black Spruce,64.573336,-147.047764,TRUE,Human
64.8609167,-147.6779445,6/27/2023 14:09,0.1,0.3,Campfire,0-25,W,0-500,Dead White Spruce,64.860917,-147.677933,TRUE,Human
60.24525,-151.3695278,6/26/2023 18:48,0.1,0.1,Debris Burning,0-25,SE,0-500,Other,60.24525,-151.3695,TRUE,Human
63.7846,-143.588967,6/25/2023 19:36,0.1,507.9,Lightning,0-25,NW,1501-2500,Black Spruce,63.78185,-143.592,TRUE,Natural
59.6383333,-151.5063889,6/25/2023 9:18,0.1,0.1,Miscellaneous,0-25,S,0-500,Other,59.638333,-151.506389,TRUE,Human
65.6573055,-144.0266944,6/25/2023 8:07,0,0,,0-25,South East,0501-1500,,65.65729,-144.0267,TRUE,Natural
60.4969167,-151.0139444,6/23/2023 17:49,0.1,0.1,Debris Burning,0-25,S,0-500,Hardwoods,60.496917,-151.01395,TRUE,Human
65.0865556,-147.4226944,6/22/2023 21:39,0.1,0.1,Equipment,0-25,NW,501-1500,Mixed (Hardwoods/Softwoods),65.08655,-147.4227,TRUE,Human
65.1855556,-150.5028056,6/22/2023 8:14,0.1,16.4,Lightning,0-25,Flat,0501-1500,,65.17888,-150.2472,TRUE,Natural
61.93712,-162.8949,6/21/2023 19:58,0.1,0,,0-25,North,0-500,,61.93712,-162.8949,TRUE,False Alarm
64.7623333,-147.0784167,6/21/2023 12:19,0.1,0.1,Lightning,0-25,Flat,0501-1500,,64.77567,-147.0609,TRUE,Natural
61.5929722,-149.03525,6/19/2023 20:37,0.1,0.1,Debris Burning,0-25,NW,0-500,Grass,61.59285,-149.03535,TRUE,Human
60.4393056,-149.7091389,6/19/2023 15:15,0.1,0.1,Camping,Unknown,Unknown,Unknown,Unknown,60.439306,-149.709139,TRUE,Human
61.4226667,-149.8061389,6/19/2023 14:38,0.1,0.1,Miscellaneous,0-25,W,0-500,Mixed (Hardwoods/Softwoods),61.423,-149.806,TRUE,Human
60.4471389,-151.1877222,6/18/2023 21:14,0.1,0.1,Campfire,0-25,NE,0-500,Black Spruce,60.44715,-151.187717,TRUE,Human
64.3899444,-145.4839167,6/17/2023 19:38,0.1,0.1,Lightning,0-25,SW,501-1500,Grass,64.38995,-145.483917,TRUE,Natural
65.2233611,-150.6521111,6/17/2023 16:56,2,58.3,Lightning,0-25,South West,1501-2500,,65.23076,-150.6633,TRUE,Natural
60.2889444,-151.2448889,6/17/2023 16:31,0.1,0.1,Debris Burning,0-25,W,0-500,Other,60.28895,-151.244883,TRUE,Human
65.14365,-148.0705,6/17/2023 16:16,0.1,0.1,Lightning,0-25,W,501-1500,Black Spruce,65.095717,-148.095417,TRUE,Natural
65.67995,-156.3396,6/17/2023 16:03,1,,,0-25,Flat,0-500,,65.67995,-156.3396,TRUE,False Alarm
62.9289722,-143.6385555,6/17/2023 15:07,0.1,0.1,Lightning,0-25,NE,1501-2500,Black Spruce,62.923883,-143.620833,TRUE,Natural
63.4453611,-141.9292778,6/17/2023 10:21,0.1,0.1,Lightning,0-25,S,2501-3500,Black Spruce,63.44535,-141.92928,TRUE,Natural
63.921,-148.8705,6/14/2023 22:18,1,249.5,Coal Seam,0-25,SW,1501-2500,Dead White Spruce,63.923167,-148.872667,TRUE,Natural
69.01,-150.6695,6/14/2023 15:17,0.1,0.1,Lightning,0-25,Flat,0501-1500,,69.00999,-150.6695,TRUE,Natural
65.0498056,-141.4691944,6/14/2023 10:39,0,0,,0-25,Flat,0501-1500,,65.04981,-141.4692,TRUE,False Alarm
59.4346944,-151.4221667,6/13/2023 10:04,0.1,0.1,Campfire,26-40,NE,0-500,Hardwoods,59.434683,-151.422167,TRUE,Human
63.34975,-143.0039722,6/12/2023 14:17,0.1,0.1,Miscellaneous,0-25,NE,1501-2500,Black Spruce,63.34975,-143.003967,TRUE,Human
63.9298889,-149.1498889,6/12/2023 11:41,0.1,246.2,Miscellaneous,0-25,E,1501-2500,Mixed (Hardwoods/Softwoods),63.923283,-149.111067,TRUE,Human
60.4894167,-149.6950833,6/11/2023 17:27,0.1,0.1,Miscellaneous,Unknown,Unknown,Unknown,Unknown,60.489417,-149.69475,TRUE,Human
64.9529444,-148.2123056,6/11/2023 16:18,0.1,0.1,Miscellaneous,0-25,SE,501-1500,Mixed (Hardwoods/Softwoods),64.954033,-148.21725,TRUE,Human
63.5705,-143.3448333,6/11/2023 15:46,0.1,27.6,Lightning,0-25,NE,1501-2500,Mixed (Hardwoods/Softwoods),63.56075,-143.342967,TRUE,Natural
59.808955,-151.651421,6/11/2023 12:21,1.5,1.5,Debris Burning,0-25,NE,501-1500,Grass,59.811067,-151.6521,TRUE,Human
64.8343333,-148.1023889,6/11/2023 12:00,0.1,0.1,Miscellaneous,0-25,E,501-1500,Black Spruce,53,-148,TRUE,Human
64.7211111,-155.4810833,6/10/2023 14:45,0,,,0-25,Flat,0501-1500,,64.70491,-155.6564,TRUE,False Alarm
61.7291389,-149.1171667,6/10/2023 13:07,0.1,0.1,Equipment,0-25,S,1501-2500,Grass,61.730193,-149.116832,TRUE,Human
60.45,-151.1051667,6/9/2023 10:08,0.1,0.1,Campfire,0-25,SE,0-500,Hardwoods,60.45,-151.105167,TRUE,Human
61.72995,-148.934,6/9/2023 8:50,0.1,0.1,Lightning,0-25,E,501-1500,Grass,61.72995,-148.934,TRUE,Natural
59.6555,-151.5496667,6/8/2023 13:01,0.1,0.1,Equipment,0-25,S,501-1500,Grass,59.655668,-151.548373,TRUE,Human
64.7541667,-147.7146944,6/7/2023 21:28,2,0.4,Lightning,0-25,Flat,0-500,,64.75268,-147.7124,TRUE,Natural
64.3186111,-146.7075,6/7/2023 19:31,5,11.3,Miscellaneous,0-25,SE,501-1500,Black Spruce,64.3325,-146.73445,TRUE,Human
66.73845,-160.9489,6/7/2023 18:58,0.1,112.7,Lightning,0-25,Flat,0-500,,66.82295,-161.0184,TRUE,Natural
64.8711667,-147.955,6/7/2023 17:17,0.1,1.3,Miscellaneous,0-25,NW,501-1500,Black Spruce,64.871167,-147.955,TRUE,Human
67.0520556,-151.8011945,6/7/2023 16:30,0.1,128.4,Lightning,0-25,Flat,0501-1500,,67.05236,-151.7907,TRUE,Natural
63.5479445,-162.5443889,6/7/2023 14:34,0.1,1,Miscellaneous,0-25,Flat,0-500,,63.61218,-162.2496,TRUE,Human
63.9540555,-146.2863056,6/7/2023 12:51,0.1,9,Miscellaneous,0-25,Flat,1501-2500,,63.99984,-146.3325,TRUE,Human
66.6835278,-143.419,6/6/2023 19:15,0,,,0-25,Flat,0501-1500,,64.68344,-143.4197,TRUE,Natural
61.5124722,-160.3608055,6/5/2023 20:40,0.1,1.7,Juvenile 12-17 yoa,0-25,Flat,0-500,Grass,61.54727,-160.323255,TRUE,Human
61.5280833,-165.6565833,6/5/2023 19:30,0.1,13,Campfire,0-25,N,0-500,Other,61.527345,-165.597075,TRUE,Human
64.0549,-145.73995,6/5/2023 15:39,0.1,0.1,Debris Burning,0-25,NE,1501-2500,Grass,64.0549,-145.73995,TRUE,Human
66.0211389,-149.2711945,6/4/2023 19:31,0.1,6.3,Lightning,0-25,Flat,0-500,,65.91152,-149.4658,TRUE,Natural
61.989283,-150.049367,6/1/2023 9:46,,0,Prescribed,Unknown,Unknown,Unknown,Unknown,61.989283,-150.049367,TRUE,Human
64.9326389,-147.5866944,5/31/2023 12:27,0.1,0.1,Miscellaneous,0-25,SE,501-1500,Hardwoods,64.932633,-147.5867,TRUE,Human
60.4955,-151.2691111,5/29/2023 14:11,0.1,0.1,Debris Burning,0-25,Flat,Unknown,Grass,60.4955,-151.2691,TRUE,Human
64.8451389,-147.5866111,5/29/2023 8:56,0.1,0.1,Miscellaneous,0-25,Flat,0-500,,64.84515,-147.5866,TRUE,Human
60.0318056,-151.5934166,5/28/2023 17:10,0.1,0.1,Miscellaneous,0-25,N,0-500,Grass,53,-148,TRUE,Human
60.5241944,-150.59475,5/28/2023 14:51,0.1,0.1,Debris Burning,0-25,E,0-500,Other,60.524183,-150.59475,TRUE,Human
64.3306111,-149.1982778,5/28/2023 13:21,0.1,0.1,Miscellaneous,0-25,N,501-1500,Grass,64.557367,-149.330567,TRUE,Human
58.3773889,-134.72575,5/27/2023 17:44,0.1,0.1,,Unknown,Unknown,Unknown,Unknown,58.377383,-134.725633,TRUE,Human
61.6488333,-149.6049445,5/27/2023 12:31,0.2,0.2,Debris Burning,0-25,Flat,0-500,Grass,61.649312,-149.603193,TRUE,Human
60.4661111,-151.1732778,5/27/2023 7:47,0.1,0.1,Debris Burning,0-25,Flat,Unknown,Other,60.466117,-151.173283,TRUE,Human
63.9360833,-149.06075,5/26/2023 12:55,0.1,19.8,Railroad,0-25,E,3501-4500,Mixed (Hardwoods/Softwoods),63.769717,-149.08,TRUE,Human
64.8019445,-147.9794444,5/25/2023 16:27,0.1,0.8,Miscellaneous,0-25,SE,501-1500,Dead White Spruce,64.801953,-147.978638,TRUE,Human
64.6604444,-148.9759166,5/25/2023 12:21,1,1,Debris Burning,0-25,N,0-500,Black Spruce,64.660433,-148.9759,TRUE,Human
60.5596111,-151.2428889,5/25/2023 10:21,0.1,0.1,Investigated but cause Undetermined,0-25,E,0-500,Grass,60.559617,-151.242867,TRUE,Human
64.8769445,-146.9716666,5/24/2023 17:29,0.1,1.3,Miscellaneous,0-25,SW,501-1500,Black Spruce,64.87695,-146.971667,TRUE,Human
64.8099722,-147.47775,5/24/2023 11:11,0.1,0.1,Debris Burning,0-25,S,0-500,Grass,64.809983,-147.47775,TRUE,Human
62.4654167,-144.8428333,5/24/2023 9:20,0.1,0.1,Investigated but cause Undetermined,0-25,S,1501-2500,Grass,62.465417,-144.842833,TRUE,Human
61.5488334,-149.0835,5/24/2023 4:43,0.1,0.1,Debris Burning,0-25,NW,0-500,Grass,61.548833,-149.0835,TRUE,Human
60.5005,-151.19,5/23/2023 21:09,0.1,0.1,Campfire,0-25,E,0-500,Grass,60.5005,-151.19,TRUE,Human
61.5305,-149.5316667,5/23/2023 11:40,0.1,0.1,Debris Burning,0-25,S,0-500,Grass,61.5305,-149.531667,TRUE,Human
64.8316111,-147.9104722,5/22/2023 17:09,0.1,0.1,Debris Burning,0-25,S,501-1500,Grass,64.83162,-147.91046,TRUE,Human
64.787733,-148.06425,5/22/2023 14:24,1,1,Prescribed,Unknown,Unknown,Unknown,Unknown,64.787733,-148.06425,TRUE,Human
61.5572222,-149.7836667,5/22/2023 13:23,0.1,0.1,Campfire,0-25,S,0-500,Grass,61.554333,-149.785,TRUE,Human
61.5597222,-149.5969444,5/22/2023 13:09,0.1,1.6,Debris Burning,0-25,Flat,0-500,Black Spruce,61.559667,-149.598667,TRUE,Human
61.5098889,-149.7136389,5/22/2023 11:37,0.1,0.1,Debris Burning,0-25,SW,0-500,Hardwoods,61.505833,-149.708167,TRUE,Human
60.5273611,-150.6924722,5/22/2023 4:52,0.1,0.1,Equipment,0-25,N,0-500,Black Spruce,60.527367,-150.692467,TRUE,Human
59.8897222,-151.7254444,5/21/2023 23:59,1,2.4,Debris Burning,0-25,E,0-500,Grass,53,-148,TRUE,Human
60.4043611,-151.1743333,5/21/2023 19:39,0.1,0.1,Debris Burning,0-25,NW,0-500,Other,60.404333,-151.174467,TRUE,Human
61.6276111,-149.2502222,5/21/2023 16:22,0.1,0.1,Investigated but cause Undetermined,0-25,Flat,0-500,Grass,61.627617,-149.2506,TRUE,Human
60.7018333,-151.2863333,5/21/2023 15:02,0.1,0.1,Debris Burning,0-25,SE,0-500,Other,60.701833,-151.286317,TRUE,Human
60.4995555,-151.0043889,5/21/2023 13:27,0.1,0.1,Debris Burning,0-25,SE,0-500,Grass,60.49955,-151.0044,TRUE,Human
59.6705,-151.7053055,5/20/2023 18:07,0.5,0.3,Campfire,0-25,SW,0-500,Grass,59.6705,-151.705833,TRUE,Human
63.9788889,-145.3497222,5/20/2023 13:30,0.1,310.1,Debris Burning,0-25,NE,501-1500,Dead White Spruce,63.95055,-145.326383,TRUE,Human
61.534333,-149.009667,5/20/2023 12:48,0.1,0.1,Debris Burning,0-25,Flat,0-500,Grass,61.536652,-149.006248,TRUE,Human
61.587,-149.4705,5/20/2023 11:40,0.1,0.1,Debris Burning,0-25,Flat,0-500,Grass,61.587,-149.4705,TRUE,Human
64.8091667,-147.982,5/19/2023 16:28,0.1,0.1,Miscellaneous,0-25,S,501-1500,Grass,64.80805,-147.98105,TRUE,Human
61.6512778,-149.1413333,5/19/2023 16:02,0.1,0.1,Children <12 yoa,0-25,Flat,0-500,Grass,61.651195,-149.141838,TRUE,Human
64.6851389,-146.5415,5/19/2023 14:42,0.5,0.5,Miscellaneous,0-25,North East,1501-2500,,64.68515,-146.5415,TRUE,Human
64.0430556,-145.7405833,5/19/2023 11:45,0.1,0.1,Debris Burning,0-25,W,501-1500,Grass,64.04326,-145.73749,TRUE,Human
64.9836667,-147.6371667,5/18/2023 20:54,0.1,0.2,Miscellaneous,0-25,W,501-1500,Mixed (Hardwoods/Softwoods),64.983667,-147.637167,TRUE,Human
61.568001,-149.339825,5/18/2023 19:12,0.1,0.1,Campfire,0-25,Flat,0-500,Hardwoods,61.5675,-149.337333,TRUE,Human
61.6206945,-149.4368056,5/18/2023 18:16,0.1,0.1,Debris Burning,0-25,Flat,0-500,Mixed (Hardwoods/Softwoods),61.620668,-149.436472,TRUE,Human
64.9211111,-147.6413055,5/18/2023 16:32,0.1,0.2,Debris Burning,0-25,W,501-1500,Mixed (Hardwoods/Softwoods),64.921117,-147.6413,TRUE,Human
59.2498889,-135.4927222,5/17/2023 12:00,0.1,0.1,Debris Burning,Unknown,Unknown,Unknown,Other,59.24299,-135.492727,TRUE,Human
64.887117,-147.6368,5/16/2023 21:20,0.1,0.1,Miscellaneous,0-25,N,501-1500,Mixed (Hardwoods/Softwoods),64.887823,-147.636802,TRUE,Human
59.8956111,-151.7055,5/16/2023 13:22,1,0.7,Miscellaneous,0-25,W,0-500,Grass,59.896167,-151.706167,TRUE,Human
60.1350278,-151.5286667,5/15/2023 14:51,1,0.8,Equipment,0-25,SW,0-500,Grass,60.134833,-151.528333,TRUE,Human
61.6525,-149.488333,5/15/2023 9:48,0.1,9.6,Prescribed,Unknown,Unknown,Unknown,Grass,61.6525,-149.488333,TRUE,Human
61.5748889,-149.4355556,5/15/2023 9:19,0.1,0.1,Equipment,0-25,Flat,0-500,Grass,61.574917,-149.43545,TRUE,Human
61.59209,-149.242668,5/14/2023 13:45,0.1,0.1,Debris Burning,0-25,SE,0-500,Hardwoods,61.591883,-149.242125,TRUE,Human
61.5745833,-149.4239722,5/13/2023 20:51,0.1,0.3,Debris Burning,0-25,W,0-500,Mixed (Hardwoods/Softwoods),61.57462,-149.423365,TRUE,Human
60.5051667,-151.2735,5/13/2023 18:38,0.1,0.1,Smoking,Unknown,Flat,Unknown,Other,60.505167,-151.2735,TRUE,Human
61.5668889,-149.6065556,5/13/2023 17:26,0.3,0.2,Debris Burning,0-25,Flat,0-500,Grass,61.566613,-149.606773,TRUE,Human
61.6653055,-149.1524167,5/13/2023 16:41,0.1,0.3,Debris Burning,0-25,Flat,0-500,Grass,61.666212,-149.123317,TRUE,Human
61.547286,-149.570424,5/13/2023 16:28,0.3,0.2,Debris Burning,0-25,Flat,0-500,Grass,61.547462,-149.569762,TRUE,Human
61.7898611,-147.7371389,5/13/2023 12:11,0.1,0.1,Debris Burning,41-55,S,2501-3500,Other,61.799167,-147.609787,TRUE,Human
61.7015,-149.2225278,5/12/2023 20:54,0.1,0.1,Miscellaneous,0-25,Flat,0-500,Grass,61.702108,-149.22205,TRUE,Human
64.6849444,-146.6286945,5/12/2023 17:50,0.1,34.5,Miscellaneous,0-25,East,0501-1500,,64.67691,-146.6541,TRUE,Human
61.594,-149.5952778,5/12/2023 17:24,0.5,0.1,Investigated but cause Undetermined,0-25,Flat,0-500,Grass,61.597017,-149.598908,TRUE,Human
60.7226944,-151.1855556,5/12/2023 15:11,0.1,0.1,Campfire,0-25,S,0-500,Grass,60.7227,-151.185567,TRUE,Human
59.8075833,-151.8291667,5/12/2023 13:06,0.1,0.1,Debris Burning,0-25,W,0-500,Grass,59.807583,-151.829167,TRUE,Human
61.6084167,-149.0611389,5/11/2023 12:55,0.2,0.1,Debris Burning,0-25,NE,0-500,Grass,61.608333,-149.0615,TRUE,Human
60.4685833,-150.9787222,5/11/2023 12:19,0.1,0.3,Debris Burning,0-25,N,0-500,Grass,60.468583,-150.978717,TRUE,Human
61.562333,-148.9315,5/10/2023 8:26,5,5,Prescribed,Unknown,Unknown,Unknown,Unknown,61.562333,-148.9315,TRUE,Human
64.7921111,-147.6906944,5/9/2023 16:19,0.1,1,Miscellaneous,0-25,NE,0-500,Grass,64.7921,-147.690683,TRUE,Human
60.4634167,-151.1878333,5/9/2023 10:12,0.1,0.1,Debris Burning,0-25,NW,0-500,Other,60.463417,-151.187833,TRUE,Human
63.8954,-145.311717,5/9/2023 9:12,0.1,917.9,Prescribed,0-25,NE,501-1500,Unknown,63.8954,-145.311717,TRUE,Human
61.5563889,-149.3520555,5/8/2023 23:04,0.1,1.2,Equipment,0-25,SE,0-500,Grass,61.5545,-149.351667,TRUE,Human
64.8023056,-147.6466944,5/8/2023 16:59,0.1,0.1,Miscellaneous,0-25,Flat,0-500,,64.80231,-147.6467,TRUE,Human
64.5021667,-146.9733611,5/8/2023 15:39,0.1,0.1,Equipment,0-25,W,501-1500,Grass,64.50218,-146.97335,TRUE,Human
65.0281944,-141.2458056,5/8/2023 15:30,0.1,0.1,Lightning,26-40,East,1501-2500,,65.02824,-141.2465,TRUE,Natural
65.0973333,-141.6392222,5/8/2023 15:30,0.1,0.1,Lightning,0-25,South East,1501-2500,,65.09733,-141.6392,TRUE,Natural
61.5961389,-149.3414167,5/7/2023 17:47,0.3,0.1,Debris Burning,0-25,E,0-500,Grass,61.596515,-149.341172,TRUE,Human
64.07105,-145.751717,5/7/2023 17:13,0.1,0.1,Campfire,Unknown,Unknown,Unknown,Grass,64.106833,-145.795667,TRUE,Human
64.9083333,-146.4565555,5/7/2023 14:30,0.1,4.5,Miscellaneous,26-40,S,501-1500,Black Spruce,64.9091,-146.454083,TRUE,Human
64.8023056,-147.6466944,5/7/2023 13:48,0.1,0.1,Miscellaneous,0-25,Flat,0-500,,64.80231,-147.6467,TRUE,Human
58.3946667,-134.5986111,5/6/2023 14:40,4,9.5,,Unknown,Unknown,Unknown,Unknown,58.394667,-134.5986,TRUE,Human
60.4591389,-151.1882222,5/5/2023 11:19,0.1,0.1,Debris Burning,0-25,SE,0-500,Grass,60.45915,-151.188233,TRUE,Human
61.5957778,-149.1048056,5/5/2023 1:27,0.1,1.9,Investigated but cause Undetermined,0-25,SE,0-500,Grass,61.596388,-149.105833,TRUE,Human
64.7068055,-146.6056111,5/3/2023 15:16,1,14997.6,,0-25,West,0501-1500,,64.70681,-146.6056,TRUE,Human
64.0071667,-146.3023056,5/3/2023 15:12,1,25319.3,,0-25,Flat,1501-2500,,63.99998,-146.1996,TRUE,Human
64.881667,-147.708883,5/1/2023 16:11,1,21.8,Prescribed,0-25,SE,0-500,Unknown,64.8682,-147.733833,TRUE,Human
61.700733,-149.014428,4/30/2023 19:43,0.1,0.1,Debris Burning,0-25,N,501-1500,Grass,61.700803,-149.013538,TRUE,Human
61.5283889,-149.5893055,4/30/2023 18:14,0.1,0.1,Miscellaneous,0-25,SE,0-500,Grass,61.529502,-149.587125,TRUE,Human
60.5221111,-151.2689722,4/29/2023 18:36,0.1,0.2,Debris Burning,0-25,SW,0-500,Grass,60.522083,-151.268933,TRUE,Human
64.2447222,-142.3863333,4/29/2023 13:56,0.1,0.1,Equipment,0-25,SE,3501-4500,Grass,64.244733,-142.386317,TRUE,Human
61.5976389,-149.2919167,4/23/2023 13:17,0.1,0.1,Debris Burning,0-25,NW,0-500,Grass,61.597928,-149.291632,TRUE,Human
61.570703,-149.366597,4/23/2023 10:54,0.1,0.1,Investigated but cause Undetermined,0-25,N,0-500,Grass,61.573467,-149.368167,TRUE,Human
59.7549722,-151.1636667,4/23/2023 10:48,0.5,0.4,Campfire,0-25,SE,0-500,Grass,59.754967,-151.163667,TRUE,Human
57.7936111,-152.4014167,4/22/2023 15:54,0.1,0.1,Campfire,0-25,SW,0-500,Grass,57.7936,-152.401417,TRUE,Human
61.57085,-149.430717,4/21/2023 11:36,0.1,0.1,Investigated but cause Undetermined,0-25,E,0-500,Black Spruce,61.57085,-149.430717,TRUE,Human
64.80228,-147.6127,4/21/2023 10:39,1,10,,0-25,Flat,0-500,,64.80228,-147.6127,TRUE,Human
64.77599,-147.0627,4/21/2023 10:38,1,4.8,,0-25,Flat,0501-1500,,64.77599,-147.0627,TRUE,Human
63.98697,-145.6739,4/21/2023 10:35,1,4.8,,0-25,Flat,0501-1500,,63.98697,-145.6739,TRUE,Human
64.8023056,-147.6134167,4/21/2023 10:34,1,2028.2,,0-25,Flat,0-500,,64.80231,-147.6134,TRUE,Human
64.76967,-147.0842,4/21/2023 10:34,1,228.3,,0-25,Flat,0501-1500,,64.77597,-147.0624,TRUE,Human
64.6966111,-146.9928056,4/21/2023 10:33,1,269.5,,0-25,Flat,0501-1500,,64.6993,-146.9814,TRUE,Human
63.9869722,-145.6736945,4/21/2023 10:33,1,1340,,0-25,Flat,0501-1500,,63.98696,-145.6737,TRUE,Human
63.8623056,-145.9028889,4/21/2023 10:32,1,1805,,0-25,Flat,1501-2500,,63.8623,-145.9029,TRUE,Human
63.9873,-145.7484,4/21/2023 10:31,1,174,,0-25,Flat,0501-1500,,64.80231,-147.6134,TRUE,Human
59.6421944,-151.4756667,4/19/2023 16:03,0.1,0.1,Investigated but cause Undetermined,0-25,NE,0-500,Grass,59.6422,-151.475683,TRUE,Human
57.8051389,-152.3618055,4/2/2023 0:34,0.1,0.1,Investigated but cause Undetermined,0-25,S,0-500,Grass,57.805133,-152.3618,TRUE,Human
62.019133,-145.368233,3/13/2023 10:18,0.1,11,Prescribed,0-25,N,501-1500,Unknown,62.019133,-145.368233,TRUE,Human
58.5473,-155.7865,3/11/2023 14:07,0.1,11.9,Prescribed,Unknown,Unknown,Unknown,Unknown,58.5473,-155.7865,TRUE,Human
64.26014,-146.10782,11/17/2022 17:22,0.1,0.1,Debris Burning,0-25,W,501-1500,Unknown,64.26014,-146.10782,TRUE,Human
57.705477,-152.571899,10/31/2022 9:12,0.5,0.5,Incendiary,0-25,SE,0-500,Grass,53,-148,TRUE,Human
64.054333,-146.231483,10/17/2022 9:06,,0,Prescribed,Unknown,Unknown,Unknown,Unknown,64.054333,-146.231483,TRUE,Prescribed
63.7321111,-148.904,10/12/2022 16:23,1,15,,0-25,Flat,1501-2500,,65.02822,-141.2468,TRUE,Prescribed
64.05309,-145.639053,10/6/2022 10:00,0.1,0.1,Miscellaneous,Unknown,Unknown,Unknown,Mixed (Hardwoods/Softwoods),64.05309,-145.639053,TRUE,Human
64.7963056,-147.6069167,10/4/2022 16:00,0.1,0.1,Miscellaneous,0-25,Flat,0-500,,64.80227,-147.6137,TRUE,Human
64.81136,-147.6588,10/4/2022 14:53,0.1,0.1,Miscellaneous,0-25,Flat,0-500,,64.80227,-147.6137,TRUE,Human
63.86225,-145.9031944,9/30/2022 13:29,0.1,0.1,Miscellaneous,0-25,Flat,1501-2500,,63.86226,-145.9032,TRUE,Human
64.8605,-147.709333,9/29/2022 15:35,0.1,0.1,Debris Burning,Unknown,Unknown,Unknown,Mixed (Hardwoods/Softwoods),64.8605,-147.709333,TRUE,Human
64.78774,-148.06425,9/29/2022 10:42,1,1,Prescribed,Unknown,Unknown,Unknown,Unknown,53,-148,TRUE,Prescribed
63.45521,-148.81012,9/28/2022 9:08,,0,Prescribed,Unknown,Unknown,Unknown,Unknown,53,-148,TRUE,Prescribed
63.3436,-149.193,9/28/2022 9:05,1,1,Prescribed,Unknown,Unknown,Unknown,Unknown,53,-148,TRUE,Prescribed
64.81154,-147.6392,9/21/2022 15:31,1,132,,0-25,Flat,0-500,,64.81154,-147.6392,TRUE,Human
66.7158333,-141.2831945,9/21/2022 11:02,122.8,122.8,Lightning,0-25,Flat,1501-2500,,66.71582,-141.2832,TRUE,Natural
63.737783,-143.966667,9/17/2022 15:13,2,106.2,Campfire,0-25,W,501-1500,Mixed (Hardwoods/Softwoods),63.722083,-144.040583,TRUE,Human
64.85375,-147.8146,9/12/2022 12:17,0.1,0.1,Campfire,0-25,Flat,0-500,Mixed (Hardwoods/Softwoods),64.837967,-147.8146,TRUE,Human
63.374283,-143.351983,9/8/2022 11:59,5,1,Prescribed,0-25,NE,1501-2500,Unknown,63.37041,-143.5323,TRUE,Prescribed
63.136383,-142.527717,9/7/2022 14:30,0.1,0.1,Debris Burning,Unknown,Unknown,Unknown,Other,63.136383,-142.527717,TRUE,Human
65.93945,-149.8601,9/6/2022 15:35,1,2,,0-25,Flat,0501-1500,,65.93945,-149.8601,TRUE,Human
63.331667,-142.986117,9/2/2022 13:20,0.1,0.1,Debris Burning,0-25,E,2501-3500,Mixed (Hardwoods/Softwoods),63.331667,-142.986117,TRUE,Human
65.2071667,-141.8363055,9/2/2022 13:18,0,0.1,,0-25,Flat,0501-1500,,65.20716,-141.8363,TRUE,False Alarm
60.4980278,-151.1196944,8/31/2022 15:37,0.1,0.1,Debris Burning,0-25,NE,0-500,Mixed (Hardwoods/Softwoods),60.498033,-151.1197,TRUE,Human
61.6395,-149.6278611,8/30/2022 12:58,0.1,0.1,Equipment,Unknown,Flat,Unknown,Mixed (Hardwoods/Softwoods),61.6395,-149.62785,TRUE,Human
64.04975,-145.602883,8/24/2022 13:33,0.1,0.1,Equipment,0-25,NE,501-1500,Grass,64.04975,-145.602883,TRUE,Human
55.7294722,-132.5596945,8/22/2022 17:25,0.1,0.1,,0-25,E,501-1500,Unknown,55.72947,-132.5597,TRUE,Human
64.957333,-147.720333,8/22/2022 13:57,5,5,Prescribed,Unknown,Unknown,Unknown,Mixed (Hardwoods/Softwoods),53,-148,TRUE,Prescribed
63.928833,-148.8715,8/19/2022 16:52,5,104.6,Coal Seam,0-25,W,1501-2500,Black Spruce,63.928833,-148.8715,TRUE,Natural
64.040867,-145.453383,8/17/2022 18:33,0.2,13.4,Investigated but cause Undetermined,Unknown,Unknown,Unknown,Dead White Spruce,64.04134,-145.45675,TRUE,Human
63.33,-143.138888,8/17/2022 17:46,0.1,1,Lightning,Unknown,Unknown,Unknown,Mixed (Hardwoods/Softwoods),63.33,-143.102683,TRUE,Natural
63.315667,-143.108,8/17/2022 17:43,0.1,0.2,Lightning,0-25,Unknown,Unknown,Mixed (Hardwoods/Softwoods),63.322647,-143.098943,TRUE,Natural
64.812,-147.6234167,8/17/2022 13:48,0.1,0.1,Miscellaneous,0-25,Flat,0-500,,64.81199,-147.6234,TRUE,Human
64.8113333,-147.6275833,8/17/2022 13:08,0.1,0.1,Miscellaneous,0-25,Flat,0-500,,64.81133,-147.6276,TRUE,Human
60.5454723,-150.8528611,8/16/2022 11:30,0.1,0.1,Miscellaneous,0-25,W,0-500,Dead White Spruce,60.545467,-150.852867,TRUE,Human
62.2724722,-145.4168611,8/14/2022 13:26,0.1,0.1,Campfire,0-25,Flat,501-1500,Black Spruce,62.289807,-145.353343,TRUE,Human
60.4988611,-151.0962222,8/14/2022 9:49,0.1,0.1,Miscellaneous,0-25,NW,0-500,Other,60.498867,-151.096217,TRUE,Human
63.30244,-143.016792,8/13/2022 20:36,0.1,0.1,Miscellaneous,Unknown,Unknown,Unknown,Other,63.30244,-143.016792,TRUE,Human
66.104,-150.3769167,8/11/2022 16:49,1,1.7,Lightning,0-25,Flat,0501-1500,,66.10797,-150.3805,TRUE,Natural
55.5839722,-131.6374167,8/10/2022 18:26,0.2,0.1,,Unknown,Unknown,Unknown,Unknown,55.58397,-131.6374,TRUE,Human
69.24957,-155.0363,8/9/2022 15:11,3,3,Lightning,0-25,Flat,0-500,Tundra,69.23995,-155.0298,TRUE,Natural
69.22147,-155.1002,8/9/2022 14:54,2.4,2.4,Lightning,0-25,Flat,0501-1500,Tundra,69.21995,-155.0999,TRUE,Natural
69.25272,-155.7267,8/9/2022 14:29,22.8,22.8,Lightning,0-25,Flat,0501-1500,Tundra,69.24995,-155.7165,TRUE,Natural
69.32146,-155.9974,8/9/2022 14:01,3.5,3.5,Lightning,0-25,Flat,0501-1500,Mixed wood-tundra,69.31995,-155.9899,TRUE,Natural
60.6715278,-151.3346389,8/7/2022 15:54,0.1,0.1,Miscellaneous,0-25,W,0-500,Grass,60.671533,-151.334633,TRUE,Human
60.5019444,-150.9355556,8/7/2022 13:06,0.1,0.1,Miscellaneous,0-25,N,0-500,Hardwoods,60.501917,-151.935233,TRUE,Human
60.7144444,-151.3741111,8/6/2022 14:07,0.1,0.1,Miscellaneous,0-25,S,0-500,Hardwoods,60.71445,-151.3741,TRUE,Human
60.5106111,-151.2591111,8/5/2022 17:11,0.1,0.1,Miscellaneous,0-25,S,0-500,Grass,60.510617,-151.2591,TRUE,Human
64.8751111,-147.1090278,8/5/2022 4:30,0.1,0.1,Miscellaneous,Unknown,Unknown,Unknown,Grass,64.8751,-147.10902,TRUE,Human
67.7595,-150.3198889,8/4/2022 15:42,10,3.4,Lightning,0-25,Flat,1501-2500,,67.75994,-150.3364,TRUE,Natural
60.5278333,-150.767,8/4/2022 10:04,0.1,0.1,Equipment,0-25,S,0-500,Other,60.527833,-150.767,TRUE,Human
66.5069444,-152.5134167,8/3/2022 19:57,0,0,,0-25,Flat,0501-1500,,66.50694,-152.5134,TRUE,False Alarm
60.4838611,-150.2449444,8/3/2022 18:25,0.1,0.1,Campfire,0-25,W,0-500,Black Spruce,60.483867,-150.24495,TRUE,Human
64.808663,-148.008677,8/3/2022 17:02,0.1,0.1,Debris Burning,Unknown,Unknown,Unknown,Grass,64.808663,-148.008677,TRUE,Human
60.4930555,-151.1627222,8/3/2022 15:06,0.1,0.1,Debris Burning,0-25,NE,0-500,Other,60.49305,-151.1627,TRUE,Human
60.5138333,-151.0806667,7/31/2022 16:32,0.1,0.1,Incendiary,0-25,NE,0-500,Grass,60.513833,-151.080667,TRUE,Human
64.7193889,-147.0251111,7/31/2022 14:50,0,0,,0-25,Flat,0501-1500,,41.36236,-167.2041,TRUE,False Alarm
60.4826944,-150.6196945,7/30/2022 16:18,0.1,0.1,Miscellaneous,0-25,NW,0-500,Grass,60.482683,-150.619683,TRUE,Human
64.67,-148.315,7/30/2022 16:17,0.1,0.1,Debris Burning,0-25,Unknown,Unknown,Mixed (Hardwoods/Softwoods),64.668,-148.303667,TRUE,Human
61.6197222,-149.4633611,7/29/2022 17:26,0.1,0.1,Miscellaneous,0-25,Flat,0-500,Grass,61.619608,-149.463282,TRUE,Human
67.3923889,-144.1193889,7/29/2022 11:04,0.5,1125.2,Lightning,0-25,Flat,0501-1500,,67.44841,-143.9463,TRUE,Natural
62.1056111,-146.2756389,7/28/2022 16:35,0.1,0.3,Investigated but cause Undetermined,0-25,S,2501-3500,Mixed (Hardwoods/Softwoods),62.106283,-146.275633,TRUE,Human
66.6531111,-149.5484167,7/28/2022 14:38,8,50.1,Lightning,0-25,South West,1501-2500,,66.65,-149.55,TRUE,Natural
55.6877778,-132.5313055,7/28/2022 11:38,0.1,0.1,,Unknown,Unknown,Unknown,Unknown,55.68778,-132.5313,TRUE,Human
64.781,-148.042167,7/28/2022 9:40,0.1,0.1,Miscellaneous,0-25,NW,501-1500,Mixed (Hardwoods/Softwoods),64.781,-148.042167,TRUE,Human
60.4860278,-151.0216389,7/27/2022 15:26,0.1,0.1,Debris Burning,0-25,N,0-500,Black Spruce,60.486033,-151.021633,TRUE,Human
64.815083,-147.924917,7/26/2022 2:27,0.1,0.1,Miscellaneous,0-25,SE,0-500,Mixed (Hardwoods/Softwoods),64.815083,-147.924917,TRUE,Human
64.7851667,-148.0491667,7/25/2022 22:35,0.5,0.1,Miscellaneous,0-25,Flat,Unknown,Mixed (Hardwoods/Softwoods),64.785967,-148.050033,TRUE,Human
64.888333,-147.563,7/25/2022 19:10,0.1,0.1,Miscellaneous,Unknown,Unknown,Unknown,Unknown,64.8886,-147.561367,TRUE,Human
65.3501944,-141.5767222,7/25/2022 19:02,25,25,Lightning,26-40,South East,1501-2500,,65.3502,-141.5767,TRUE,Natural
64.843198,-148.225108,7/25/2022 18:45,1.8,1.8,Miscellaneous,Unknown,Unknown,Unknown,Live White Spruce,64.843198,-148.225108,TRUE,Human
64.9352778,-147.5655278,7/25/2022 18:24,0.1,0.1,Miscellaneous,Unknown,Unknown,Unknown,Black Spruce,64.935273,-147.565528,TRUE,Human
64.7031944,-146.5625,7/25/2022 13:04,0.1,0.1,Miscellaneous,0-25,Flat,0501-1500,,64.7032,-146.5625,TRUE,Human
67.9535,-145.3726111,7/24/2022 18:40,1,0.3,Lightning,0-25,Flat,2501-3500,,67.95411,-145.3719,TRUE,Natural
60.5263611,-150.6569722,7/24/2022 16:07,0.1,0.1,Debris Burning,0-25,S,0-500,Grass,60.52635,-150.656967,TRUE,Human
65.5823056,-144.511,7/23/2022 18:06,3,7.7,Lightning,0-25,Flat,0501-1500,,65.57914,-144.5122,TRUE,Natural
60.4830556,-149.9339167,7/23/2022 17:20,0.1,0.1,,Unknown,Unknown,Unknown,Unknown,60.48307,-149.9339,TRUE,Human
60.4831389,-149.9345,7/23/2022 17:20,0.1,0.1,,Unknown,Unknown,Unknown,Unknown,60.48314,-149.9345,TRUE,Human
66.9969722,-145.7288055,7/23/2022 16:24,80,6878,Lightning,0-25,Flat,0501-1500,,67.06355,-145.7761,TRUE,Natural
60.6900278,-151.3508055,7/23/2022 15:50,0.1,0.1,Debris Burning,0-25,NW,0-500,Hardwoods,53,-148,TRUE,Human
63.445533,-143.86755,7/22/2022 14:48,0.2,0.2,Lightning,Unknown,Unknown,Unknown,Grass,63.445533,-143.86755,TRUE,Natural
64.78922,-148.00928,7/22/2022 13:05,0.1,0.1,Miscellaneous,Unknown,Unknown,Unknown,Mixed (Hardwoods/Softwoods),64.789583,-148.008237,TRUE,Human
59.563333,-151.321333,7/22/2022 10:08,0.1,0.1,Investigated but cause Undetermined,0-25,W,0-500,Other,59.55425,-151.258167,TRUE,Human
63.271383,-143.0475,7/20/2022 17:03,0.1,0.1,Debris Burning,0-25,Flat,1501-2500,Hardwoods,63.271383,-143.0475,TRUE,Human
60.6726111,-151.3336111,7/19/2022 6:55,0.1,0.1,Miscellaneous,0-25,NW,0-500,Hardwoods,60.673213,-151.331717,TRUE,Human
65.8,-143.34,7/18/2022 19:09,25,39.8,Lightning,0-25,Flat,0501-1500,,65.8084,-143.3414,TRUE,Natural
65.0073611,-150.5791111,7/16/2022 20:59,0.1,0.1,Miscellaneous,0-25,Flat,0-500,,65.00736,-150.5791,TRUE,Human
67.4943889,-144.4875833,7/15/2022 14:18,3,54.8,Lightning,0-25,Flat,0501-1500,,67.79417,-115.6878,TRUE,Natural
67.9876389,-143.9471944,7/15/2022 13:53,4,4.9,Lightning,0-25,Flat,1501-2500,,68.00094,-143.9523,TRUE,Natural
60.5273889,-150.8112778,7/15/2022 8:28,0.1,0.1,Miscellaneous,0-25,E,0-500,Dead White Spruce,60.527383,-150.811267,TRUE,Human
64.779583,-148.163283,7/14/2022 16:01,0.1,0.1,Lightning,0-25,E,501-1500,Mixed (Hardwoods/Softwoods),64.779333,-148.164,TRUE,Natural
64.7025278,-146.5703889,7/14/2022 15:45,0.1,0.1,Miscellaneous,0-25,Flat,0501-1500,,64.70254,-146.5704,TRUE,Human
65.7345278,-155.1796944,7/14/2022 14:22,0.1,96.1,Lightning,0-25,Flat,0-500,,65.72995,-155.1699,TRUE,Natural
60.7810278,-161.7816944,7/13/2022 20:57,0.1,0.1,Arson,0-25,SE,0-500,Grass,60.781031,-161.781714,TRUE,Human
67.1057778,-152.4963055,7/13/2022 19:52,0.1,0.1,Lightning,0-25,Flat,0501-1500,,67.10578,-152.4963,TRUE,Natural
66.3363333,-154.2588889,7/13/2022 19:41,0,0,,0-25,Flat,0501-1500,,66.33633,-154.2589,TRUE,False Alarm
63.006383,-156.0975,7/13/2022 13:42,20,69,Lightning,0-25,E,501-1500,Mixed (Hardwoods/Softwoods),63.006517,-156.099167,TRUE,Natural
60.4953333,-149.8201111,7/13/2022 10:36,0.1,0.1,,Unknown,Unknown,Unknown,Unknown,60.49533,-149.8201,TRUE,Human
66.5308611,-146.9560833,7/12/2022 18:38,2,1.5,Lightning,0-25,Flat,0-500,,66.53085,-146.9561,TRUE,Natural
66.7929167,-141.4714167,7/12/2022 17:31,30,15.9,Lightning,0-25,West,1501-2500,,66.79293,-141.4714,TRUE,Natural
66.02375,-147.7846111,7/12/2022 14:19,0.1,98,Lightning,0-25,Flat,0501-1500,,66.02381,-147.7849,TRUE,Natural
65.26025,-152.1981944,7/12/2022 14:10,0.1,57.4,Lightning,0-25,Flat,0501-1500,,65.15,-151.8803,TRUE,Natural
65.3806111,-150.2384167,7/12/2022 13:36,0.5,93.6,Lightning,26-40,North East,1501-2500,,65.38333,-150.242,TRUE,Natural
64.9092778,-151.2828889,7/12/2022 13:08,1.5,2,Lightning,0-25,Flat,0501-1500,,64.90928,-151.2829,TRUE,Natural
61.139799,-149.104503,7/12/2022 10:54,0.1,0.2,Investigated but cause Undetermined,0-25,Flat,0-500,Mixed (Hardwoods/Softwoods),61.148,-149.110667,TRUE,Human
66.02161,-150.1124,7/12/2022 10:14,5,759.5,Lightning,0-25,Flat,0-500,,66.02161,-150.1124,TRUE,Natural
65.2421389,-150.1041111,7/12/2022 8:15,0.1,110,Lightning,0-25,Flat,1501-2500,,65.24215,-150.1041,TRUE,Natural
65.6116389,-150.5745,7/12/2022 8:12,0.1,340.2,Lightning,0-25,South,1501-2500,,65.61165,-150.5745,TRUE,Natural
65.8702778,-155.1023056,7/11/2022 19:06,0.1,0.1,Lightning,0-25,Flat,0-500,,65.87029,-155.1023,TRUE,Natural
65.7171111,-155.0899167,7/11/2022 18:07,0.1,0.1,Lightning,0-25,Flat,0501-1500,,65.81995,-155.0899,TRUE,Natural
65.2841111,-150.2341111,7/11/2022 18:05,0.1,1,Lightning,26-40,North East,1501-2500,,65.28412,-150.2341,TRUE,Natural
65.47619,-150.2208,7/11/2022 17:42,5,5,Lightning,0-25,South East,0501-1500,,65.47745,-150.2232,TRUE,Natural
65.47678,-149.9817,7/11/2022 17:29,3,201.8,Lightning,0-25,South,0501-1500,,65.47678,-149.9817,TRUE,Natural
65.3415556,-149.9918889,7/11/2022 17:04,0,,,0-25,North East,1501-2500,,65.34156,-149.9919,TRUE,Natural
66.0485278,-155.6435833,7/11/2022 15:53,5,2214.5,Lightning,0-25,Flat,0-500,,66.04728,-155.691,TRUE,Natural
68.2399444,-156.4098889,7/11/2022 14:23,0.1,335.4,Lightning,0-25,Flat,1501-2500,,68.23994,-156.4099,TRUE,Natural
62.328617,-158.998333,7/11/2022 13:29,5,33.6,Lightning,0-25,S,0-500,Black Spruce,62.334167,-158.962167,TRUE,Natural
67.6914722,-150.8845278,7/11/2022 7:38,0.1,1620.8,Lightning,0-25,Flat,1501-2500,,67.69148,-150.8845,TRUE,Natural
67.0393333,-154.0281944,7/11/2022 7:31,0.1,3533.5,Lightning,0-25,Flat,0501-1500,,67.03933,-154.0282,TRUE,Natural
65.67825,-159.9075833,7/10/2022 21:21,2,4,Lightning,0-25,Flat,0-500,,65.67529,-159.9069,TRUE,Natural
65.68347,-159.9062,7/10/2022 21:08,2,5.2,Lightning,0-25,Flat,0-500,,65.73995,-159.9917,TRUE,Natural
65.7398611,-159.9865,7/10/2022 21:07,1.5,2.3,Lightning,0-25,Flat,0-500,,65.73995,-159.9917,TRUE,Natural
64.0873,-146.193033,7/10/2022 18:55,0.1,0.1,Equipment,Unknown,Unknown,Unknown,Mixed (Hardwoods/Softwoods),64.0873,-146.193033,TRUE,Human
65.0899722,-146.0264167,7/10/2022 18:46,0.1,0.1,Miscellaneous,Unknown,Unknown,Unknown,Hardwoods,65.089983,-146.026417,TRUE,Human
65.6936667,-150.2071944,7/10/2022 18:35,5,5,Lightning,0-25,East,1501-2500,,65.69366,-150.2072,TRUE,Natural
60.4949444,-150.7212222,7/10/2022 17:37,2,1.7,Campfire,0-25,NE,0-500,Black Spruce,60.4942,-150.7174,TRUE,Human
63.084083,-156.955717,7/10/2022 17:11,75,6682.1,Lightning,0-25,NE,501-1500,Mixed (Hardwoods/Softwoods),63.09125,-156.9282,TRUE,Natural
64.12834,-155.6965,7/10/2022 17:00,1,,,0-25,Flat,0501-1500,,64.12834,-155.6965,TRUE,False Alarm
66.0698889,-155.4955,7/10/2022 15:40,0.1,19.3,Lightning,0-25,Flat,0-500,,66.06995,-155.4999,TRUE,Natural
60.5424445,-150.7543889,7/10/2022 9:04,0.1,0.1,Miscellaneous,0-25,SE,0-500,Hardwoods,60.54245,-150.754383,TRUE,Human
64.6531666,-153.6686945,7/10/2022 6:34,0.1,2229.1,Lightning,0-25,Flat,0501-1500,,64.65317,-153.6687,TRUE,Natural
67.5251667,-153.6895,7/10/2022 5:15,0.1,663.5,Lightning,0-25,North West,0501-1500,,67.52516,-153.6895,TRUE,Natural
66.9013333,-153.7535,7/10/2022 4:54,0.1,9222.3,Lightning,0-25,Flat,0501-1500,,66.90133,-153.7535,TRUE,Natural
61.6931111,-149.5054444,7/10/2022 4:41,0.1,0.1,Equipment,76+,S,0-500,Grass,61.644633,-149.467998,TRUE,Human
62.318883,-157.920267,7/9/2022 19:25,0.1,14.5,Lightning,0-25,NE,0-500,Black Spruce,62.448076,-157.979809,TRUE,Natural
66.8284167,-144.187,7/9/2022 17:22,0.1,0.3,Lightning,0-25,Flat,0-500,,66.82842,-144.187,TRUE,Natural
61.0097222,-149.6955556,7/9/2022 13:20,0.1,0.1,,0-25,SW,0-500,Mixed (Hardwoods/Softwoods),60.940833,-149.273888,TRUE,Human
66.9946667,-145.5321944,7/9/2022 7:55,0.1,8769.4,Lightning,0-25,Flat,0501-1500,,66.99512,-145.3864,TRUE,Natural
62.841467,-141.404467,7/8/2022 18:07,0.1,0.1,Lightning,Unknown,Unknown,Unknown,Black Spruce,62.846383,-141.241383,TRUE,Natural
66.366,-152.1293889,7/8/2022 17:57,15,7414.6,Lightning,0-25,Flat,0501-1500,,66.366,-152.1294,TRUE,Natural
66.3005,-154.6465,7/8/2022 17:04,0.1,11403.4,Lightning,0-25,Flat,0-500,,66.3005,-154.6465,TRUE,Natural
63.685,-144.036383,7/8/2022 15:31,50,102.9,Lightning,Unknown,Unknown,Unknown,Live White Spruce,63.686667,-144.0565,TRUE,Natural
65.79033,-149.9841,7/8/2022 14:29,0.1,0.1,Lightning,0-25,Flat,0501-1500,,65.79033,-149.9841,TRUE,Natural
61.6141389,-149.5258333,7/8/2022 10:50,0.1,0.1,Miscellaneous,0-25,SW,0-500,Grass,61.614198,-149.525631,TRUE,Human
61.5646667,-149.1541667,7/8/2022 8:41,0.1,0.1,Campfire,0-25,N,0-500,Hardwoods,61.564667,-149.154167,TRUE,Human
63.82705,-144.445833,7/7/2022 21:42,1,0.5,Lightning,Unknown,Unknown,Unknown,Black Spruce,63.8,-144.445833,TRUE,Natural
66.9051666,-152.3245,7/7/2022 21:15,0.1,528.2,Lightning,0-25,Flat,1501-2500,,66.90516,-152.3245,TRUE,Natural
63.513133,-144.1091,7/7/2022 21:03,1,1,Lightning,0-25,E,1501-2500,Black Spruce,63.8,-144.445833,TRUE,Natural
62.81195,-153.927783,7/7/2022 20:36,0.1,2865.5,Lightning,0-25,NW,501-1500,Black Spruce,62.819867,-153.927783,TRUE,Natural
66.8754445,-151.5843055,7/7/2022 19:08,0.1,0.1,Lightning,0-25,Flat,0501-1500,,66.87545,-151.5843,TRUE,Natural
60.700067,-151.390967,7/7/2022 15:48,0.1,0.1,Investigated but cause Undetermined,0-25,NE,0-500,Hardwoods,60.700067,-151.390967,TRUE,Human
64.5628,-148.548433,7/7/2022 15:12,5,88.9,Lightning,0-25,SW,0-500,Mixed (Hardwoods/Softwoods),64.541833,-148.5465,TRUE,Natural
63.9278611,-146.2456111,7/7/2022 14:53,0.1,63.9,Lightning,0-25,Flat,1501-2500,,63.92787,-146.2456,TRUE,Natural
64.02999,-151.2198,7/7/2022 12:43,5,3179.4,Lightning,0-25,Flat,0501-1500,,64.02999,-151.2198,TRUE,Natural
63.9235,-152.897729,7/7/2022 9:50,1,0.1,,,,,,63.9235,-152.897729,TRUE,Undetermined
65.3518889,-148.3973055,7/7/2022 8:50,0.1,10.1,Lightning,0-25,Flat,0501-1500,,65.34995,-148.3899,TRUE,Natural
63.9395,-151.5829,7/7/2022 8:15,0.1,308.9,Lightning,0-25,Flat,0501-1500,,63.93995,-151.5899,TRUE,Natural
64.05995,-152.8299,7/7/2022 8:12,0.1,8623.2,Lightning,0-25,Flat,1501-2500,,64.05995,-152.8299,TRUE,Natural
61.5980833,-149.4119445,7/7/2022 0:02,0.1,0.3,Debris Burning,0-25,SE,0-500,Mixed (Hardwoods/Softwoods),61.59219,-149.420448,TRUE,Human
64.09833,-153.7748,7/6/2022 19:34,5,9876.4,Lightning,0-25,North West,0501-1500,,64.09833,-153.7748,TRUE,Natural
66.9191111,-146.4673056,7/6/2022 19:24,0,0,,0-25,Flat,0501-1500,,66.91912,-146.4673,TRUE,False Alarm
66.8198056,-151.4986944,7/6/2022 18:46,0.1,0.1,Lightning,0-25,Flat,0501-1500,,66.81979,-151.4987,TRUE,Natural
66.8695,-151.6285,7/6/2022 18:39,0.1,0.1,Lightning,0-25,Flat,0501-1500,,66.86951,-151.6285,TRUE,Natural
66.6219167,-155.171,7/6/2022 17:26,0.1,1306.9,Lightning,0-25,North West,0501-1500,,66.62192,-155.171,TRUE,Natural
65.038883,-146.977783,7/6/2022 17:21,10,122.3,Lightning,Unknown,Unknown,Unknown,Hardwoods,65.028833,-147.181667,TRUE,Natural
64.2988333,-144.7148333,7/6/2022 16:25,3,3,Lightning,Unknown,Unknown,Unknown,Unknown,64.298833,-144.714833,TRUE,Natural
65.2666389,-144.4998055,7/6/2022 14:16,0,0,,0-25,North,2501-3500,,65.26665,-144.4998,TRUE,Natural
65.5523333,-154.1755,7/6/2022 14:01,0.1,947.3,Lightning,0-25,North West,1501-2500,,65.55234,-154.1755,TRUE,Natural
66.9729722,-141.9825,7/6/2022 13:27,0.1,14039.8,Lightning,0-25,Flat,0501-1500,,65.97277,-141.9829,TRUE,Natural
66.7607778,-150.5798056,7/6/2022 10:11,1,410.2,Lightning,0-25,North,1501-2500,,66.76078,-150.5798,TRUE,Natural
66.4163056,-154.1021944,7/6/2022 9:44,2,43.4,Lightning,0-25,East,0501-1500,,66.31746,-153.8591,TRUE,Natural
61.6638333,-149.2387222,7/5/2022 16:39,0.1,0.1,Equipment,26-40,S,501-1500,Grass,61.663667,-149.239117,TRUE,Human
66.1386111,-141.2048056,7/5/2022 16:39,1,1155.8,Lightning,0-25,Flat,1501-2500,,66.1386,-141.2048,TRUE,Natural
64.9351944,-141.6477222,7/5/2022 16:27,0.1,54.8,Lightning,0-25,South West,1501-2500,,64.93082,-141.6429,TRUE,Natural
64.7145,-153.7677222,7/5/2022 16:04,1,12730.1,Lightning,0-25,Flat,0-500,,64.71449,-153.7677,TRUE,Natural
66.0744444,-149.5701111,7/5/2022 15:44,0.1,291.8,Lightning,0-25,Flat,0-500,,66.07445,-149.5701,TRUE,Natural
63.086833,-147.546,7/5/2022 14:49,5,117.8,Campfire,0-25,NW,2501-3500,Black Spruce,63.086833,-147.546,TRUE,Human
55.6906111,-132.4713056,7/5/2022 14:02,0.1,0.1,Investigated but cause Undetermined,Unknown,Unknown,Unknown,Unknown,55.69359,-132.4816,TRUE,?
66.8019445,-143.7373056,7/5/2022 13:46,0.1,38.8,Lightning,0-25,Flat,0501-1500,,66.80193,-143.7373,TRUE,Natural
66.8388889,-152.9395,7/5/2022 13:36,0.1,1321.3,Lightning,0-25,South West,1501-2500,,66.83884,-153.9395,TRUE,Natural
62.103896,-150.046939,7/5/2022 11:37,0.1,0.1,Investigated but cause Undetermined,0-25,NW,0-500,Mixed (Hardwoods/Softwoods),62.11408,-150.028212,TRUE,Human
67.0928611,-152.5926944,7/5/2022 8:56,3,5486.7,Lightning,0-25,Flat,0501-1500,,67.09286,-152.5927,TRUE,Natural
60.7266944,-151.2974444,7/5/2022 8:51,0.1,0.1,Miscellaneous,0-25,W,0-500,Grass,60.726687,-151.297417,TRUE,Human
65.9399444,-142.2098056,7/5/2022 7:44,50,20298.9,Lightning,0-25,Flat,0501-1500,,65.93993,-142.2098,TRUE,Natural
67.0799444,-151.9596944,7/5/2022 7:34,1,356,Lightning,0-25,Flat,0501-1500,,67.07994,-151.9597,TRUE,Natural
61.5245833,-149.8046111,7/4/2022 20:19,0.1,0.2,Investigated but cause Undetermined,0-25,NE,0-500,Mixed (Hardwoods/Softwoods),61.5245,-149.806667,TRUE,Human
64.196,-144.244,7/4/2022 19:04,70,1319,Lightning,Unknown,Unknown,Unknown,Black Spruce,64.196,-144.244,TRUE,Natural
65.4901389,-154.7946111,7/4/2022 18:12,0.1,4.8,Lightning,0-25,South East,0501-1500,,65.49112,-154.794,TRUE,Natural
62.3725,-143.8380555,7/4/2022 17:18,0.2,4.3,Lightning,41-55,E,4501-5500,Black Spruce,62.37155,-143.835867,TRUE,Natural
67.273,-144.6393889,7/4/2022 17:05,2,0.6,Lightning,0-25,Flat,0501-1500,,67.27311,-144.6426,TRUE,Natural
64.375,-144.632,7/4/2022 16:56,30,770.1,Lightning,Unknown,Unknown,Unknown,Hardwoods,64.375,-144.632,TRUE,Natural
66.7747778,-141.3538889,7/4/2022 15:19,0.1,2386.8,Lightning,0-25,South East,1501-2500,,66.77387,-141.3512,TRUE,Natural
65.6933333,-141.0603889,7/4/2022 15:14,0.1,39,Lightning,0-25,Flat,1501-2500,,65.2422,-141.0565,TRUE,Natural
64.1075,-144.792167,7/4/2022 15:12,5,196.7,Lightning,Unknown,Unknown,Unknown,Hardwoods,64.1075,-144.792167,TRUE,Natural
65.1519445,-144.33,7/4/2022 15:09,0.1,203.8,Lightning,0-25,Flat,2501-3500,,65.15028,-144.3254,TRUE,Natural
67.6646944,-145.6148889,7/4/2022 14:02,0.1,1143.6,Lightning,0-25,South East,1501-2500,,67.65999,-145.6198,TRUE,Natural
67.7918611,-146.0665,7/4/2022 14:00,0.1,4.3,Lightning,0-25,Flat,1501-2500,,67.79137,-146.0712,TRUE,Natural
66.4223889,-151.629,7/4/2022 13:59,1,1006.4,Lightning,0-25,Flat,0501-1500,,66.41978,-151.6286,TRUE,Natural
65.1999444,-154.8998889,7/4/2022 13:23,0.1,17872.9,Lightning,0-25,Flat,0501-1500,,65.19994,-154.8999,TRUE,Natural
67.58,-145.5996944,7/4/2022 13:16,0.1,434.4,Lightning,26-40,North East,1501-2500,,67.57999,-145.5997,TRUE,Natural
63.4441667,-141.9618333,7/4/2022 13:15,20,983.5,Lightning,Unknown,Unknown,Unknown,Mixed (Hardwoods/Softwoods),63.446333,-141.975,TRUE,Natural
64.4086667,-145.8418333,7/4/2022 12:24,3,2374.1,Lightning,Unknown,Unknown,Unknown,Mixed (Hardwoods/Softwoods),64.408667,-145.841833,TRUE,Natural
65.3238889,-142.6431944,7/4/2022 12:22,0.1,6714,Lightning,0-25,Flat,0501-1500,,65.32388,-142.6432,TRUE,Natural
66.2321667,-141.0756944,7/4/2022 12:21,0.1,455.5,Lightning,0-25,South East,1501-2500,,66.23216,-141.0757,TRUE,Natural
65.6686945,-153.9718889,7/4/2022 12:21,1,1581.9,Lightning,0-25,Flat,0501-1500,,65.66869,-153.9719,TRUE,Natural
64.3935,-145.471,7/4/2022 9:04,10,16247.7,Lightning,0-25,NE,501-1500,Black Spruce,64.3935,-145.471,TRUE,Natural
60.7405556,-149.2626111,7/4/2022 8:22,0.1,0.1,,Unknown,Unknown,Unknown,Unknown,60.74055,-149.2626,TRUE,Human
66.3602222,-144.4056945,7/4/2022 7:33,99,857.4,Lightning,0-25,Flat,0501-1500,,66.36022,-144.4057,TRUE,Natural
61.6095,-149.2082778,7/4/2022 1:51,0.1,0.1,Debris Burning,0-25,S,0-500,Grass,61.609,-149.207,TRUE,Human
61.599588,-149.209043,7/4/2022 1:42,0.1,0.1,Investigated but cause Undetermined,0-25,SE,0-500,Grass,61.60394,-149.208702,TRUE,Human
61.5861389,-149.6504166,7/3/2022 23:30,0.1,0.1,Campfire,0-25,SW,0-500,Grass,61.586098,-149.650267,TRUE,Human
63.610633,-144.089667,7/3/2022 22:48,1,1,Lightning,Unknown,Unknown,Unknown,Black Spruce,63.610633,-144.089667,TRUE,Natural
66.9173334,-146.4662778,7/3/2022 21:54,3,39.7,Lightning,0-25,Flat,0501-1500,,66.91682,-146.4704,TRUE,Natural
63.63555,-144.10445,7/3/2022 21:40,0.1,1,Lightning,26-40,Unknown,Unknown,Mixed (Hardwoods/Softwoods),63.631333,-144.097167,TRUE,Natural
64.9808333,-142.5006111,7/3/2022 19:43,3,180.6,Lightning,0-25,Flat,2501-3500,,64.98082,-142.5006,TRUE,Natural
66.8050278,-145.9861945,7/3/2022 18:58,200,993,Lightning,0-25,Flat,0-500,,66.80502,-145.9862,TRUE,Natural
61.5686667,-149.4753611,7/3/2022 18:29,0.1,0.1,Campfire,0-25,S,0-500,Other,61.568667,-149.475333,TRUE,Human
63.441667,-143.62555,7/3/2022 18:24,0.1,2.1,Lightning,Unknown,Unknown,Unknown,Black Spruce,63.438833,-143.6325,TRUE,Natural
64.3666667,-144.95,7/3/2022 18:08,0.1,0.1,,Unknown,Unknown,Unknown,Unknown,64.366667,-144.95,TRUE,Natural
66.64678,-150.6592,7/3/2022 18:03,0.1,3257.3,Lightning,0-25,Flat,0501-1500,,66.64678,-150.6592,TRUE,Natural
62.579969,-151.880229,7/3/2022 17:49,2,5,Lightning,26-40,NW,501-1500,Mixed (Hardwoods/Softwoods),62.58,-151.88,TRUE,Natural
63.4525,-143.835,7/3/2022 17:34,0.2,0.4,Lightning,0-25,NE,1501-2500,Black Spruce,63.448883,-143.836383,TRUE,Natural
60.675,-151.3515,7/3/2022 16:24,0.3,0.3,Campfire,0-25,SE,0-500,Grass,60.675,-151.3515,TRUE,Human
64.3868333,-145.0313333,7/3/2022 16:14,0.1,6904.6,Lightning,Unknown,Unknown,Unknown,Black Spruce,64.386833,-145.031333,TRUE,Natural
64.2977778,-142.3733889,7/3/2022 14:24,0.1,273.2,Lightning,0-25,South,3501-4500,,64.29777,-142.3734,TRUE,Natural
62.7520833,-141.362,7/3/2022 13:42,0.1,0.5,Lightning,0-25,SE,1501-2500,Black Spruce,62.752083,-141.362,TRUE,Natural
64.081583,-144.406717,7/3/2022 9:47,2,7644.3,Lightning,Unknown,Unknown,Unknown,Black Spruce,64.277221,-144.400153,TRUE,Natural
60.6745834,-151.3506389,7/3/2022 9:45,0.1,0.1,Miscellaneous,0-25,E,0-500,Black Spruce,60.674583,-151.35065,TRUE,Human
60.6753889,-151.3515278,7/3/2022 9:13,0.1,0.1,Miscellaneous,0-25,N,0-500,Grass,60.675383,-151.351533,TRUE,Human
66.3758333,-153.2218056,7/3/2022 8:45,0.1,7806.8,Lightning,0-25,Flat,0501-1500,,66.37583,-153.2218,TRUE,Natural
60.45995,-148.7147,7/2/2022 16:29,0.3,0.8,,Unknown,Unknown,Unknown,Mixed (Hardwoods/Softwoods),60.46044,-148.7159,TRUE,Undetermined
60.5576945,-151.0406389,7/2/2022 16:14,0.1,0.1,Equipment,0-25,Flat,0-500,Grass,53,-148,TRUE,Human
62.73445,-141.22945,7/2/2022 14:43,0.1,22.6,Lightning,Unknown,Unknown,Unknown,Black Spruce,62.740583,-141.205533,TRUE,Natural
64.18,-145.3690278,7/2/2022 13:49,0.1,4119.7,Lightning,Unknown,Unknown,Unknown,Black Spruce,64.182667,-145.349,TRUE,Natural
63.084717,-141.45805,7/2/2022 12:53,3,13.2,Lightning,0-25,SE,1501-2500,Mixed (Hardwoods/Softwoods),63.077917,-141.454833,TRUE,Natural
61.7711667,-149.5538333,7/2/2022 11:34,0.1,0.1,Equipment,0-25,S,1501-2500,Other,61.771167,-149.556167,TRUE,Human
65.2899167,-141.2791111,7/2/2022 7:46,1,2538.4,Lightning,0-25,North East,2501-3500,,65.28992,-141.2791,TRUE,Natural
65.3399445,-141.1991111,7/2/2022 7:45,1,5936,Lightning,0-25,Flat,2501-3500,,65.33993,-141.1991,TRUE,Natural
63.94544,-146.5256,7/1/2022 22:29,0.3,0.3,Lightning,0-25,Flat,1501-2500,,63.94544,-146.5256,TRUE,Natural
63.95344,-146.4342,7/1/2022 22:22,5,5,Lightning,0-25,Flat,1501-2500,,63.95344,-146.4342,TRUE,Natural
64.722167,-145.920667,7/1/2022 21:16,0.1,0.3,Lightning,Unknown,Unknown,Unknown,Black Spruce,64.722167,-145.920667,TRUE,Natural
64.1386389,-156.7796111,7/1/2022 19:07,0.1,2192,Lightning,0-25,Flat,0-500,Black Spruce,64.13178,-156.6346,TRUE,Natural
63.9361111,-146.919,7/1/2022 18:09,50,15,Lightning,0-25,Flat,1501-2500,,63.91574,-146.4951,TRUE,Natural
61.6406111,-150.1734444,7/1/2022 15:24,0.1,0.3,Campfire,0-25,E,0-500,Hardwoods,61.6375,-150.169667,TRUE,Human
58.6130556,-135.1811944,7/1/2022 13:01,0.1,0.8,,Unknown,Unknown,Unknown,Unknown,58.6133,-135.1806,TRUE,Human
66.0130278,-150.1802778,7/1/2022 12:51,1,0.1,,,,,,66.013034,-150.180282,TRUE,Undetermined
60.648454,-161.936309,6/30/2022 19:17,0.1,9.8,Campfire,0-25,N,0-500,Grass,60.697833,-161.83,TRUE,Human
64.849167,-147.9445,6/30/2022 17:13,0.1,0.1,Debris Burning,Unknown,Unknown,Unknown,Hardwoods,64.849167,-147.9445,TRUE,Human
63.481667,-141.813883,6/30/2022 17:07,50,1231.5,Lightning,Unknown,Unknown,Unknown,Black Spruce,63.4955,-141.819,TRUE,Natural
66.26,-146.479,6/30/2022 16:13,0.1,21,Lightning,0-25,Flat,0-500,,66.14499,-146.2798,TRUE,Natural
70.1358611,-146.2905,6/30/2022 13:57,0.1,0.1,Miscellaneous,0-25,Flat,0-500,,70.13586,-146.2905,TRUE,Human
60.4977222,-149.8995278,6/30/2022 11:31,0.1,0.1,,Unknown,Unknown,Unknown,Unknown,60.49771,-149.8995,TRUE,Human
62.50301,-162.4682,6/29/2022 20:38,0.1,14.4,Lightning,0-25,South East,0501-1500,,62.50301,-162.4682,TRUE,Natural
62.7678333,-145.482,6/29/2022 19:19,0.1,0.1,Lightning,0-25,SE,2501-3500,Black Spruce,62.767833,-145.482,TRUE,Natural
65.6522778,-146.3003889,6/29/2022 18:42,3,3,Lightning,0-25,North,2501-3500,,65.65228,-146.3004,TRUE,Natural
68.3143056,-145.488,6/29/2022 18:38,0.1,9.1,Lightning,0-25,Flat,1501-2500,,68.2755,-145.5735,TRUE,Natural
61.4511667,-148.80675,6/29/2022 18:35,0.1,0.1,Investigated but cause Undetermined,0-25,N,0-500,Mixed (Hardwoods/Softwoods),61.45095,-148.806817,TRUE,Human
64.131333,-145.416567,6/29/2022 17:46,0.1,0.1,Miscellaneous,0-25,E,501-1500,Live White Spruce,64.1309,-145.4162,TRUE,Human
60.1384167,-149.3781667,6/29/2022 17:10,0.1,0.1,Investigated but cause Undetermined,0-25,SE,0-500,Grass,60.138412,-149.37818,TRUE,Human
66.9188889,-143.7044167,6/29/2022 15:15,2,925.2,Lightning,0-25,Flat,0501-1500,,66.90318,-143.7021,TRUE,Natural
60.4749444,-149.7485833,6/29/2022 12:27,0.1,0.1,,Unknown,Unknown,Unknown,Unknown,60.47495,-149.74855,TRUE,Human
60.7287778,-149.4858055,6/29/2022 12:01,0.1,0.1,Lightning,Unknown,Unknown,Unknown,Unknown,60.728783,-149.485817,TRUE,Natural
66.8761111,-143.8876111,6/29/2022 8:38,0.1,11035.4,Lightning,0-25,Flat,0501-1500,,66.87611,-143.8876,TRUE,Natural
59.3002778,-135.7749167,6/28/2022 23:00,0.1,0.2,Lightning,Unknown,Unknown,Unknown,Unknown,59.28068,-135.7428,TRUE,Natural
60.4776667,-150.9868333,6/28/2022 15:46,0.1,0.1,Debris Burning,0-25,W,0-500,Grass,60.477667,-150.986833,TRUE,Human
64.5157,-154.9145,6/28/2022 15:42,1,0.1,,,,,,64.5157,-154.914467,TRUE,Undetermined
61.2015,-149.850667,6/28/2022 14:14,0.5,0.3,Investigated but cause Undetermined,0-25,NW,0-500,Black Spruce,61.2055,-149.850167,TRUE,Human
58.542,-134.8541111,6/28/2022 9:14,0.1,0.1,,Unknown,Unknown,Unknown,Unknown,58.542,-134.8541,TRUE,Human
65.111803,-147.774287,6/27/2022 21:31,0.2,0.2,Miscellaneous,0-25,Unknown,Unknown,Black Spruce,65.111803,-147.774287,TRUE,Human
61.527,-149.5125,6/27/2022 19:10,0.1,0.1,Debris Burning,0-25,SE,0-500,Grass,61.527,-149.5125,TRUE,Human
64.070833,-145.7375,6/27/2022 17:26,0.1,0.1,Smoking,0-25,N,501-1500,Unknown,64.070765,-145.736797,TRUE,Human
61.8293333,-145.1863889,6/27/2022 15:25,0.1,0.5,Lightning,0-25,Flat,0-500,Black Spruce,61.816667,-145.116667,TRUE,Natural
60.4913889,-149.745,6/26/2022 17:13,0.1,0.1,,Unknown,Unknown,Unknown,Unknown,60.491383,-149.745,TRUE,Human
63.9336111,-144.7754444,6/26/2022 16:47,0.1,3,Lightning,0-25,SW,1501-2500,Other,64.0295,-144.6395,TRUE,Natural
63.85987,-154.4235,6/26/2022 16:01,1,11195.5,Lightning,0-25,Flat,0501-1500,,63.85987,-154.4235,TRUE,Natural
64.949667,-146.211,6/26/2022 10:44,1,1236.9,Lightning,0-25,N,501-1500,Mixed (Hardwoods/Softwoods),64.949667,-146.211,TRUE,Natural
56.8496944,-133.8641111,6/26/2022 8:00,0.1,0.3,,Unknown,Unknown,Unknown,Unknown,56.846017,-133.86805,TRUE,Human
62.1045,-145.5416667,6/25/2022 23:45,0.2,0.1,Lightning,0-25,Flat,501-1500,Black Spruce,62.1045,-145.541667,TRUE,Natural
64.2875,-149.4158333,6/25/2022 20:05,0.1,0.1,Miscellaneous,Unknown,Unknown,Unknown,Other,64.2875,-149.415833,TRUE,Human
64.0991667,-157.0098889,6/25/2022 19:34,100,43603.6,Lightning,0-25,Flat,0-500,Black Spruce,64.099333,-157.010333,TRUE,Natural
64.8323889,-151.1676111,6/25/2022 16:01,1,0.1,,,,,,64.987611,-150.905392,TRUE,Undetermined
67.7210555,-150.0664167,6/25/2022 12:24,0.1,4,Lightning,0-25,North,1501-2500,,67.73186,-150.0831,TRUE,Natural
64.5634722,-153.711,6/25/2022 10:39,1,32753.1,Lightning,0-25,Flat,0501-1500,,64.56346,-153.711,TRUE,Natural
59.7439722,-151.2603889,6/24/2022 20:36,0.1,0.1,Children <12 yoa,0-25,W,501-1500,Grass,59.743983,-151.260383,TRUE,Human
64.648,-145.013167,6/24/2022 20:34,11097.2,12390.6,Lightning,Unknown,Unknown,Unknown,Black Spruce,64.648,-145.013167,TRUE,Natural
64.125717,-149.278967,6/24/2022 16:04,0.2,0.2,Debris Burning,Unknown,Unknown,Unknown,Grass,64.125717,-149.278967,TRUE,Human
61.8810556,-145.27625,6/24/2022 15:47,0.1,0.1,Lightning,0-25,Flat,501-1500,Black Spruce,61.880833,-145.275667,TRUE,Natural
65.5558889,-149.4156111,6/24/2022 15:16,5,19010.1,Lightning,0-25,Flat,0501-1500,,65.54533,-149.3954,TRUE,Natural
65.6325556,-150.1356945,6/24/2022 14:32,0,0,,0-25,Flat,0-500,,65.63256,-150.1357,TRUE,False Alarm
65.109833,-153.7925,6/24/2022 10:49,1,3001.5,Lightning,0-25,Flat,0-500,,65.10989,-153.7495,TRUE,Natural
61.6511111,-149.5048333,6/24/2022 9:10,0.2,0.2,Debris Burning,0-25,SE,0-500,Mixed (Hardwoods/Softwoods),61.651,-149.5045,TRUE,Human
60.3390556,-160.3633889,6/23/2022 21:13,3,4.7,Lightning,0-25,NW,501-1500,Grass,60.33845,-160.355583,TRUE,Natural
66.26475,-144.3331111,6/23/2022 19:58,1,0.1,Lightning,0-25,Flat,0501-1500,,66.26475,-144.3331,TRUE,Natural
64.8621111,-151.1028889,6/23/2022 19:47,1,276.4,Lightning,0-25,Flat,0501-1500,,64.86098,-151.0904,TRUE,Natural
62.2010833,-149.9877222,6/23/2022 16:51,0.1,0.1,Debris Burning,0-25,NW,501-1500,Mixed (Hardwoods/Softwoods),62.201083,-149.9877,TRUE,Human
61.5948333,-149.2591944,6/23/2022 16:12,0.5,0.7,Equipment,0-25,SE,0-500,Grass,61.595167,-149.258833,TRUE,Human
65.6485,-148.827,6/23/2022 15:00,0.5,2.2,Lightning,0-25,Flat,0501-1500,,65.64704,-148.8302,TRUE,Natural
61.1681111,-149.8171667,6/23/2022 14:49,3,13.7,Investigated but cause Undetermined,0-25,Flat,0-500,Black Spruce,61.167333,-149.8095,TRUE,Human
64.9839445,-151.0428056,6/23/2022 13:29,0,1,,0-25,Flat,0501-1500,,64.98395,-151.0428,TRUE,False Alarm
65.1295,-150.2771111,6/23/2022 13:22,0,,,0-25,Flat,0-500,,65.12984,-150.2793,TRUE,Natural
65.4916111,-149.6946944,6/23/2022 12:38,30,13587.9,Lightning,0-25,Flat,0501-1500,,65.49601,-149.7203,TRUE,Natural
60.581683,-151.238117,6/23/2022 11:18,0.1,0.1,Miscellaneous,0-25,Flat,0-500,Grass,60.581683,-151.238117,TRUE,Human
64.0058889,-146.3933055,6/22/2022 17:13,1,0.1,Miscellaneous,0-25,Flat,1501-2500,,64.00589,-146.3933,TRUE,Human
64.7499445,-150.9998056,6/22/2022 13:47,0,,,0-25,Flat,0501-1500,,64.74994,-150.9998,TRUE,False Alarm
65.4325,-152.0111944,6/22/2022 11:37,200,11.2,Lightning,0-25,Flat,0501-1500,,65.44995,-151.9998,TRUE,Natural
64.1756944,-156.1085833,6/21/2022 20:28,20,79928.6,Lightning,0-25,Flat,0501-1500,,64.17569,-156.1086,TRUE,Natural
65.15575,-151.535,6/21/2022 20:07,0.1,6.3,Lightning,0-25,Flat,0501-1500,,65.13247,-151.2772,TRUE,Natural
63.37918,-143.38321,6/21/2022 19:47,0.1,0.1,Debris Burning,Unknown,Unknown,Unknown,Other,63.37918,-143.38321,TRUE,Human
65.2176111,-150.4366111,6/21/2022 19:11,1,74.1,Lightning,26-40,North East,1501-2500,,65.21996,-150.4385,TRUE,Natural
65.6168056,-152.0345,6/21/2022 17:30,0,0.1,,0-25,Flat,0501-1500,,65.61682,-152.0345,TRUE,False Alarm
64.4021111,-149.5043056,6/21/2022 17:05,1,73284,Lightning,Unknown,Unknown,Unknown,Mixed (Hardwoods/Softwoods),64.404667,-149.5065,TRUE,Natural
66.5199167,-144.5685,6/21/2022 16:51,0,0,,0-25,Flat,0-500,,66.51991,-144.5685,TRUE,False Alarm
65.01,-148.747167,6/21/2022 16:34,20,37752.3,Lightning,0-25,SE,0-500,Dead White Spruce,64.95945,-148.824722,TRUE,Natural
65.2756945,-155.0946944,6/21/2022 15:55,299,46037.5,Lightning,0-25,Flat,0501-1500,,65.27569,-155.0947,TRUE,Natural
64.8499722,-151.0191944,6/21/2022 15:44,0.1,14562,Lightning,0-25,Flat,0501-1500,,64.84998,-151.0192,TRUE,Natural
64.5801389,-151.7888056,6/21/2022 15:37,0,0,,0-25,Flat,0501-1500,,64.58015,-151.7888,TRUE,False Alarm
65.4899444,-144.5491111,6/21/2022 15:14,1,6.2,Lightning,0-25,Flat,0501-1500,,65.48995,-144.5491,TRUE,Natural
67.2576389,-148.6909167,6/21/2022 14:20,25,60087.7,Lightning,0-25,Flat,1501-2500,,67.25764,-148.6909,TRUE,Natural
67.861,-144.1867222,6/21/2022 14:13,1,7284.6,Lightning,0-25,Flat,1501-2500,,67.8594,-144.1869,TRUE,Natural
66.0278,-150.7689,6/21/2022 13:56,1,7.4,Lightning,0-25,Flat,0501-1500,,66.03281,-150.78,TRUE,Natural
66.87197,-150.5214,6/21/2022 13:09,15,23132.2,Lightning,0-25,Flat,0501-1500,,66.87197,-150.5214,TRUE,Natural
64.2615278,-154.8853055,6/21/2022 11:57,10,70911.8,Lightning,0-25,Flat,0501-1500,,64.28001,-154.8886,TRUE,Natural
67.4908055,-150.8885,6/21/2022 10:24,0.1,76.1,Lightning,0-25,Flat,1501-2500,,67.48997,-150.8984,TRUE,Natural
66.7658333,-150.6953889,6/21/2022 9:58,0,0,,0-25,Flat,0501-1500,,66.76583,-150.6954,TRUE,Natural
61.594,-149.7628611,6/21/2022 9:17,0.1,0.1,Debris Burning,0-25,SE,0-500,Mixed (Hardwoods/Softwoods),61.594,-149.762833,TRUE,Human
66.87,-149.4496944,6/21/2022 9:02,1,55949.1,Lightning,0-25,Flat,2501-3500,,66.86999,-149.4497,TRUE,Natural
66.3166389,-150.5151111,6/20/2022 23:23,0,0,,0-25,Flat,1501-2500,,66.31663,-150.5151,TRUE,False Alarm
65.52764,-159.2681,6/20/2022 19:33,8,619.9,Lightning,0-25,Flat,0501-1500,,65.52774,-159.2746,TRUE,Natural
65.5175555,-159.2845,6/20/2022 19:30,15,246.3,Lightning,0-25,Flat,0501-1500,tundra,65.52766,-159.2755,TRUE,Natural
65.015,-150.2774167,6/20/2022 19:11,1,418.5,Lightning,0-25,Flat,0-500,,65.21829,-150.2945,TRUE,Natural
65.1403333,-147.429,6/20/2022 18:23,0.1,0.1,Miscellaneous,Unknown,Unknown,Unknown,Other,65.140333,-147.429,TRUE,Human
67.8616111,-149.8173889,6/20/2022 18:04,1,65,Lightning,0-25,Flat,1501-2500,,67.85893,-149.8246,TRUE,Natural
63.9883333,-156.9261945,6/20/2022 17:16,7,10536.8,Lightning,0-25,Flat,0501-1500,,63.99006,-156.9278,TRUE,Natural
65.9191667,-152.0763056,6/20/2022 16:26,1,623.2,Lightning,0-25,East,1501-2500,,65.91443,-152.0485,TRUE,Natural
64.6351389,-157.6271111,6/20/2022 16:20,1,5.1,Lightning,0-25,Flat,0-500,,64.5,-157.9598,TRUE,Natural
64.5696667,-157.503,6/20/2022 16:09,1,3556.9,Lightning,0-25,Flat,0-500,,64.55001,-157.7098,TRUE,Natural
65.8340833,-142.9913056,6/20/2022 11:51,1,29866.3,Lightning,0-25,Flat,0501-1500,,65.83409,-142.9913,TRUE,Natural
66.1173056,-151.4351111,6/20/2022 10:39,1,410.1,Lightning,0-25,Flat,0501-1500,,68.14869,-151.3848,TRUE,Natural
66.55998,-150.8293,6/20/2022 7:50,1,215.9,Lightning,0-25,Flat,0501-1500,,66.55998,-150.8293,TRUE,Natural
66.18,-150.6393055,6/20/2022 7:49,1,30361,Lightning,0-25,Flat,1501-2500,,66.17999,-150.6393,TRUE,Natural
65.6015,-149.0673889,6/19/2022 21:03,0.1,0.1,Lightning,0-25,Flat,1501-2500,,65.6015,-149.0674,TRUE,Natural
65.09016,-155.5584,6/19/2022 20:46,0.1,1.2,Lightning,0-25,Flat,0501-1500,,65.09267,-155.5641,TRUE,Natural
64.8753056,-151.6410833,6/19/2022 19:45,0.3,87145.4,Lightning,0-25,Flat,0-500,,64.87531,-151.6411,TRUE,Natural
64.88,-151.499,6/19/2022 18:17,0.1,101.9,Lightning,0-25,Flat,0-500,,64.8726,-151.3043,TRUE,Natural
64.51075,-154.4257,6/19/2022 17:04,0.1,,,0-25,Flat,0-500,,64.51075,-154.4257,TRUE,False Alarm
64.5556111,-151.7973056,6/19/2022 17:04,0.1,79044.6,Lightning,0-25,Flat,0-500,,64.51074,-151.9654,TRUE,Natural
64.9085,-149.627,6/19/2022 16:53,2,25255.1,Lightning,0-25,Flat,Unknown,Dead White Spruce,64.9005,-149.6743,TRUE,Natural
63.20975,-161.8881111,6/19/2022 16:04,80,312.9,Lightning,0-25,Flat,0501-1500,,63.20985,-161.8896,TRUE,Natural
60.5161111,-150.7075,6/19/2022 15:52,0.1,0.1,Debris Burning,0-25,SW,0-500,Unknown,60.51565,-151.044283,TRUE,Human
66.0708056,-142.9123055,6/19/2022 12:04,0.1,30948,Lightning,0-25,Flat,0501-1500,,66.07081,-142.9123,TRUE,Natural
64.40775,-157.705,6/18/2022 20:06,3,4230,Lightning,0-25,Flat,0-500,,64.40566,-157.7121,TRUE,Natural
64.2231111,-152.0603889,6/18/2022 20:04,0,0,,0-25,Flat,0501-1500,,64.22311,-152.0604,TRUE,False Alarm
66.1013333,-145.5366111,6/18/2022 11:29,0.2,0.2,Lightning,0-25,Flat,0501-1500,,66.10133,-145.5366,TRUE,Natural
59.8535,-144.5011944,6/18/2022 1:24,0.1,2,,Unknown,Unknown,Unknown,Unknown,59.85351,-144.5012,TRUE,Human
64.911333,-147.481667,6/17/2022 22:37,0.1,0.1,Debris Burning,Unknown,Unknown,Unknown,Other,64.911333,-147.481667,TRUE,Human
65.5082,-144.462,6/17/2022 21:38,1,3.3,Lightning,0-25,Flat,0501-1500,,65.50651,-144.4593,TRUE,Natural
63.864183,-145.1047,6/17/2022 18:19,0.1,0.1,Miscellaneous,Unknown,Unknown,Unknown,Black Spruce,63.864183,-145.1047,TRUE,Human
64.9001389,-155.8806111,6/17/2022 17:20,300,18.3,Lightning,0-25,Flat,0501-1500,Black Spruce,64.87849,-155.8882,TRUE,Natural
66.11,-144.1096944,6/17/2022 16:22,1,0.3,Lightning,0-25,Flat,0501-1500,,66.10999,-144.1097,TRUE,Natural
66.15,-143.73,6/17/2022 16:08,5,6.4,Lightning,0-25,Flat,0501-1500,,66.1454,-143.7271,TRUE,Natural
65.3316944,-144.362,6/17/2022 15:30,0.5,0.8,Lightning,0-25,Flat,0501-1500,,65.3559,-144.3615,TRUE,Natural
64.70645,-145.959367,6/17/2022 15:01,5,13280.4,Lightning,0-25,SE,2501-3500,Black Spruce,64.70645,-145.959367,TRUE,Natural
64.3442222,-144.9663333,6/17/2022 14:07,0.1,7802.9,Lightning,0-25,Unknown,Unknown,Mixed (Hardwoods/Softwoods),64.344233,-144.966333,TRUE,Natural
67.1048056,-147.8416944,6/17/2022 13:32,1,53529.6,Lightning,0-25,Flat,0501-1500,,67.09994,-147.8298,TRUE,Natural
60.559983,-151.116017,6/17/2022 11:24,0.1,0.1,Miscellaneous,0-25,SW,0-500,Grass,60.559983,-151.116017,TRUE,Human
60.5054722,-150.9613055,6/16/2022 22:30,0.1,0.1,Miscellaneous,0-25,E,0-500,Grass,60.505467,-150.9613,TRUE,Human
65.1595,-148.1626667,6/16/2022 18:10,0.1,0.5,Lightning,Unknown,Unknown,Unknown,Black Spruce,65.158833,-148.161,TRUE,Natural
67.709,-145.286,6/16/2022 18:02,0.5,1.4,Lightning,0-25,Flat,1501-2500,,67.71197,-145.2836,TRUE,Natural
61.633,-149.7905,6/16/2022 14:27,0.5,2.4,Miscellaneous,0-25,W,0-500,Grass,62.052533,-150.3404,TRUE,Human
67.1595556,-149.3186944,6/16/2022 11:16,0.1,5199.3,Lightning,0-25,Flat,2501-3500,,67.15312,-149.3232,TRUE,Natural
61.5702778,-158.0063889,6/16/2022 11:07,0.1,0.1,,0-25,Flat,0501-1500,,63.5702778,-152.0063889,TRUE,Undetermined
61.577,-149.8166944,6/16/2022 9:41,0.1,0.2,Debris Burning,0-25,NW,0-500,Mixed (Hardwoods/Softwoods),61.5774,-149.81716,TRUE,Human
62.1037778,-150.0465556,6/15/2022 20:12,0.3,0.3,Miscellaneous,0-25,W,0-500,Hardwoods,62.102817,-150.046733,TRUE,Human
59.968283,-162.910717,6/15/2022 20:02,0.1,1,Debris Burning,0-25,SW,0-500,Grass,59.961667,-162.880667,TRUE,Human
65.157778,-148.211389,6/15/2022 18:51,0.1,59.6,Lightning,26-40,W,Unknown,Mixed (Hardwoods/Softwoods),65.167778,-148.201944,TRUE,Natural
65.18855,-146.818,6/15/2022 17:20,0.1,0.7,Lightning,0-25,S,Unknown,Mixed (Hardwoods/Softwoods),65.24305,-146.814717,TRUE,Natural
64.9811944,-151.161,6/15/2022 16:17,1.3,1.4,Lightning,0-25,Flat,0-500,,64.97212,-151.1047,TRUE,Natural
65.4242778,-148.8876944,6/15/2022 10:02,1,1,Miscellaneous,0-25,Flat,0501-1500,,65.43939,-148.8293,TRUE,Human
64.855283,-147.784167,6/14/2022 16:32,0.1,0.1,Investigated but cause Undetermined,Unknown,Unknown,Unknown,Other,64.855283,-147.784167,TRUE,Human
60.0116111,-151.6955,6/14/2022 16:10,1.2,1.8,Miscellaneous,0-25,W,0-500,Grass,60.019367,-151.693767,TRUE,Human
64.898183,-147.681883,6/14/2022 14:56,0.1,0.5,Debris Burning,0-25,Flat,Unknown,Hardwoods,64.89945,-147.68555,TRUE,Human
64.89359,-147.73391,6/13/2022 21:47,0.1,0.1,Debris Burning,Unknown,Unknown,Unknown,Other,64.89387,-147.73603,TRUE,Human
65.0585,-155.2334167,6/13/2022 19:29,20,7692,Lightning,0-25,Flat,0501-1500,,65.0585,-155.2334,TRUE,Natural
61.0275,-156.204722,6/12/2022 22:05,184,55807.9,Lightning,0-25,SE,501-1500,Mixed (Hardwoods/Softwoods),61.027432,-156.20467,TRUE,Natural
61.7936667,-150.0819167,6/12/2022 12:33,0.2,0.2,Debris Burning,0-25,NE,0-500,Black Spruce,61.787498,-150.082009,TRUE,Human
65.5570833,-145.09,6/11/2022 17:42,0.1,1,Miscellaneous,0-25,Flat,0501-1500,,65.55902,-145.0615,TRUE,Human
62.2665,-145.366,6/11/2022 16:35,0.3,0.3,Miscellaneous,0-25,Flat,501-1500,Mixed (Hardwoods/Softwoods),62.266917,-145.366333,TRUE,Human
60.5145,-151.1044444,6/11/2022 15:24,0.1,0.1,Miscellaneous,0-25,NW,0-500,Hardwoods,60.5148,-151.104467,TRUE,Human
59.8229167,-151.6578611,6/10/2022 19:30,0.1,0.1,Campfire,0-25,W,0-500,Grass,59.824133,-151.662,TRUE,Human
61.5600833,-149.7820555,6/10/2022 11:24,0.1,0.1,Debris Burning,0-25,Flat,0-500,Grass,61.560083,-149.782067,TRUE,Human
62.2755556,-164.4047222,6/10/2022 11:08,90,3081.6,Lightning,0-25,SW,0-500,Grass,62.27555,-164.4046,TRUE,Natural
63.607217,-153.787217,6/9/2022 21:00,150,2513.9,Lightning,0-25,E,501-1500,Mixed (Hardwoods/Softwoods),63.602917,-153.758967,TRUE,Natural
65.7403889,-144.2348056,6/9/2022 20:26,1.5,17.6,Miscellaneous,0-25,Flat,0501-1500,Spruce/Hardwood/Brus,65.74162,-144.2542,TRUE,Human
60.29185,-160.340033,6/9/2022 19:11,550,2740.7,Lightning,0-25,NE,501-1500,Mixed (Hardwoods/Softwoods),60.284483,-160.343,TRUE,Natural
63.0379167,-163.5406945,6/9/2022 18:33,0,0.1,,0-25,Flat,0-500,,63.03792,-163.5407,TRUE,False Alarm
62.589444,-163.4661,6/9/2022 17:17,1,89909.9,Lightning,0-25,Flat,0-500,,62.58941,-163.4661,TRUE,Natural
64.2499444,-153.7496945,6/9/2022 16:07,0,0,,0-25,Flat,0501-1500,,64.24994,-153.7497,TRUE,False Alarm
62.2921111,-150.1800833,6/9/2022 15:27,0.1,0.1,Lightning,0-25,Flat,0-500,Mixed (Hardwoods/Softwoods),62.288,-150.178,TRUE,Natural
62.2585278,-151.3842778,6/9/2022 14:50,0.1,0.1,Lightning,0-25,Flat,0-500,Black Spruce,62.258533,-151.384283,TRUE,Natural
66.284,-154.1136944,6/9/2022 12:06,0.1,88,Lightning,0-25,North West,0501-1500,,66.18886,-154.1584,TRUE,Natural
64.902167,-147.643333,6/9/2022 5:33,0.1,0.1,Miscellaneous,Unknown,Unknown,Unknown,Hardwoods,64.902167,-147.643333,TRUE,Human
59.473889,-159.512222,6/8/2022 23:02,250,735,Lightning,Unknown,Unknown,Unknown,Grass,59.473833,-159.51225,TRUE,Natural
60.485,-155.225,6/8/2022 22:57,300,178.7,Lightning,0-25,W,1501-2500,Grass,60.484967,-155.22495,TRUE,Natural
59.309167,-159.420278,6/8/2022 22:48,150,1426.2,Lightning,26-40,W,0-500,Grass,59.309167,-159.420217,TRUE,Natural
60.8916667,-157.2180556,6/8/2022 22:40,1200,45734,Lightning,0-25,E,501-1500,Black Spruce,60.891533,-157.217917,TRUE,Natural
60.8,-157.015278,6/8/2022 22:29,2200,53291,Lightning,0-25,E,501-1500,Black Spruce,60.79988,-157.015292,TRUE,Natural
61.1625,-156.0863889,6/8/2022 22:09,250,112646.1,Lightning,0-25,NE,501-1500,Mixed (Hardwoods/Softwoods),61.16255,-156.086367,TRUE,Natural
66.14874,-156.6151,6/8/2022 20:01,0.1,326,Lightning,0-25,Flat,0501-1500,,65.98722,-156.4389,TRUE,Natural
64.908383,-146.453417,6/8/2022 19:24,0.3,0.3,Miscellaneous,0-25,NW,501-1500,Hardwoods,64.907667,-146.470833,TRUE,Human
59.895,-156.0913889,6/8/2022 18:13,3000,206821.6,Lightning,0-25,NE,501-1500,Black Spruce,59.894967,-156.091467,TRUE,Natural
59.878333,-156.250833,6/8/2022 17:46,3000,87792.5,Lightning,0-25,SW,0-500,Mixed (Hardwoods/Softwoods),59.878367,-156.25095,TRUE,Natural
59.205833,-158.093889,6/8/2022 16:22,1200,43409.4,Lightning,0-25,E,0-500,Grass,59.205833,-158.09375,TRUE,Natural
62.476,-149.7146667,6/8/2022 14:26,2,10.5,Lightning,0-25,SW,1501-2500,Mixed (Hardwoods/Softwoods),62.475917,-149.716767,TRUE,Natural
60.71755,-162.075333,6/8/2022 14:06,50,28.9,Lightning,0-25,E,0-500,Grass,60.71755,-162.075033,TRUE,Natural
64.7582,-148.037367,6/8/2022 4:19,0.3,0.3,Miscellaneous,Unknown,Unknown,Unknown,Mixed (Hardwoods/Softwoods),64.7582,-148.037367,TRUE,Human
61.227583,-159.342883,6/7/2022 23:42,150,26243.2,Lightning,0-25,NE,0-500,Mixed (Hardwoods/Softwoods),61.227583,-159.342883,TRUE,Natural
61.4588889,-154.9647222,6/7/2022 23:22,1000,91624.3,Lightning,0-25,NE,501-1500,Black Spruce,61.458883,-154.964617,TRUE,Natural
60.77495,-161.030633,6/7/2022 20:46,5,6.1,Lightning,0-25,S,0-500,Grass,60.775167,-161.035333,TRUE,Natural
60.58425,-165.166533,6/7/2022 18:17,30,107.3,Lightning,0-25,S,0-500,Grass,60.58425,-165.166533,TRUE,Natural
63.79901,-152.8739,6/7/2022 16:32,0.5,38428.4,Lightning,0-25,Flat,0501-1500,,63.79901,-152.8739,TRUE,Natural
64.161,-154.8933055,6/7/2022 14:35,0,0,,0-25,Flat,0501-1500,,64.161111,-154.893333,TRUE,False Alarm
61.5774722,-149.0424722,6/7/2022 13:30,0.1,0.1,Equipment,0-25,W,0-500,Mixed (Hardwoods/Softwoods),61.577533,-149.042662,TRUE,Human
58.3121667,-134.6711945,6/7/2022 13:05,0.1,0.1,,Unknown,Unknown,Unknown,Unknown,58.312167,-134.671194,TRUE,Human
63.2934,-154.733733,6/7/2022 13:01,6,36073.4,Lightning,0-25,SW,501-1500,Mixed (Hardwoods/Softwoods),63.2934,-154.733733,TRUE,Natural
58.909444,-156.345,6/7/2022 10:35,5,17948,Lightning,0-25,NW,0-500,Mixed (Hardwoods/Softwoods),58.909583,-156.34505,TRUE,Natural
58.7238889,-155.9686111,6/7/2022 9:31,5,9.8,Lightning,0-25,E,501-1500,Mixed (Hardwoods/Softwoods),58.723883,-155.968617,TRUE,Natural
59.191038,-157.07671,6/7/2022 8:42,0.1,0.9,Lightning,0-25,SE,0-500,Grass,59.190133,-157.075883,TRUE,Natural
61.018333,-154.344444,6/6/2022 22:38,2500,7791.2,Lightning,0-25,S,501-1500,Black Spruce,61.018417,-154.344333,TRUE,Natural
62.0894722,-163.7583056,6/6/2022 22:21,1,1,Debris Burning,0-25,Flat,0-500,,62.08947,-163.7583,TRUE,Human
62.1563889,-151.7130555,6/6/2022 20:34,0.5,65.5,Lightning,0-25,NW,0-500,Mixed (Hardwoods/Softwoods),62.153833,-151.699333,TRUE,Natural
62.2505,-150.3568333,6/6/2022 20:28,0.5,0.5,Lightning,0-25,Flat,0-500,Black Spruce,62.2505,-150.356833,TRUE,Natural
62.2228611,-150.9251389,6/6/2022 19:42,5,5,Lightning,0-25,Flat,0-500,Black Spruce,62.1763,-150.864733,TRUE,Natural
59.027167,-157.641033,6/6/2022 19:40,1,8,Lightning,0-25,W,0-500,Black Spruce,59.027167,-157.641033,TRUE,Natural
61.6529166,-149.5118889,6/6/2022 19:39,0.1,0.1,Debris Burning,0-25,Flat,0-500,Hardwoods,61.652917,-149.511883,TRUE,Human
59.34805,-157.683033,6/6/2022 19:25,0.5,2.8,Lightning,0-25,N,0-500,Black Spruce,59.34805,-157.683033,TRUE,Natural
60.487273,-158.529862,6/6/2022 18:23,0.1,6.6,Lightning,0-25,SE,501-1500,Grass,60.484467,-158.531967,TRUE,Natural
59.944444,-155.275,6/6/2022 16:49,0.1,9910.7,Lightning,0-25,SW,501-1500,Grass,59.946667,-155.27,TRUE,Natural
59.283171,-158.530178,6/6/2022 16:48,0.1,17.7,Lightning,0-25,E,501-1500,Grass,59.285333,-158.5317,TRUE,Natural
60.7803889,-149.4282222,6/6/2022 16:30,0.1,0.1,,Unknown,Unknown,Unknown,Unknown,60.78039,-149.4282,TRUE,Human
59.95695,-151.724917,6/6/2022 15:11,0.1,0.1,Equipment,0-25,S,0-500,Grass,59.95695,-151.724917,TRUE,Human
59.953517,-151.724967,6/6/2022 14:46,0.1,0.1,Equipment,0-25,W,0-500,Grass,59.953517,-151.724967,TRUE,Human
58.9357,-159.455217,6/6/2022 12:32,10,6591.5,Lightning,26-40,SW,501-1500,Grass,58.940883,-159.960917,TRUE,Natural
61.570278,-158.006389,6/6/2022 12:22,2000,115030,Lightning,Unknown,Unknown,Unknown,Black Spruce,61.570283,-158.0063,TRUE,Natural
59.747059,-158.230711,6/6/2022 9:45,2,31836.3,Lightning,0-25,S,0-500,Grass,59.751233,-158.2251,TRUE,Natural
62.735833,-156.595833,6/6/2022 8:16,0.1,51145.5,Lightning,0-25,S,501-1500,Black Spruce,62.74,-156.6,TRUE,Natural
60.9495,-149.6833,6/5/2022 23:30,0.5,0.8,Investigated but cause Undetermined,Unknown,Unknown,Unknown,Mixed (Hardwoods/Softwoods),60.9495,-149.6833,TRUE,Human
62.0186389,-150.8113333,6/5/2022 21:33,0.1,0.1,Lightning,0-25,N,0-500,Hardwoods,62.018633,-150.811333,TRUE,Natural
61.57857,-155.9751,6/5/2022 21:32,2,40450.5,Lightning,0-25,SW,501-1500,Mixed (Hardwoods/Softwoods),61.536617,-155.076683,TRUE,Natural
61.575833,-155.85,6/5/2022 21:29,3,39959,Lightning,0-25,N,501-1500,Mixed (Hardwoods/Softwoods),61.575867,-155.85,TRUE,Natural
62.0028056,-150.7980556,6/5/2022 21:17,0.1,0.1,Lightning,0-25,Flat,0-500,Hardwoods,62.0028,-150.79805,TRUE,Natural
64.914,-148.229217,6/5/2022 21:02,2,0.6,Lightning,0-25,W,501-1500,Hardwoods,64.914167,-148.232333,TRUE,Natural
61.9885556,-150.82275,6/5/2022 20:40,0.2,0.1,Lightning,0-25,SW,0-500,Hardwoods,61.98,-150.83,TRUE,Natural
60.551833,-156.8105,6/5/2022 20:28,0.5,74.1,Lightning,0-25,SE,501-1500,Mixed (Hardwoods/Softwoods),60.56245,-156.765083,TRUE,Natural
64.124167,-145.703617,6/5/2022 18:49,0.5,1.4,Miscellaneous,0-25,N,501-1500,Grass,64.1253,-145.703083,TRUE,Human
63.6388889,-149.2062222,6/5/2022 18:23,0.1,0.3,Lightning,0-25,West,4501-5500,tundra,63.70195,-149.217783,TRUE,Natural
60.7802778,-149.4281111,6/5/2022 17:15,0.1,0.1,,Unknown,Unknown,Unknown,Unknown,60.78027,-149.4281,TRUE,Human
61.5115,-155.045333,6/5/2022 16:12,175,3429.4,Lightning,0-25,SW,501-1500,Mixed (Hardwoods/Softwoods),61.395017,-155.39465,TRUE,Natural
60.991368,-156.161569,6/5/2022 16:02,10,4816.4,Lightning,0-25,SE,501-1500,Grass,60.993733,-156.16065,TRUE,Natural
62.5952778,-145.8058056,6/5/2022 15:53,30,65.8,Lightning,0-25,SW,1501-2500,Black Spruce,62.655183,-145.488817,TRUE,Natural
60.424117,-156.727533,6/5/2022 15:46,10,2.2,Lightning,0-25,N,0-500,Black Spruce,60.453683,-156.6587,TRUE,Natural
63.535711,-153.60521,6/5/2022 15:01,4,7.7,Lightning,0-25,E,501-1500,Grass,63.536833,-153.603667,TRUE,Natural
63.6774,-153.5723,6/5/2022 14:42,23,206057,Lightning,0-25,Flat,0501-1500,Spruce,63.98208,-153.5575,TRUE,Natural
61.6015834,-149.1178333,6/5/2022 12:25,0.1,0.1,Miscellaneous,0-25,NW,0-500,Grass,61.601593,-149.117823,TRUE,Human
62.3325,-155.298889,6/4/2022 23:24,15,233007.7,Lightning,0-25,NW,501-1500,Mixed (Hardwoods/Softwoods),62.321167,-155.2585,TRUE,Natural
58.841667,-156.293056,6/4/2022 19:25,0.1,199.5,Lightning,0-25,NW,501-1500,Grass,58.928256,-156.279153,TRUE,Natural
65.1789722,-150.3091111,6/4/2022 16:26,0.1,5.6,Miscellaneous,0-25,Flat,0501-1500,"spruce, tundra",65.21653,-150.2555,TRUE,Human
61.5998611,-149.4625555,6/4/2022 12:59,0.1,0.1,Debris Burning,0-25,NE,0-500,Mixed (Hardwoods/Softwoods),61.59985,-149.46256,TRUE,Human
64.7136389,-155.4995,6/3/2022 18:58,0.1,0.1,Debris Burning,0-25,Flat,0501-1500,,64.71599,-155.5079,TRUE,Human
59.7589722,-151.2374722,6/3/2022 18:35,0.1,0.7,Equipment,0-25,W,501-1500,Grass,59.75898,-151.23745,TRUE,Human
61.6133056,-149.1141111,6/3/2022 18:06,0.1,0.1,Investigated but cause Undetermined,0-25,E,0-500,Grass,61.6133,-149.114067,TRUE,Human
61.9388611,-162.8746111,6/3/2022 16:37,0.1,0.1,Debris Burning,0-25,Flat,0-500,,61.93885,-162.8746,TRUE,Human
62.1030556,-145.5374167,6/3/2022 2:13,1,0.5,Children <12 yoa,0-25,Unknown,501-1500,Black Spruce,62.10305,-145.537417,TRUE,Human
62.102,-145.5417223,6/3/2022 2:09,0.3,0.2,Children <12 yoa,0-25,Flat,501-1500,Grass,62.10199,-145.54172,TRUE,Human
59.0986389,-158.54475,6/2/2022 19:34,10,3.1,Debris Burning,0-25,SE,0-500,Grass,59.044667,-158.5055,TRUE,Human
64.11861,-155.9496,6/2/2022 18:26,0.1,,,0-25,Flat,0501-1500,,64.11861,-155.9496,TRUE,False Alarm
61.9805278,-145.3239167,6/2/2022 17:51,0.1,0.1,Debris Burning,0-25,Unknown,501-1500,Other,61.980533,-145.323917,TRUE,Human
61.605333,-149.4625,6/2/2022 14:16,0.1,0.1,Campfire,0-25,Flat,0-500,Mixed (Hardwoods/Softwoods),61.605333,-149.4625,TRUE,Human
61.5976666,-149.4168611,6/2/2022 0:21,0.1,0.1,Investigated but cause Undetermined,0-25,E,0-500,Mixed (Hardwoods/Softwoods),61.597667,-149.416833,TRUE,Human
59.1439445,-135.3759167,6/1/2022 21:21,0.1,0.1,,Unknown,Unknown,Unknown,Unknown,59.14395,-135.3759,TRUE,Human
59.12525,-161.559383,6/1/2022 17:12,0.1,0.3,Equipment,0-25,S,0-500,Grass,59.11985,-161.567483,TRUE,Human
62.3348611,-150.2490556,6/1/2022 17:02,0.1,0.1,Debris Burning,0-25,E,0-500,Hardwoods,62.335483,-150.244,TRUE,Human
63.95375,-146.2868,6/1/2022 16:38,1,12.5,Miscellaneous,0-25,Flat,1501-2500,,63.95127,-146.294,TRUE,Human
62.0965,-151.509667,6/1/2022 13:33,0.1,2.8,Debris Burning,0-25,SW,0-500,Mixed (Hardwoods/Softwoods),62.089097,-151.505652,TRUE,Human
64.055733,-145.539017,6/1/2022 11:44,0.1,0.1,Miscellaneous,Unknown,Unknown,Unknown,Grass,64.055733,-145.539017,TRUE,Human
63.9511,-146.29,5/31/2022 17:51,0.5,4.8,Miscellaneous,0-25,Flat,1501-2500,,63.94962,-146.2898,TRUE,Human
62.3658333,-162.7993889,5/31/2022 13:57,0.1,166760,Lightning,0-25,Flat,0-500,,62.3333,-162.5329,TRUE,Natural
61.5805556,-149.3104167,5/31/2022 8:26,0.1,0.1,Equipment,0-25,Flat,0-500,Hardwoods,61.580567,-149.310405,TRUE,Human
62.8229722,-163.3008056,5/30/2022 20:00,0.1,39.4,Lightning,0-25,Flat,0-500,,62.82513,-163.2994,TRUE,Natural
63.02796,-163.0611,5/30/2022 19:38,4,234,Lightning,0-25,Flat,0-500,,63.01886,-163.111,TRUE,Natural
61.6208611,-149.3886944,5/30/2022 17:37,0.1,0.1,Investigated but cause Undetermined,0-25,W,0-500,Hardwoods,61.620718,-149.387348,TRUE,Human
64.818283,-147.5561,5/30/2022 15:20,0.5,0.5,Debris Burning,Unknown,Flat,Unknown,Mixed (Hardwoods/Softwoods),64.818283,-147.5561,TRUE,Human
61.7576944,-148.6995833,5/30/2022 13:13,0.1,0.1,Campfire,0-25,SE,501-1500,Grass,61.757667,-148.699667,TRUE,Human
58.219167,-155.966111,5/29/2022 22:10,0.1,10654.2,Lightning,0-25,SW,501-1500,Grass,58.219117,-155.966217,TRUE,Natural
61.640167,-149.181167,5/29/2022 18:23,0.1,0.4,Debris Burning,0-25,Flat,0-500,Hardwoods,61.64282,-149.19743,TRUE,Human
64.812783,-147.45695,5/29/2022 16:08,0.1,0.4,Miscellaneous,0-25,Flat,Unknown,Black Spruce,64.812367,-147.457117,TRUE,Human
65.1988056,-152.0353056,5/29/2022 12:21,0.1,1.6,Miscellaneous,0-25,Flat,0-500,,65.19593,-152.0245,TRUE,Human
61.596933,-149.4186,5/28/2022 22:11,0.2,0.2,Debris Burning,0-25,Flat,0-500,Mixed (Hardwoods/Softwoods),61.59705,-149.4202,TRUE,Human
62.956717,-155.59865,5/28/2022 18:48,0.1,0.1,Debris Burning,0-25,W,0-500,Grass,62.956717,-155.59865,TRUE,Human
61.600755,-149.252565,5/28/2022 16:16,0.1,0.1,Miscellaneous,0-25,Flat,0-500,Hardwoods,61.60035,-149.2526,TRUE,Human
62.9205278,-160.0901111,5/27/2022 20:47,0.1,0.1,Debris Burning,0-25,Flat,0-500,,62.90356,-160.0644,TRUE,Human
60.6662778,-151.3060556,5/27/2022 15:05,0.3,0.1,Children <12 yoa,0-25,W,0-500,Grass,60.666642,-151.306042,TRUE,Human
61.594663,-149.400417,5/27/2022 13:32,0.1,0.1,Miscellaneous,0-25,Flat,0-500,Grass,61.594667,-149.400333,TRUE,Human
64.79205,-147.4091,5/27/2022 0:49,0.1,0.1,Debris Burning,Unknown,Unknown,Unknown,Black Spruce,64.79205,-147.4091,TRUE,Human
60.894433,-162.527767,5/26/2022 11:48,0.1,5,Equipment,0-25,N,0-500,Grass,60.873333,-162.524333,TRUE,Human
59.7355556,-151.28625,5/25/2022 18:11,0.1,0.1,Debris Burning,0-25,NW,501-1500,Grass,59.73555,-151.28625,TRUE,Human
64.885167,-147.886667,5/25/2022 16:02,0.1,0.9,Equipment,Unknown,Unknown,Unknown,Black Spruce,64.885167,-147.886667,TRUE,Human
61.54,-149.5403334,5/25/2022 15:42,0.1,0.1,Debris Burning,0-25,N,0-500,Grass,61.534412,-149.528738,TRUE,Human
64.285283,-146.11875,5/25/2022 15:20,3,7.8,Children <12 yoa,Unknown,Unknown,Unknown,Unknown,64.270282,-146.110708,TRUE,Human
59.848967,-150.972917,5/25/2022 11:45,1,13.3,Investigated but cause Undetermined,0-25,SE,501-1500,Grass,59.774167,-151.174833,TRUE,Human
61.591,-149.3906,5/24/2022 13:33,0.1,0.1,Campfire,0-25,SW,0-500,Grass,61.591,-149.3906,TRUE,Human
58.373883,-134.7275,5/23/2022 11:29,0.1,0.1,,Unknown,Unknown,Unknown,Unknown,58.37255,-134.7257,TRUE,Human
61.085867,-149.7698,5/22/2022 21:24,0.5,0.8,Miscellaneous,0-25,SW,501-1500,Hardwoods,61.085867,-149.7698,TRUE,Human
64.770493,-148.047788,5/22/2022 19:49,0.1,0.1,Debris Burning,Unknown,Unknown,Unknown,Grass,64.770493,-148.047788,TRUE,Human
60.9136944,-149.4649167,5/22/2022 17:35,0.1,0.1,,Unknown,Unknown,Unknown,Unknown,60.9137,-149.464917,TRUE,Human
61.201441,-149.855591,5/22/2022 16:57,0.2,0.2,Investigated but cause Undetermined,0-25,SW,0-500,Grass,61.201333,-149.855667,TRUE,Human
62.3224,-150.212733,5/22/2022 16:18,0.1,0.1,Miscellaneous,0-25,W,0-500,Mixed (Hardwoods/Softwoods),62.322858,-150.213252,TRUE,Human
64.804167,-147.5665,5/22/2022 15:25,1,1,Equipment,0-25,Flat,Unknown,Grass,64.804,-147.567667,TRUE,Human
64.9027222,-147.4094722,5/22/2022 9:20,0.1,0.1,Debris Burning,Unknown,Unknown,Unknown,Mixed (Hardwoods/Softwoods),64.902833,-147.4095,TRUE,Human
61.600835,-149.130578,5/22/2022 0:14,0.1,0.1,Debris Burning,0-25,S,0-500,Grass,61.6005,-149.130833,TRUE,Human
64.9293334,-161.1891944,5/21/2022 19:27,5,40.8,Debris Burning,0-25,Flat,0-500,Tundra and Black Spr,64.933333,-161.15,TRUE,Human
61.578576,-149.488367,5/21/2022 19:23,0.1,0.1,Miscellaneous,0-25,NE,0-500,Grass,61.578583,-149.488567,TRUE,Human
64.6798889,-146.5818889,5/21/2022 19:14,0.1,0.3,Miscellaneous,0-25,North West,1501-2500,,64.69241,-146.573,TRUE,Human
61.197074,-149.963487,5/21/2022 18:47,0.1,0.1,Investigated but cause Undetermined,0-25,NW,0-500,Grass,61.196667,-149.96215,TRUE,Human
61.473667,-149.743333,5/21/2022 17:33,0.1,0.1,Miscellaneous,0-25,Flat,0-500,Hardwoods,61.473667,-149.743333,TRUE,Human
64.69,-146.57,5/21/2022 17:24,5,42,Miscellaneous,0-25,West,0501-1500,,64.7207,-146.5903,TRUE,Human
61.701917,-149.015283,5/21/2022 15:43,1,5.1,Debris Burning,0-25,N,501-1500,Mixed (Hardwoods/Softwoods),61.702458,-149.015903,TRUE,Human
60.4971944,-151.0146389,5/21/2022 11:05,0.1,0.1,Debris Burning,0-25,SE,0-500,Grass,60.497183,-151.014633,TRUE,Human
61.5788056,-149.1421945,5/21/2022 3:05,0.2,0.2,Debris Burning,0-25,SE,0-500,Grass,61.582433,-149.141567,TRUE,Human
59.5266111,-151.4398611,5/20/2022 20:22,0.1,0.1,Miscellaneous,0-25,W,0-500,Mixed (Hardwoods/Softwoods),59.5272,-151.439867,TRUE,Human
65.121483,-147.671817,5/20/2022 19:01,0.1,0.3,Debris Burning,Unknown,Unknown,Unknown,Grass,65.121483,-147.671817,TRUE,Human
63.89555,-145.1275,5/20/2022 17:32,0.1,0.1,Miscellaneous,Unknown,Unknown,Unknown,Hardwoods,63.895583,-145.135333,TRUE,Human
62.0083333,-149.9625,5/20/2022 16:52,0.1,3.2,Investigated but cause Undetermined,0-25,Flat,0-500,Grass,61.581212,-149.45054,TRUE,Human
65.0973611,-141.6395,5/20/2022 15:31,0.1,0.1,Lightning,0-25,South East,1501-2500,,65.116667,-141.666667,TRUE,Natural
65.0283056,-141.2471111,5/20/2022 15:28,0.1,2.7,Lightning,0-25,West,1501-2500,,65.116667,-141.233367,TRUE,Natural
64.868194,-147.733833,5/20/2022 12:24,550,37.8,Prescribed,Unknown,Unknown,Unknown,Mixed (Hardwoods/Softwoods),64.868194,-147.733833,TRUE,Prescribed
63.9994445,-146.3305833,5/20/2022 9:15,1,66662,,0-25,Flat,1501-2500,,63.99944,-146.3306,TRUE,Human
63.8954,-145.311711,5/20/2022 9:13,250,740.5,Prescribed,Unknown,Unknown,Unknown,Unknown,53,-148,TRUE,Prescribed
62.980817,-156.097433,5/19/2022 17:30,0.1,1.8,Debris Burning,0-25,SW,501-1500,Black Spruce,62.980267,-156.09805,TRUE,Human
61.5845,-149.3951944,5/19/2022 16:40,0.1,0.1,Equipment,0-25,Flat,0-500,Grass,61.5845,-149.395183,TRUE,Human
64.8555,-147.782367,5/19/2022 16:31,0.3,0.6,Debris Burning,Unknown,Unknown,Unknown,Grass,64.8555,-147.782367,TRUE,Human
64.841,-147.7695,5/19/2022 16:07,0.1,5,Debris Burning,0-25,SW,0-500,Grass,64.841367,-147.770467,TRUE,Human
61.5621667,-149.7858334,5/19/2022 16:03,0.1,0.1,Smoking,41-55,E,0-500,Grass,61.560372,-149.784198,TRUE,Human
61.6193333,-149.2083889,5/19/2022 9:51,0.1,0.1,Debris Burning,26-40,W,0-500,Mixed (Hardwoods/Softwoods),61.619333,-149.208383,TRUE,Human
59.8153056,-151.0914722,5/18/2022 17:52,0.1,1.5,Children <12 yoa,0-25,NW,501-1500,Grass,59.815433,-151.091083,TRUE,Human
60.4728889,-151.1755,5/18/2022 15:45,0.1,0.1,Debris Burning,0-25,W,0-500,Grass,60.4729,-151.1755,TRUE,Human
60.5317222,-150.7998889,5/17/2022 19:53,0.2,0.1,Debris Burning,0-25,W,0-500,Grass,60.531733,-150.799883,TRUE,Human
61.5563611,-149.7953056,5/17/2022 19:20,0.1,0.1,Equipment,0-25,Flat,0-500,Grass,61.560667,-149.7792,TRUE,Human
61.5980555,-149.429,5/17/2022 18:00,0.5,0.3,Debris Burning,0-25,N,0-500,Mixed (Hardwoods/Softwoods),61.59941,-149.41894,TRUE,Human
58.607,-159.966,5/17/2022 17:33,1,24.3,Debris Burning,0-25,NE,0-500,Grass,58.61,-159.9704,TRUE,Human
62.3830556,-149.8005556,5/17/2022 17:06,0.1,2.1,Debris Burning,0-25,S,0-500,Mixed (Hardwoods/Softwoods),62.385033,-149.799367,TRUE,Human
61.4841667,-148.8959444,5/17/2022 16:10,0.1,0.1,Debris Burning,0-25,Flat,0-500,Grass,61.484167,-148.895933,TRUE,Human
61.523313,-149.045493,5/17/2022 16:01,0.1,0.1,Smoking,0-25,Flat,0-500,Grass,61.523513,-149.042252,TRUE,Human
60.7142222,-151.3210556,5/17/2022 14:29,0.1,0.1,Debris Burning,0-25,W,0-500,Other,60.714217,-151.321067,TRUE,Human
61.7556389,-150.0803056,5/17/2022 11:49,0.1,0.1,Equipment,0-25,S,0-500,Grass,61.755643,-150.080303,TRUE,Human
59.708248,-161.882284,5/16/2022 18:00,0.5,29.2,Campfire,0-25,NW,0-500,Grass,59.639717,-161.853883,TRUE,Human
64.8022222,-147.6468055,5/16/2022 17:48,0.1,0.1,Miscellaneous,0-25,Flat,0-500,,64.80221,-147.6468,TRUE,Human
64.8024167,-147.6471944,5/16/2022 15:22,0.1,0.1,Miscellaneous,0-25,Flat,0-500,,64.80241,-147.6472,TRUE,Human
64.8023611,-147.6471111,5/16/2022 15:21,0.1,0.1,Miscellaneous,0-25,Flat,0-500,,64.80236,-147.6471,TRUE,Human
61.5087778,-149.6592778,5/16/2022 15:01,0.1,0.1,Debris Burning,0-25,NW,0-500,Mixed (Hardwoods/Softwoods),61.508783,-149.659267,TRUE,Human
61.6521666,-149.8284167,5/15/2022 17:27,0.1,0.1,Equipment,0-25,Flat,0-500,Grass,61.652162,-149.82841,TRUE,Human
57.845383,-152.63305,5/15/2022 17:12,2,0.5,Miscellaneous,0-25,NW,0-500,Other,57.835717,-152.635083,TRUE,Human
62.2851667,-150.0845278,5/15/2022 14:05,0.1,0.2,Investigated but cause Undetermined,0-25,Flat,0-500,Mixed (Hardwoods/Softwoods),62.287733,-150.08446,TRUE,Human
62.1465556,-150.0159167,5/15/2022 13:21,0.1,0.1,Investigated but cause Undetermined,0-25,NE,0-500,Grass,62.147453,-150.015168,TRUE,Human
59.4778333,-135.3396945,5/14/2022 17:37,0.1,0.1,,Unknown,Unknown,Unknown,Unknown,59.477833,-135.339683,TRUE,Human
61.5389445,-149.4738056,5/12/2022 19:26,0.1,0.1,Miscellaneous,0-25,S,0-500,Grass,61.53802,-149.474047,TRUE,Human
60.4637222,-151.1728611,5/12/2022 16:42,0.1,0.2,Smoking,0-25,SW,0-500,Grass,60.463717,-151.172867,TRUE,Human
61.6227222,-149.4268333,5/12/2022 12:31,0.1,0.1,Debris Burning,0-25,W,0-500,Grass,61.622727,-149.426838,TRUE,Human
59.7138333,-151.7040555,5/12/2022 12:20,0.1,0.1,Debris Burning,0-25,W,0-500,Other,59.713833,-151.704033,TRUE,Human
55.34275,-160.4348,5/12/2022 11:48,0.1,70.4,Debris Burning,26-40,E,0-500,Grass,55.344033,-160.433919,TRUE,Human
61.7328333,-149.0288333,5/12/2022 11:43,0.1,0.1,Coal Seam,0-25,NE,501-1500,Grass,61.732833,-149.028833,TRUE,Natural
61.3968611,-149.4722222,5/11/2022 21:30,0.1,0.1,Campfire,0-25,NW,0-500,Grass,61.394733,-149.473928,TRUE,Human
61.614357,-149.372367,5/11/2022 17:51,0.1,0.1,Debris Burning,0-25,NW,0-500,Grass,61.614533,-149.372602,TRUE,Human
57.7160555,-152.6004445,5/11/2022 16:11,2,4,Miscellaneous,0-25,N,0-500,Grass,57.4208,-152.3618,TRUE,Human
59.7461667,-151.227,5/11/2022 15:53,0.1,0.1,Debris Burning,0-25,SE,501-1500,Other,59.746167,-151.227,TRUE,Human
59.789,-151.137,5/11/2022 13:30,0.1,0.1,Debris Burning,0-25,NE,501-1500,Mixed (Hardwoods/Softwoods),59.789,-151.137,TRUE,Human
64.881167,-147.02577,5/11/2022 12:00,0.1,0.1,Miscellaneous,Unknown,Unknown,Unknown,Black Spruce,64.881167,-147.02577,TRUE,Human
59.6683056,-151.4999722,5/10/2022 20:50,0.1,0.1,Debris Burning,0-25,S,501-1500,Other,59.668317,-151.499983,TRUE,Human
60.49639,-149.7885,5/10/2022 17:32,0.5,4.3,,Unknown,Unknown,Unknown,Other,60.49639,-149.7885,TRUE,Human
60.5455278,-150.7935556,5/10/2022 16:08,0.1,0.2,Miscellaneous,0-25,S,0-500,Grass,60.545517,-150.793567,TRUE,Human
61.58325,-149.7115833,5/10/2022 15:11,0.1,0.1,Debris Burning,0-25,N,0-500,Black Spruce,61.58325,-149.711583,TRUE,Human
61.2158889,-149.78825,5/10/2022 12:36,0.1,0.3,Campfire,0-25,N,0-500,Mixed (Hardwoods/Softwoods),61.215883,-149.786667,TRUE,Human
61.6007778,-149.5145278,5/9/2022 21:24,0.1,0.1,Equipment,0-25,S,0-500,Grass,61.600078,-149.511483,TRUE,Human
60.4755,-151.0715,5/9/2022 19:38,0.1,0.1,Smoking,0-25,SE,0-500,Other,53,-148,TRUE,Human
61.5395278,-149.9525,5/9/2022 17:16,0.1,0.1,Debris Burning,0-25,Flat,0-500,Grass,61.53953,-149.952498,TRUE,Human
60.6599722,-151.3137778,5/8/2022 16:36,0.2,0.1,Campfire,0-25,E,0-500,Other,60.659983,-151.313767,TRUE,Human
60.4924444,-149.9873889,5/8/2022 16:36,0.2,0.5,,Unknown,Unknown,Unknown,Unknown,60.49243,-149.9874,TRUE,Human
51.954469,-176.645314,5/8/2022 15:58,500,919.6,Miscellaneous,0-25,E,0-500,Grass,51.950803,-176.667822,TRUE,Human
60.4980555,-151.1215278,5/7/2022 15:07,0.2,0.4,Equipment,0-25,N,0-500,Grass,53,-148,TRUE,Human
61.5529722,-149.4187778,5/7/2022 12:39,0.1,0.2,Debris Burning,0-25,E,0-500,Grass,61.553463,-149.417437,TRUE,Human
61.6204167,-149.4378333,5/6/2022 16:43,0.1,0.1,Investigated but cause Undetermined,0-25,SW,0-500,Grass,61.620473,-149.437563,TRUE,Human
61.283483,-149.606183,5/6/2022 10:44,49.9,566,Prescribed,0-25,S,0-500,Unknown,53,-148,TRUE,Prescribed
61.6021389,-149.3273056,5/5/2022 13:52,0.1,0.3,Miscellaneous,0-25,E,0-500,Grass,61.602922,-149.327128,TRUE,Human
61.6535555,-149.3025278,5/4/2022 12:32,0.1,0.1,Campfire,0-25,S,501-1500,Grass,61.653567,-149.3025,TRUE,Human
61.6136667,-149.0471111,5/4/2022 12:15,0.1,0.1,Debris Burning,0-25,S,0-500,Grass,61.613597,-149.046993,TRUE,Human
61.5493334,-149.5911944,5/3/2022 18:26,0.1,0.1,Debris Burning,0-25,SE,0-500,Mixed (Hardwoods/Softwoods),61.5494,-149.5916,TRUE,Human
61.5945833,-149.3990555,5/3/2022 17:46,0.1,0.1,Debris Burning,0-25,W,0-500,Grass,61.594583,-149.399067,TRUE,Human
61.5646945,-149.67025,5/3/2022 17:27,0.1,0.1,Debris Burning,0-25,Flat,0-500,Grass,61.5647,-149.67025,TRUE,Human
61.5792,-149.438733,5/3/2022 12:14,0.1,0.1,Debris Burning,0-25,SW,0-500,Grass,61.5792,-149.438733,TRUE,Human
62.0312222,-163.285,5/2/2022 19:41,0.1,4.6,Campfire,0-25,Flat,0-500,,62.02996,-163.2599,TRUE,Human
61.60645,-149.44525,5/2/2022 11:28,0.1,0.1,Debris Burning,0-25,Flat,0-500,Grass,61.60645,-149.44525,TRUE,Human
61.792017,-148.539867,5/2/2022 5:30,0.1,0.1,Debris Burning,76+,S,0-500,Grass,61.792608,-148.538757,TRUE,Human
60.4836389,-151.0768056,5/1/2022 20:15,0.1,0.1,Debris Burning,0-25,N,0-500,Other,60.483633,-151.0768,TRUE,Human
61.3127778,-149.4946667,5/1/2022 19:05,1,0.6,Debris Burning,0-25,N,501-1500,Grass,61.312123,-149.490585,TRUE,Human
61.507983,-149.666833,5/1/2022 16:34,0.1,0.1,Debris Burning,0-25,SE,0-500,Grass,61.507983,-149.666833,TRUE,Human
61.5496111,-149.592,5/1/2022 12:03,0.1,0.1,Debris Burning,0-25,Flat,0-500,Grass,61.549617,-149.592,TRUE,Human
61.4763333,-148.8758333,5/1/2022 11:11,0.1,0.4,Campfire,0-25,NE,0-500,Other,61.479263,-148.891057,TRUE,Human
64.9091,-146.454083,4/30/2022 21:40,2,1.3,Miscellaneous,26-40,E,0-500,Hardwoods,64.9091,-146.454083,TRUE,Human
60.72425,-151.2100278,4/30/2022 19:56,0.1,0.1,Campfire,0-25,Flat,Unknown,Other,60.72425,-151.210017,TRUE,Human
59.74775,-151.8546111,4/30/2022 15:16,0.1,0.1,Campfire,0-25,SW,0-500,Mixed (Hardwoods/Softwoods),59.74775,-151.871267,TRUE,Human
61.6480555,-149.43,4/30/2022 14:20,0.1,0.1,Debris Burning,0-25,SW,501-1500,Grass,61.648433,-149.4309,TRUE,Human
61.5921944,-149.0343889,4/30/2022 12:30,0.5,0.1,Miscellaneous,0-25,SW,0-500,Grass,61.593762,-149.032717,TRUE,Human
61.452767,-149.742917,4/29/2022 21:48,0.2,0.2,Investigated but cause Undetermined,0-25,S,0-500,Other,53,-148,TRUE,Human
60.4601389,-150.9898889,4/29/2022 13:59,0.1,0.1,Debris Burning,0-25,NW,0-500,Other,60.46015,-150.989883,TRUE,Human
61.5019444,-149.6251945,4/29/2022 12:26,0.1,0.1,Miscellaneous,0-25,Flat,0-500,Grass,61.501683,-149.623667,TRUE,Human
60.3931111,-151.1723056,4/28/2022 17:02,0.1,0.1,Miscellaneous,0-25,Flat,Unknown,Other,60.393117,-151.172317,TRUE,Human
61.59025,-149.2745556,4/28/2022 11:45,0.2,0.2,Miscellaneous,0-25,Flat,0-500,Grass,61.59025,-149.274533,TRUE,Human
60.4839722,-151.0606389,4/27/2022 17:10,0.1,0.1,Incendiary,0-25,SW,0-500,Grass,60.483967,-151.060617,TRUE,Human
61.5414167,-149.0794444,4/27/2022 15:12,0.1,0.3,Miscellaneous,0-25,Flat,0-500,Grass,61.5421,-149.0774,TRUE,Human
61.53975,-149.5777222,4/27/2022 12:38,0.1,0.1,Debris Burning,0-25,S,0-500,Grass,61.53975,-149.577733,TRUE,Human
61.6154445,-149.6212222,4/26/2022 17:02,0.1,0.1,Debris Burning,0-25,Flat,0-500,Mixed (Hardwoods/Softwoods),61.615435,-149.621232,TRUE,Human
60.4838055,-151.0579444,4/26/2022 16:38,0.1,0.1,Incendiary,0-25,SE,0-500,Grass,60.483817,-151.057933,TRUE,Human
61.5486111,-149.5786111,4/26/2022 15:06,0.4,0.4,Debris Burning,0-25,Flat,0-500,Mixed (Hardwoods/Softwoods),61.548473,-149.579317,TRUE,Human
61.5401667,-149.0996667,4/26/2022 11:32,0.1,0.1,Debris Burning,0-25,SE,0-500,Grass,61.540167,-149.099667,TRUE,Human
61.6016945,-149.0491389,4/23/2022 11:43,0.1,0.1,Campfire,0-25,E,0-500,Hardwoods,61.601867,-149.05285,TRUE,Human
61.5123889,-148.0002222,4/20/2022 21:00,0.1,0.1,Equipment,0-25,Flat,0-500,Grass,61.51245,-148,TRUE,Human
61.6322222,-149.1419167,4/20/2022 15:08,0.1,0.1,Debris Burning,0-25,W,0-500,Grass,61.631517,-149.1409,TRUE,Human
61.562666,-148.931251,4/19/2022 15:29,5,5,Prescribed,Unknown,Unknown,Unknown,Unknown,61.562666,-148.931251,TRUE,Prescribed
61.5955278,-149.1078889,4/18/2022 17:18,0.2,0.2,Children <12 yoa,0-25,Flat,0-500,Grass,61.59554,-149.107875,TRUE,Human
64.80222,-147.6469,4/18/2022 14:50,1,1467.1,,0-25,Flat,0-500,,64.80228,-147.6471,TRUE,Prescribed
61.4571111,-149.7421111,4/17/2022 16:34,0.1,0.1,Miscellaneous,0-25,W,0-500,Mixed (Hardwoods/Softwoods),61.457118,-149.742093,TRUE,Human
60.535833,-160.9125,4/16/2022 12:40,750,10302.5,Investigated but cause Undetermined,0-25,NW,0-500,Grass,60.572833,-160.335167,TRUE,Human
61.5658333,-149.1171667,4/15/2022 12:06,0.1,0.2,Miscellaneous,0-25,Flat,0-500,Grass,61.565997,-149.117307,TRUE,Human
61.5543333,-149.2111389,4/14/2022 17:50,0.1,0.1,Investigated but cause Undetermined,0-25,Flat,0-500,Hardwoods,61.554325,-149.211119,TRUE,Human
58.2858611,-134.41,4/14/2022 9:57,0.1,0.1,Debris/Open Burning,Unknown,Unknown,Unknown,Unknown,58.285861,-134.41,TRUE,Human
59.6814722,-151.4051111,4/13/2022 16:58,0.3,0.3,Equipment,0-25,E,0-500,Grass,59.681467,-151.4051,TRUE,Human
61.6516666,-149.1555556,4/13/2022 15:22,0.1,0.1,Debris Burning,0-25,S,0-500,Grass,61.651712,-149.155568,TRUE,Human
61.54125,-149.0507222,4/12/2022 11:27,0.1,0.1,Debris Burning,0-25,Flat,0-500,Grass,61.54125,-149.0507,TRUE,Human
56.30975,-132.3008056,4/12/2022 10:25,0.1,0.1,Campfire,Unknown,Unknown,Unknown,Unknown,56.30975,-132.300783,TRUE,Human
60.49675,-151.015933,4/12/2022 8:24,0.1,0.1,Prescribed,0-25,Unknown,Unknown,Unknown,53,-148,TRUE,Prescribed
59.6963889,-151.3820556,4/11/2022 17:35,0.3,0.1,Campfire,0-25,S,0-500,Grass,59.6964,-151.38205,TRUE,Human
66.9281,-155.6144,4/11/2022 15:22,1,0.1,,0-25,Flat,0501-1500,,66.9281,-155.6144,TRUE,Human
61.578247,-149.363887,4/10/2022 13:55,0.1,0.1,Debris Burning,0-25,S,0-500,Grass,61.578182,-149.36319,TRUE,Human
60.4803056,-149.7293889,3/16/2022 8:32,1,18,Prescribed,Unknown,Unknown,Unknown,Unknown,60.48031,-149.7294,TRUE,Prescribed
55.4601111,-131.8291111,3/6/2022 7:00,1,0.1,Campfire,Unknown,Unknown,Unknown,Unknown,55.4601,-131.8291,TRUE,Human
63.7321,-148.904,10/27/2021 11:08,1,0.1,,0-25,Flat,1501-2500,,63.73207,-148.9031,TRUE,Human
60.56769,-149.5675,10/19/2021 8:45,1,22,Prescribed,Unknown,Unknown,Unknown,Unknown,60.56769,-149.5675,TRUE,Prescribed
59.8226389,-151.6180556,10/6/2021 21:22,0.1,0.1,Miscellaneous,0-25,SW,501-1500,Grass,59.82265,-151.61805,TRUE,Human
64.9567,-147.71,10/6/2021 10:31,1,1,Prescribed,Unknown,Unknown,Unknown,Unknown,64.9567,-147.71,TRUE,Prescribed
59.7713333,-151.1861944,9/30/2021 11:47,0.1,0.1,Campfire,0-25,SE,501-1500,Grass,59.771333,-151.186167,TRUE,Human
60.5198333,-150.888,9/29/2021 12:50,0.1,0.1,Miscellaneous,0-25,E,0-500,Grass,60.519833,-150.888,TRUE,Human
60.4514167,-151.14375,9/23/2021 10:03,0.1,0.1,Debris Burning,0-25,W,0-500,Mixed (Hardwoods/Softwoods),60.451417,-151.14375,TRUE,Human
60.4986389,-150.7384445,9/21/2021 12:56,0.1,0.1,Miscellaneous,0-25,NE,0-500,Grass,60.49865,-150.73845,TRUE,Human
63.3312222,-143.0056667,9/20/2021 14:33,0.1,0.1,Equipment,Unknown,Unknown,Unknown,Other,63.331217,-143.005667,TRUE,Human
61.524833,-148.9535,9/18/2021 18:30,0.1,0.1,Investigated but cause Undetermined,0-25,NE,0-500,Hardwoods,61.516667,-148.95,TRUE,Human
64.0164167,-146.3126945,9/16/2021 17:55,0.1,0.1,Miscellaneous,0-25,Flat,0501-1500,,64.01641,-146.3127,TRUE,Human
63.86225,-145.903,9/16/2021 15:57,0.1,0.1,Miscellaneous,0-25,Flat,1501-2500,,63.86224,-145.903,TRUE,Human
59.9259722,-151.7018889,9/15/2021 15:58,0.1,0.5,Miscellaneous,0-25,SW,0-500,Grass,59.925965,-151.701887,TRUE,Human
60.506267,-151.138967,9/15/2021 14:55,0.1,0.1,Miscellaneous,0-25,S,0-500,Dead White Spruce,60.506267,-151.138967,TRUE,Human
63.8659722,-145.9206945,9/15/2021 8:09,0.1,0.1,Miscellaneous,0-25,Flat,1501-2500,,63.86597,-145.9207,TRUE,Human
60.518433,-151.057717,9/14/2021 10:27,0.1,0.1,Miscellaneous,0-25,W,0-500,Dead White Spruce,60.518433,-151.057717,TRUE,Human
60.524667,-151.122983,9/14/2021 9:55,0.1,0.1,Miscellaneous,0-25,E,0-500,Other,60.524667,-151.122983,TRUE,Human
63.7229722,-153.1768056,9/14/2021 9:08,0,0.1,,0-25,Flat,0501-1500,,63.72296,-153.1768,TRUE,False Alarm
66.3715,-145.7268055,9/13/2021 11:34,0.1,0.3,Miscellaneous,0-25,Flat,0-500,,66.40678,-145.4892,TRUE,Human
61.8032778,-148.07025,9/7/2021 9:02,0.1,0.1,Equipment,0-25,S,1501-2500,Hardwoods,61.803283,-148.070233,TRUE,Human
61.4625,-145.11525,9/6/2021 9:10,0.1,0.1,Campfire,0-25,SE,1501-2500,Mixed (Hardwoods/Softwoods),61.4625,-145.11525,TRUE,Human
63.6535278,-144.0191111,9/3/2021 9:48,0.1,0.1,Debris Burning,Unknown,Unknown,Unknown,Grass,63.653533,-144.0191,TRUE,Human
56.8644445,-134.3596111,8/31/2021 13:45,1,1,,Unknown,Unknown,Unknown,Unknown,56.86443,-134.3596,TRUE,Human
63.9113611,-144.5993611,8/14/2021 18:39,1,0.2,Lightning,0-25,NW,1501-2500,Mixed (Hardwoods/Softwoods),63.911367,-144.599367,TRUE,Natural
64.1066944,-145.47925,8/14/2021 17:40,1,0.5,Lightning,0-25,SE,501-1500,Mixed (Hardwoods/Softwoods),64.18618,-145.617295,TRUE,Natural
55.7131111,-133.3248056,8/11/2021 12:00,1,0.1,,Unknown,Unknown,Unknown,Unknown,55.713067,-133.324233,TRUE,Human
63.9544444,-146.4073056,8/10/2021 10:06,2,2.2,Miscellaneous,0-25,Flat,1501-2500,,63.94817,-146.4394,TRUE,Human
61.8480278,-150.1069167,8/5/2021 15:57,0.5,0.5,Miscellaneous,0-25,SE,0-500,Mixed (Hardwoods/Softwoods),61.8448,-150.7497,TRUE,Human
66.95995,-159.0698,8/5/2021 11:59,1,0.1,Lightning,0-25,Flat,0501-1500,,67.59995,-159.1498,TRUE,Natural
61.5756667,-149.9483333,8/5/2021 10:46,0.1,0.1,Miscellaneous,0-25,NW,0-500,Hardwoods,61.571312,-149.946437,TRUE,Human
62.0495833,-145.1891111,8/5/2021 10:37,0.1,0.1,Investigated but cause Undetermined,0-25,SW,1501-2500,Black Spruce,62.04961,-145.18918,TRUE,Human
64.96326,-141.4526,8/5/2021 8:52,0.1,69.5,Lightning,0-25,South East,1501-2500,Spruce/Hardwood,64.95992,-141.4489,TRUE,Natural
55.72175,-133.3501667,8/4/2021 16:48,1,0.2,,Unknown,Unknown,Unknown,Unknown,55.72225,-133.35,TRUE,Undetermined
63.9471389,-146.4485833,8/4/2021 16:40,1,95.8,Miscellaneous,0-25,Flat,1501-2500,,63.94714,-146.4486,TRUE,Human
65.2759722,-150.6516944,8/4/2021 13:37,0,0,,0-25,Flat,0501-1500,,65.27596,-150.6517,TRUE,False Alarm
63.9443889,-144.96725,8/3/2021 16:04,0.1,0.1,Equipment,0-25,SW,501-1500,Other,63.944383,-144.96725,TRUE,Human
63.95375,-146.2858056,8/3/2021 15:42,0.1,18.6,Miscellaneous,0-25,Flat,1501-2500,,63.95375,-146.2858,TRUE,Human
63.9516111,-146.2891111,8/3/2021 15:36,1,10,Miscellaneous,0-25,Flat,1501-2500,,63.9542,-146.2867,TRUE,Human
66.2478611,-142.4041111,8/3/2021 15:33,0.1,417.5,Lightning,0-25,Flat,0501-1500,Spruce/Tundra,66.24265,-142.3964,TRUE,Natural
64.5296944,-149.1007778,8/3/2021 14:23,0.1,2,Railroad,0-25,E,0-500,Hardwoods,64.539623,-149.082154,TRUE,Human
64.420333,-146.515,8/2/2021 17:47,0.1,5,Lightning,0-25,NE,501-1500,Black Spruce,64.420333,-146.515,TRUE,Natural
60.3986389,-149.561,8/2/2021 7:52,0.1,0.1,,Unknown,Unknown,Unknown,Unknown,60.39863,-149.561,TRUE,Natural
62.7008333,-141.20075,8/1/2021 20:00,0.1,1.3,Lightning,Unknown,Unknown,Unknown,Black Spruce,62.700833,-141.20075,TRUE,Natural
65.29951,-144.4033,8/1/2021 13:20,10,884.6,Lightning,0-25,Flat,1501-2500,,65.29951,-144.4033,TRUE,Natural
62.7237,-143.889367,8/1/2021 11:53,0.1,0.4,Miscellaneous,41-55,SE,1501-2500,Mixed (Hardwoods/Softwoods),62.7248,-143.9146,TRUE,Human
55.9165,-131.8024167,8/1/2021 7:43,1,0.3,,Unknown,Unknown,Unknown,Unknown,55.916502,-131.802419,TRUE,Undetermined
64.8786111,-145.2116111,7/31/2021 19:36,100,2828.1,Lightning,Unknown,Unknown,Unknown,Black Spruce,64.8786,-145.2116,TRUE,Natural
67.03853,-146.4903,7/31/2021 14:49,0.1,0.1,Debris Burning,0-25,Flat,0501-1500,Tundra/BLK Spruce,67.03982,-146.487,TRUE,Human
61.7413889,-148.6687778,7/31/2021 12:47,0.1,0.1,Equipment,0-25,N,501-1500,Mixed (Hardwoods/Softwoods),61.712043,-148.912302,TRUE,Human
61.6288889,-149.6286389,7/29/2021 14:41,0.1,0.1,Equipment,0-25,SW,0-500,Hardwoods,61.6289,-149.62865,TRUE,Human
55.4605833,-132.6584166,7/28/2021 19:30,0.3,0.3,,Unknown,Unknown,Unknown,Unknown,55.460593,-132.658405,TRUE,Human
60.520583,-150.1918,7/27/2021 14:34,0.1,0.1,Equipment,0-25,SW,501-1500,Grass,60.519933,-150.191233,TRUE,Human
64.9508333,-146.9391667,7/26/2021 16:20,0.2,0.1,,26-40,NE,501-1500,Black Spruce,64.950833,-146.939167,TRUE,Natural
67.38549,-146.8957,7/26/2021 13:46,0.1,8126.8,Lightning,0-25,Flat,0501-1500,,66.91552,-145.5862,TRUE,Natural
65.50564,-147.884,7/25/2021 19:15,0.2,0.3,Lightning,0-25,Flat,1501-2500,,65.50564,-147.884,TRUE,Natural
67.05448,-145.9234,7/25/2021 13:17,0.1,2662.8,Lightning,0-25,Flat,0501-1500,BLK Spruce,67.05649,-145.9304,TRUE,Natural
65.66663,-142.8187,7/24/2021 20:11,0.1,0.3,Lightning,0-25,Flat,1501-2500,,65.66663,-142.8187,TRUE,Natural
65.35613,-144.5174,7/24/2021 15:59,0.1,0.1,Lightning,0-25,Flat,2501-3500,Tundra,65.35613,-144.5174,TRUE,Natural
66.81912,-149.0059,7/24/2021 15:13,0.3,1,Lightning,0-25,South East,2501-3500,,66.81779,-149.003,TRUE,Natural
66.67724,-146.995,7/24/2021 14:08,1,1607.5,Lightning,0-25,Flat,0501-1500,BLK Spruce/Hardwood,66.67725,-146.9995,TRUE,Natural
61.4288889,-142.9611111,7/24/2021 12:57,0.1,0.1,Miscellaneous,0-25,SE,501-1500,Mixed (Hardwoods/Softwoods),61.437467,-142.953367,TRUE,Human
64.863833,-146.965183,7/24/2021 1:52,0.2,0.2,Miscellaneous,0-25,Unknown,Unknown,Grass,64.863833,-146.965183,TRUE,Human
65.70065,-144.138,7/23/2021 20:19,0.1,0.1,Lightning,0-25,Flat,0501-1500,BLK Spruce/Tundra,65.70065,-144.138,TRUE,Natural
67.3923,-147.0536,7/23/2021 17:06,0.1,0.3,Lightning,0-25,East,2501-3500,Tundra/BLK Spruce,67.3923,-147.0536,TRUE,Natural
67.41589,-146.3796,7/23/2021 16:50,0.1,0.1,Lightning,0-25,Flat,1501-2500,BLK Spruce/Tundra,67.41589,-146.3796,TRUE,Natural
65.6169167,-147.7291111,7/23/2021 14:07,0.1,25.3,Lightning,0-25,East,1501-2500,,65.61595,-147.7287,TRUE,Natural
65.2338333,-148.8555,7/22/2021 23:50,1,2,Lightning,0-25,Flat,0-500,,65.24374,-148.5591,TRUE,Natural
66.11831,-145.7823,7/22/2021 20:26,0.1,0.1,Lightning,0-25,West,0501-1500,BLK/WHI Spruce,66.11831,-145.7823,TRUE,Natural
65.1749444,-147.6398055,7/22/2021 19:09,0.1,0.5,Lightning,0-25,NW,501-1500,Black Spruce,65.106783,-147.698617,TRUE,Natural
65.3352778,-141.5788056,7/21/2021 22:12,1,967,Lightning,26-40,South East,1501-2500,,65.33426,-141.6007,TRUE,Natural
65.3568889,-141.6016945,7/21/2021 22:12,1,165.3,Lightning,0-25,Flat,1501-2500,,65.35542,-141.6054,TRUE,Natural
65.2921111,-141.5856944,7/21/2021 22:11,1,5.3,Lightning,0-25,Flat,0501-1500,,65.29459,-141.5912,TRUE,Natural
63.9637778,-146.3241944,7/21/2021 21:04,1,0.1,Miscellaneous,0-25,Flat,1501-2500,,63.96377,-146.3242,TRUE,Human
63.64378,-148.824,7/21/2021 17:06,1,0.1,,0-25,Flat,1501-2500,,63.64378,-148.824,TRUE,False Alarm
62.98975,-141.8111111,7/21/2021 16:58,0.1,0.1,Equipment,0-25,W,1501-2500,Other,62.98975,-141.811117,TRUE,Human
62.6273333,-142.1096667,7/21/2021 14:31,0.1,30305.1,Lightning,Unknown,Unknown,Unknown,Dead White Spruce,63.191416,-142.924122,TRUE,Natural
65.155333,-146.412667,7/20/2021 22:36,10,488,,Unknown,Unknown,Unknown,Black Spruce,65.155333,-146.412667,TRUE,Natural
64.8771945,-147.8187778,7/20/2021 20:01,0.1,0.1,Equipment,Unknown,Unknown,Unknown,Grass,64.877183,-147.818783,TRUE,Human
66.05815,-149.7503,7/20/2021 19:02,1,1,Lightning,0-25,West,0501-1500,,66.06606,-149.7655,TRUE,Natural
64.6958889,-146.5843889,7/20/2021 18:27,1,19.1,Miscellaneous,0-25,Flat,0501-1500,,64.696,-146.5725,TRUE,Human
69.05003,-154.3245,7/20/2021 17:35,0.1,21.3,Lightning,0-25,Flat,0501-1500,,68.98967,-154.5841,TRUE,Natural
61.9974445,-159.3815556,7/19/2021 20:24,2,16.8,Lightning,0-25,NW,0-500,Grass,62.058945,-159.402156,TRUE,Natural
62.4825,-153.6730278,7/19/2021 17:28,0.1,0.7,Lightning,0-25,NE,1501-2500,Black Spruce,62.4835,-153.671167,TRUE,Natural
62.508333,-154.533833,7/19/2021 16:43,5,33.6,Lightning,0-25,NW,501-1500,Black Spruce,62.508333,-154.533833,TRUE,Natural
61.6063611,-149.6383055,7/19/2021 15:29,0.1,0.1,Debris Burning,0-25,Flat,0-500,Grass,61.651713,-149.597727,TRUE,Human
65.8318333,-149.4501944,7/18/2021 17:32,0,0.1,,0-25,Flat,1501-2500,,65.83183,-149.4502,TRUE,False Alarm
55.6935556,-132.5711944,7/18/2021 12:00,0.1,0.1,,Unknown,Unknown,Unknown,Unknown,55.693615,-132.571267,TRUE,Human
60.5249444,-150.2966389,7/17/2021 16:49,0.1,0.3,Equipment,0-25,E,0-500,Grass,53,-148,TRUE,Human
61.60355,-149.622417,7/17/2021 16:44,0.1,0.1,Equipment,0-25,NE,0-500,Grass,61.603738,-149.623088,TRUE,Human
65.05648,-149.502,7/16/2021 16:10,1,0.1,,0-25,Flat,0501-1500,,65.07,-149.5859,TRUE,False Alarm
64.8242222,-147.5325833,7/16/2021 15:52,0.1,0.1,Debris Burning,Unknown,Unknown,Unknown,Mixed (Hardwoods/Softwoods),64.824217,-147.53255,TRUE,Human
64.8751389,-147.853,7/16/2021 14:31,0.1,3.5,Lightning,0-25,S,Unknown,Mixed (Hardwoods/Softwoods),64.877167,-147.8515,TRUE,Natural
61.54295,-149.7412,7/16/2021 10:10,0.1,0.1,Debris Burning,0-25,N,0-500,Grass,61.54338,-149.824743,TRUE,Human
65.683,-156.3415,7/15/2021 16:21,0,0.1,,0-25,Flat,0-500,,65.68301,-156.3415,TRUE,False Alarm
61.142567,-150.020217,7/14/2021 22:00,3,1,Investigated but cause Undetermined,76+,S,0-500,Grass,61.142783,-150.0225,TRUE,Undetermined
60.4975833,-149.8993055,7/14/2021 12:24,0.1,0.1,,Unknown,Unknown,Unknown,Unknown,60.49759,-149.8993,TRUE,Human
64.8784722,-146.96275,7/12/2021 15:51,0.1,0.1,Miscellaneous,Unknown,Unknown,Unknown,Mixed (Hardwoods/Softwoods),64.87858,-146.9629,TRUE,Human
61.591176,-149.403813,7/12/2021 15:40,0.1,0.1,Debris Burning,0-25,Flat,0-500,Grass,61.591223,-149.403982,TRUE,Human
63.8863055,-151.1585833,7/12/2021 10:51,0,1,Lightning,0-25,Flat,0501-1500,,63.8863,-151.1586,TRUE,Natural
64.093417,-148.756467,7/11/2021 16:10,0.1,1,Coal Seam,41-55,E,Unknown,Grass,64.093417,-148.756467,TRUE,Natural
61.5948055,-149.7611389,7/11/2021 14:36,0.1,0.1,Miscellaneous,0-25,Flat,0-500,Grass,61.59485,-149.76095,TRUE,Human
63.3366111,-142.9907778,7/10/2021 16:37,0.1,0.1,,Unknown,Unknown,Unknown,Other,63.336617,-142.990767,TRUE,Human
55.7086667,-132.60775,7/8/2021 16:20,0.1,0.1,,Unknown,Unknown,Unknown,Unknown,55,-132.607758,TRUE,Human
55.4094167,-131.8113333,7/8/2021 9:56,0.1,0.1,,Unknown,Unknown,Unknown,Unknown,55.243379,-131.484083,TRUE,Human
60.5023889,-151.1805556,7/7/2021 17:28,0.1,0.1,Equipment,0-25,N,0-500,Grass,60.502383,-151.18055,TRUE,Human
64.8846944,-147.6703611,7/7/2021 16:06,0.1,0.1,Debris Burning,Unknown,Unknown,Unknown,Grass,64.8847,-147.67035,TRUE,Human
56.3486111,-133.5636111,7/7/2021 8:24,0.1,0.1,,Unknown,Unknown,Unknown,Unknown,56.21,-133.33,TRUE,Human
63.8785,-149.1556945,7/5/2021 19:52,0.1,0.1,Miscellaneous,0-25,N,1501-2500,Black Spruce,65.8792,-149.153733,TRUE,Human
64.8916667,-147.4358611,7/5/2021 18:17,0.1,0.1,Debris Burning,Unknown,Unknown,Unknown,Unknown,64.891667,-147.435867,TRUE,Human
64.8115,-147.5246389,7/5/2021 17:43,0.1,0.1,Miscellaneous,Unknown,Unknown,Unknown,Grass,64.80577,-147.50967,TRUE,Human
61.548557,-149.328031,7/4/2021 20:53,0.1,0.1,Miscellaneous,0-25,Flat,0-500,Grass,61.5485,-149.325833,TRUE,Human
61.6836111,-149.2398056,7/4/2021 20:05,0.1,0.1,Miscellaneous,0-25,Flat,0-500,Grass,61.683608,-149.240217,TRUE,Human
66.721096,-146.1234,7/4/2021 19:14,0.5,6.3,Lightning,0-25,Flat,0-500,,66.72008,-146.1239,TRUE,Natural
62.039167,-150.051667,7/4/2021 18:42,0.1,2.4,Miscellaneous,0-25,Flat,0-500,Mixed (Hardwoods/Softwoods),62.039573,-150.054228,TRUE,Human
61.5624722,-149.5585,7/4/2021 17:52,0.2,0.2,Miscellaneous,0-25,Flat,0-500,Grass,61.56028,-149.55756,TRUE,Human
66.49996,-144.0636,7/4/2021 11:26,1.5,2,Lightning,0-25,Flat,0501-1500,,66.56523,-144.5068,TRUE,Natural
61.4866111,-149.1149167,7/3/2021 16:02,0.1,0.1,Debris Burning,0-25,Flat,0-500,Grass,61.4865,-149.114833,TRUE,Human
61.5886111,-149.0417778,7/3/2021 15:11,0.1,0.1,Equipment,0-25,Flat,0-500,Grass,61.588605,-149.041757,TRUE,Human
64.870597,-147.672587,7/3/2021 7:01,0.1,0.1,Investigated but cause Undetermined,Unknown,Unknown,Unknown,Unknown,64.870597,-147.672587,TRUE,Human
65.07325,-147.4455278,7/2/2021 16:50,0.1,0.1,Debris Burning,Unknown,Unknown,Unknown,Hardwoods,65.07325,-147.445533,TRUE,Human
65.542417,-144.7677,7/2/2021 16:03,1,36.6,Lightning,0-25,Flat,0501-1500,,65.53743,-144.7686,TRUE,Natural
65.0386944,-147.4511389,7/2/2021 13:10,0.1,0.1,Equipment,Unknown,Unknown,Unknown,Other,65.036792,-147.455872,TRUE,Human
64.8789167,-147.0051111,7/2/2021 11:11,0.1,0.1,Miscellaneous,Unknown,Unknown,Unknown,Unknown,64.879483,-147.00512,TRUE,Human
63.0178333,-155.07075,7/2/2021 8:19,0.1,0.1,Campfire,0-25,SE,0-500,Black Spruce,63.017833,-155.070733,TRUE,Human
60.5209167,-150.8051111,7/1/2021 18:00,0.5,0.1,Debris Burning,0-25,Flat,Unknown,Black Spruce,60.521733,-150.804983,TRUE,Human
64.9696666,-143.6974167,7/1/2021 16:15,0.1,1384,Lightning,0-25,South,1501-2500,,64.9858,-143.7146,TRUE,Natural
64.7119167,-146.5453889,7/1/2021 15:53,0.1,278.8,Miscellaneous,0-25,Flat,0501-1500,,64.72115,-146.541,TRUE,Human
63.8130556,-153.1771944,7/1/2021 15:34,0.1,1929.6,Lightning,0-25,North West,1501-2500,,63.81884,-153.1885,TRUE,Natural
64.84675,-147.42575,7/1/2021 14:17,1,0.1,Equipment,0-25,S,1501-2500,Hardwoods,64.835507,-147.428438,TRUE,Human
60.3782222,-151.3191111,6/30/2021 20:30,0.1,0.1,Campfire,0-25,SE,0-500,Grass,60.378217,-151.319117,TRUE,Human
63.0873889,-143.3103889,6/30/2021 7:47,0.1,0.1,Equipment,0-25,Flat,1501-2500,Unknown,63.087383,-143.310383,TRUE,Human
65.91411,-160.8895,6/27/2021 20:43,0.1,0.1,Lightning,0-25,Flat,0-500,Tundra,65.91411,-160.8895,TRUE,Natural
65.30696,-147.4976,6/27/2021 19:20,1,1,,0-25,Flat,1501-2500,,65.30696,-147.4976,TRUE,False Alarm
68.11563,-159.81,6/27/2021 17:34,2,0.7,Lightning,0-25,Flat,0501-1500,Tundra,68.13012,-159.7854,TRUE,Natural
64.797238,-147.362001,6/27/2021 14:23,0.1,17.8,Investigated but cause Undetermined,0-25,SW,0-500,Mixed (Hardwoods/Softwoods),64.791303,-147.376322,TRUE,Human
60.9102778,-149.4576111,6/27/2021 7:50,1,0.1,,Unknown,Unknown,Unknown,Unknown,60.91022,-149.4575,TRUE,Human
61.5684167,-149.2578611,6/26/2021 14:29,0.5,0.5,Investigated but cause Undetermined,41-55,SW,0-500,Grass,61.5731,-149.2579,TRUE,Human
60.4001945,-151.1669444,6/26/2021 10:50,0.1,0.1,Miscellaneous,0-25,NE,0-500,Grass,60.4002,-151.16695,TRUE,Human
61.4876389,-149.0800278,6/25/2021 20:44,0.1,0.1,Miscellaneous,0-25,N,0-500,Hardwoods,61.474178,-149.167342,TRUE,Human
63.851,-153.0766111,6/25/2021 18:07,50,15620,Lightning,0-25,South,0501-1500,Spruce,63.851,-153.077,TRUE,Natural
61.5493334,-149.7093333,6/25/2021 17:15,0.1,0.1,Debris Burning,0-25,Flat,0-500,Grass,61.5477,-149.7205,TRUE,Human
61.5579722,-149.0528333,6/24/2021 15:30,0.2,0.1,Debris Burning,0-25,Flat,0-500,Grass,61.557741,-149.055253,TRUE,Human
64.7381945,-147.2835833,6/24/2021 14:04,0.1,0.5,,0-25,SE,501-1500,Grass,64.7382,-147.284983,TRUE,Undetermined
61.5730278,-149.1081944,6/24/2021 13:23,0.2,0.2,Investigated but cause Undetermined,0-25,Flat,0-500,Grass,61.573033,-149.1082,TRUE,Human
63.96352,-146.4179,6/24/2021 13:05,0.1,0.3,Miscellaneous,0-25,Flat,1501-2500,,63.96352,-146.4179,TRUE,Human
64.038367,-145.728,6/23/2021 22:05,0.5,0.3,Miscellaneous,0-25,N,501-1500,Grass,64.038367,-145.728,TRUE,Human
65.90002,-160.8662,6/23/2021 21:49,0.1,0.1,Lightning,0-25,Flat,0-500,Tundra,65.90002,-160.8662,TRUE,Natural
65.7023611,-160.3996111,6/23/2021 21:43,3,3,Lightning,0-25,Flat,0-500,Tundra,65.70235,-160.3996,TRUE,Natural
65.8998611,-160.8424444,6/23/2021 21:31,1,1,Lightning,0-25,Flat,0-500,Tundra,65.89985,-160.8424,TRUE,Natural
64.3999444,-156.1999167,6/23/2021 17:45,1,2,Lightning,0-25,Flat,0-500,Tundra/Spruce,64.39995,-156.1999,TRUE,Natural
67.0208333,-146.3953055,6/23/2021 13:11,0,0.1,Miscellaneous,0-25,Flat,0501-1500,,67.0508,-146.3533,TRUE,Human
61.6107222,-149.5869166,6/23/2021 11:34,0.1,0.1,Debris Burning,0-25,Flat,0-500,Grass,61.610733,-149.586933,TRUE,Human
65.91805,-161.0003,6/22/2021 23:22,0.1,13.8,Lightning,0-25,Flat,0-500,Tundra,65.91667,-159.9998,TRUE,Natural
67.10175,-162.3310833,6/22/2021 20:26,0.1,0.1,Lightning,0-25,Flat,0-500,Tundra,67.1166,-128.2999,TRUE,Natural
67.0759722,-162.3027222,6/22/2021 20:25,0.1,0.1,Lightning,0-25,Flat,0-500,Tundra,67.06662,-162.2997,TRUE,Natural
65.91935,-160.9536,6/22/2021 19:19,1,4.1,Lightning,0-25,Flat,0-500,Tundra,65.91662,-160.9499,TRUE,Natural
65.7008889,-160.3978889,6/22/2021 19:03,1,1.6,Lightning,0-25,Flat,0-500,Tundra,65.70001,-160.383,TRUE,Natural
65.7693611,-160.1714167,6/22/2021 18:59,1,12.2,Lightning,0-25,Flat,0-500,Tundra,65.76668,-160.1664,TRUE,Natural
66.2229444,-160.4753889,6/22/2021 18:45,1,5.7,Lightning,0-25,Flat,0-500,Tundra,66.21661,-160.4665,TRUE,Natural
66.6316389,-159.9803055,6/22/2021 18:03,1.8,4.2,Lightning,0-25,Flat,0-500,Tundra,66.62126,-159.9736,TRUE,Natural
67.1220556,-162.3095,6/22/2021 17:30,4,86.9,Lightning,0-25,Flat,0-500,Tundra,67.11662,-162.3163,TRUE,Natural
67.1385556,-162.3198889,6/22/2021 17:26,4,33.7,Lightning,0-25,Flat,0-500,Tundra,67.1333,-162.3162,TRUE,Natural
66.48104,-157.6529,6/22/2021 17:21,2.5,2.8,Lightning,0-25,Flat,0-500,Tundra,66.47911,-157.653,TRUE,Natural
65.6571389,-160.1791944,6/22/2021 17:00,1,3.8,Lightning,0-25,Flat,0501-1500,Tundra/Brush,65.64995,-160.1832,TRUE,Natural
65.8650278,-160.7643056,6/22/2021 16:42,1,5.3,Lightning,0-25,Flat,0-500,Tundra/Brush,65.86662,-160.7665,TRUE,Natural
65.7499445,-160.8332222,6/22/2021 16:32,0.5,0.5,Lightning,0-25,Flat,0-500,Tundra,65.74994,-160.8332,TRUE,Natural
64.90775,-156.7034167,6/22/2021 16:16,2,3.8,Lightning,0-25,Flat,0-500,Grass/Tussocks,64.90492,-156.7092,TRUE,Natural
65.65675,-160.0435833,6/22/2021 15:51,1,1.9,Lightning,0-25,Flat,0501-1500,Tundra/Brush,65.64995,-160.0332,TRUE,Natural
64.8788333,-156.6844167,6/22/2021 15:39,0.1,1.2,Lightning,0-25,Flat,0-500,BLK Spruce/Tundra,64.88328,-156.2829,TRUE,Natural
66.9207778,-160.9535,6/22/2021 14:40,0,11,Lightning,0-25,Flat,0-500,,66.92078,-160.9535,TRUE,Natural
65.49455,-163.652,6/22/2021 13:00,3,1.4,Lightning,0-25,Flat,0501-1500,Tundra,65.4994,-163.6637,TRUE,Natural
64.8999444,-156.6996944,6/22/2021 12:26,0,0.1,,0-25,Flat,0-500,Tundra,64.89995,-156.6997,TRUE,False Alarm
65.5190555,-165.6425833,6/22/2021 12:23,3,13.1,Lightning,0-25,Flat,0501-1500,Tundra,65.49023,-165.6712,TRUE,Natural
65.91496,-161.0055,6/22/2021 11:33,30,30,Lightning,0-25,Flat,0-500,,66.03384,-161.6257,TRUE,Natural
66.02795,-161.6107,6/22/2021 11:11,1.5,12.3,Lightning,0-25,Flat,0-500,,66.03384,-161.6257,TRUE,Natural
65.3986111,-161.4564167,6/21/2021 20:47,20,16.8,Lightning,0-25,Flat,0-500,Tundra/Brush,65.3303,-161.5766,TRUE,Natural
60.7246389,-151.2729445,6/21/2021 16:34,0.1,0.1,Campfire,0-25,SE,0-500,Other,60.72465,-151.27295,TRUE,Human
61.5828611,-149.7301666,6/21/2021 13:56,0.1,0.1,Debris Burning,0-25,S,0-500,Grass,61.582867,-149.730167,TRUE,Human
60.4680278,-151.1743333,6/21/2021 13:41,0.1,0.1,Campfire,0-25,NE,0-500,Mixed (Hardwoods/Softwoods),53,-148,TRUE,Human
68.1815556,-159.1284167,6/20/2021 19:31,5,1.1,Lightning,0-25,Flat,1501-2500,,68.18378,-159.1267,TRUE,Natural
64.729288,-148.641097,6/20/2021 15:11,0.1,30.9,Lightning,0-25,N,501-1500,Mixed (Hardwoods/Softwoods),64.849,-148.225,TRUE,Natural
67.82857,-163.5427,6/20/2021 14:03,150,5988.3,Lightning,0-25,Flat,0-500,Tundra,67.48996,-163.3197,TRUE,Natural
62.8399444,-160.4071945,6/19/2021 20:03,3,3,Lightning,0-25,Flat,0-500,Tundra/Black Spruce,62.82283,-160.420833,TRUE,Natural
67.10004,-162.7613,6/19/2021 17:54,14.2,16.4,Lightning,0-25,Flat,0-500,Tundra/Brush,67.03996,-162.4995,TRUE,Natural
66.67717,-151.3946,6/18/2021 20:47,5,5.3,Lightning,0-25,Flat,0501-1500,,66.68059,-151.4047,TRUE,Natural
62.0891389,-163.7553889,6/18/2021 19:56,0.1,5.5,Miscellaneous,26-40,West,0-500,,62.49997,-163.4496,TRUE,Human
64.99,-146.0776111,6/18/2021 17:05,0.1,50964.8,Lightning,0-25,SW,1501-2500,Dead White Spruce,64.992983,-146.076317,TRUE,Natural
65.2571111,-148.8735,6/18/2021 16:39,5,2.1,Lightning,0-25,South East,0501-1500,,65.75004,-145.7231,TRUE,Natural
66.67265,-151.2706,6/18/2021 16:07,0.1,366.5,Lightning,0-25,Flat,0501-1500,,66.67265,-151.2706,TRUE,Natural
68.1515278,-159.0243056,6/18/2021 16:01,20,19001.7,Lightning,0-25,Flat,0501-1500,"Grass, Tundra",68.14996,-159.0295,TRUE,Natural
60.7243889,-151.2725556,6/18/2021 14:07,0.1,0.1,Debris Burning,0-25,SE,0-500,Other,60.724383,-151.27255,TRUE,Human
68.17526,-144.1358,6/18/2021 13:34,5,5,Lightning,0-25,South East,2501-3500,,68.17526,-144.1358,TRUE,Natural
62.07072,-145.415142,6/17/2021 23:45,0.1,0.1,Miscellaneous,0-25,E,501-1500,Grass,62.070667,-145.415167,TRUE,Human
63.4169722,-155.1205278,6/17/2021 22:40,20,16,Lightning,0-25,W,501-1500,Black Spruce,63.420217,-155.118333,TRUE,Natural
65.747424,-145.724,6/17/2021 20:54,5,17.7,Lightning,0-25,Flat,0501-1500,,65.75011,-145.7232,TRUE,Natural
63.7837223,-144.4490278,6/17/2021 16:50,1,6,Lightning,0-25,N,501-1500,Dead White Spruce,67.783717,-144.549033,TRUE,Natural
63.6242778,-159.604,6/17/2021 16:24,1.5,1.5,Lightning,0-25,Flat,0-500,BLK WHT Spruce,63.62428,-159.604,TRUE,Natural
65.22176,-142.9061,6/17/2021 13:47,0.1,40450,Lightning,0-25,South West,1501-2500,,65.22451,-142.9025,TRUE,Natural
65.1663333,-149.478,6/17/2021 11:17,0.1,0.1,Miscellaneous,0-25,Flat,0-500,,65.16633,-149.478,TRUE,Human
62.9069444,-153.5047222,6/16/2021 21:20,0.5,2.4,Lightning,0-25,SW,501-1500,Black Spruce,62.9083,-153.503667,TRUE,Natural
63.2463056,-153.9771944,6/16/2021 21:15,0.2,2.1,Lightning,0-25,N,0-500,Dead White Spruce,63.246667,-153.979,TRUE,Natural
63.4207778,-155.1095833,6/16/2021 21:02,15,28.2,Lightning,0-25,NE,501-1500,Black Spruce,63.42,-155.114833,TRUE,Natural
63.2028333,-155.2123056,6/16/2021 20:51,0.3,1.5,Lightning,0-25,SW,0-500,Black Spruce,63.203333,-155.2135,TRUE,Natural
63.2237778,-155.4496111,6/16/2021 20:50,0.2,1,Lightning,0-25,W,0-500,Black Spruce,63.222833,-155.45,TRUE,Natural
63.7988611,-157.9783055,6/16/2021 20:09,0.1,0.1,Lightning,0-25,Flat,0-500,BLK Spruce/Tundra,63.79885,-157.9783,TRUE,Natural
60.7997223,-157.1694444,6/16/2021 19:47,40,99.5,Lightning,0-25,S,501-1500,Black Spruce,60.799867,-157.168033,TRUE,Natural
62.7386111,-153.2825,6/16/2021 18:30,2,54.4,Lightning,0-25,N,501-1500,Black Spruce,62.742,-153.272467,TRUE,Natural
63.5742778,-141.8859167,6/16/2021 17:22,0.5,215.8,Lightning,0-25,W,1501-2500,Mixed (Hardwoods/Softwoods),63.574283,-141.885917,TRUE,Natural
63.8781111,-145.2343611,6/16/2021 16:53,0.1,0.3,Lightning,0-25,NW,501-1500,Unknown,63.88307,-145.185985,TRUE,Natural
63.7298611,-142.2229167,6/16/2021 16:46,0.1,0.5,Lightning,0-25,N,3501-4500,Other,63.736928,-142.21584,TRUE,Natural
65.58511,-145.0699,6/16/2021 16:39,0.1,536.1,Lightning,0-25,Flat,0501-1500,,65.6,-144.9101,TRUE,Natural
59.6009445,-151.4213055,6/16/2021 10:42,0.1,0.1,Campfire,0-25,SW,0-500,Other,59.600933,-151.4213,TRUE,Human
63.8759445,-157.9286945,6/16/2021 9:45,0.1,0.1,Lightning,0-25,Flat,0-500,BLK Spruce/Tundra,63.87594,-157.9287,TRUE,Natural
63.7756111,-157.9221945,6/16/2021 9:33,0.1,1,Lightning,0-25,Flat,0-500,BLK Spruce/Tundra,63.77561,-157.9222,TRUE,Natural
63.7779444,-157.0962222,6/16/2021 9:21,0.1,0.1,Lightning,0-25,Flat,0-500,BLK Spruce/Tundra,63.77795,-157.0962,TRUE,Natural
63.7404445,-158.208,6/16/2021 8:57,0.1,2,Lightning,0-25,Flat,0-500,BLK Spruce /Tundra,63.74045,-158.208,TRUE,Natural
63.7382778,-158.2078889,6/16/2021 8:21,0.1,0.1,Lightning,0-25,Flat,0-500,BLK Spruce/Tundra,63.73828,-158.2079,TRUE,Natural
61.3644722,-149.9595278,6/15/2021 18:56,0.1,0.6,Miscellaneous,0-25,N,0-500,Mixed (Hardwoods/Softwoods),61.364133,-149.959367,TRUE,Human
64.84908,-147.6652,6/15/2021 14:13,0.1,0.1,Miscellaneous,0-25,Flat,0-500,,64.84717,-147.6622,TRUE,Human
63.9293,-148.8579,6/14/2021 21:05,0.1,95.7,Coal Seam,0-25,SW,1501-2500,Unknown,63.858267,-148.91016,TRUE,Natural
64.9214445,-150.5319167,6/14/2021 19:03,0.1,653.9,Lightning,0-25,Flat,0-500,,64.92144,-150.5319,TRUE,Natural
65.163333,-147.628883,6/14/2021 18:45,0.1,927.2,Lightning,0-25,S,1501-2500,Dead White Spruce,65.115593,-147.68615,TRUE,Natural
64.9067778,-150.6253889,6/14/2021 17:12,0.1,51763.2,Lightning,0-25,Flat,0-500,,64.50993,-150.2999,TRUE,Natural
64.978617,-147.209717,6/14/2021 16:31,0.1,37.1,Lightning,0-25,S,1501-2500,Dead White Spruce,64.969583,-147.18345,TRUE,Natural
62.8572222,-155.5764167,6/14/2021 16:08,5,2186.1,Campfire,0-25,SW,0-500,Black Spruce,62.859167,-155.574667,TRUE,Human
64.8755,-147.975,6/14/2021 13:37,0.1,0.1,Debris Burning,Unknown,Unknown,Unknown,Unknown,64.875857,-147.971832,TRUE,Human
64.84985,-147.388833,6/14/2021 12:09,0.1,0.1,Miscellaneous,0-25,W,0-500,Grass,64.841813,-147.410328,TRUE,Human
61.397833,-142.6232,6/13/2021 20:54,0.1,0.1,Lightning,0-25,NE,1501-2500,Mixed (Hardwoods/Softwoods),61.4013,-142.6273,TRUE,Natural
61.67337,-149.981827,6/13/2021 20:31,0.1,0.1,Debris Burning,0-25,W,0-500,Grass,61.67337,-149.981827,TRUE,Human
66.47651,-150.4121,6/13/2021 19:04,25,4224,Lightning,0-25,Flat,0501-1500,tundra grass shrub,66.47651,-150.4121,TRUE,Natural
66.51112,-150.4927,6/13/2021 19:02,5,22.4,Lightning,0-25,Flat,1501-2500,,66.51112,-150.4927,TRUE,Natural
64.9036666,-149.4432778,6/13/2021 17:58,15,40,Lightning,0-25,NE,0-500,Other,64.906833,-149.448,TRUE,Natural
66.48075,-150.4017778,6/13/2021 15:21,10,418.7,Lightning,0-25,Flat,1501-2500,Tundra grass brush,62.93918,-163.3376,TRUE,Natural
65.56633,-144.9118,6/13/2021 14:59,0.1,0.1,Miscellaneous,0-25,Flat,0501-1500,,65.56633,-144.9118,TRUE,Human
63.2678889,-143.0309167,6/12/2021 22:23,0.1,0.1,Miscellaneous,Unknown,Unknown,Unknown,Other,63.267883,-143.030917,TRUE,Human
64.7988334,-147.5417223,6/12/2021 21:07,0.1,0.1,Miscellaneous,0-25,SE,0-500,Unknown,64.798833,-147.541717,TRUE,Human
60.3199167,-151.2759167,6/12/2021 19:50,0.1,0.1,Miscellaneous,0-25,SW,0-500,Unknown,60.319913,-151.275932,TRUE,Human
60.6575555,-150.5571667,6/12/2021 19:45,2,102.2,Lightning,0-25,Flat,Unknown,Dead White Spruce,60.660167,-150.573833,TRUE,Natural
60.4433611,-145.2193611,6/12/2021 19:39,0.1,0.1,Equipment,Unknown,Unknown,Unknown,Unknown,60.443358,-145.219358,TRUE,Human
65.1715278,-149.8798056,6/12/2021 17:51,0,0.1,,0-25,Flat,1501-2500,,65.18687,-149.8643,TRUE,False Alarm
60.3750556,-151.3456111,6/12/2021 15:23,0.1,0.1,Campfire,0-25,S,0-500,Grass,60.37505,-151.345617,TRUE,Human
64.6747222,-147.7635833,6/12/2021 13:46,0,0,,0-25,Flat,0-500,,64.67471,-147.7636,TRUE,False Alarm
65.748195,-149.8061,6/12/2021 13:42,0.1,118.8,Miscellaneous,0-25,Flat,0-500,Spruce/Brush,65.68121,-149.8247,TRUE,Human
64.7471389,-148.1308056,6/12/2021 13:34,0.1,1,,Unknown,Unknown,Unknown,Dead White Spruce,64.745833,-148.1375,TRUE,Undetermined
64.2398889,-149.3603055,6/10/2021 18:11,0.1,0.4,Investigated but cause Undetermined,Unknown,Unknown,Unknown,Black Spruce,64.217575,-149.274093,TRUE,Undetermined
60.0339722,-151.6953056,6/10/2021 13:02,0.1,0.1,Debris Burning,0-25,NW,0-500,Grass,60.034,-151.695333,TRUE,Human
64.8402778,-147.5812222,6/9/2021 16:26,0.1,0.1,Miscellaneous,0-25,Flat,0-500,,64.84028,-147.5812,TRUE,Human
63.96241,-146.2989,6/9/2021 15:34,0.1,0.1,Miscellaneous,0-25,Flat,1501-2500,grass/shrub,63.96241,-146.2989,TRUE,Human
64.5913,-146.0776,6/9/2021 14:22,0.1,7,Lightning,Unknown,Unknown,Unknown,Mixed (Hardwoods/Softwoods),64.604167,-146.130833,TRUE,Natural
65.1288889,-147.6310556,6/9/2021 6:43,0.1,0.1,Investigated but cause Undetermined,Unknown,Unknown,Unknown,Other,65.125615,-147.630173,TRUE,Human
63.8443333,-143.0231667,6/8/2021 16:34,1,181.7,Lightning,Unknown,Unknown,Unknown,Unknown,63.844333,-143.023167,TRUE,Natural
65.2541667,-147.7546944,6/8/2021 15:50,10,31.2,Lightning,0-25,Flat,1501-2500,Tundra/ White Spruce,65.26286,-147.7733,TRUE,Natural
59.75125,-151.8148611,6/8/2021 10:17,0.1,0.1,Investigated but cause Undetermined,0-25,SW,0-500,Grass,59.75135,-151.815183,TRUE,Undetermined
65.2694445,-147.7534167,6/7/2021 19:44,0.1,57.3,Lightning,0-25,Flat,1501-2500,tundra/white spruce,65.2643,-147.7653,TRUE,Natural
60.5039167,-150.7671667,6/7/2021 19:01,0.1,0.1,Campfire,0-25,NW,0-500,Grass,60.504,-150.7726,TRUE,Human
65.0374444,-147.5810278,6/7/2021 18:01,0.1,1.2,Lightning,0-25,Unknown,Unknown,Black Spruce,65.024223,-147.652178,TRUE,Natural
60.5361111,-150.7378056,6/7/2021 18:00,0.1,0.2,Debris Burning,Unknown,Unknown,Unknown,Other,60.534167,-150.737833,TRUE,Human
64.8017778,-147.6445,6/7/2021 15:47,0.1,0.1,Miscellaneous,0-25,Flat,0-500,,64.8104,-147.6609,TRUE,Human
64.4583055,-148.9558333,6/7/2021 15:42,0.1,2,Lightning,0-25,Flat,Unknown,Black Spruce,64.55,-149.15,TRUE,Natural
63.95376,-146.2923,6/7/2021 14:30,0.1,0.1,Miscellaneous,0-25,Flat,1501-2500,,63.95376,-146.2923,TRUE,Human
57.7593333,-152.4955,6/7/2021 11:41,0.1,0.1,Miscellaneous,0-25,S,0-500,Grass,57.759333,-152.495983,TRUE,Human
65.3408611,-148.303,6/7/2021 11:09,0.3,0.3,Miscellaneous,0-25,Flat,0501-1500,,65.340867,-148.303017,TRUE,Human
66.175,-150.6542,6/7/2021 8:08,0.1,287.1,Lightning,0-25,Flat,1501-2500,Tundra/Grass,66.18327,-150.6693,TRUE,Natural
60.5166389,-150.7330278,6/6/2021 21:58,0.1,0.1,Miscellaneous,0-25,NW,0-500,Grass,60.51665,-150.733017,TRUE,Human
55.6991944,-132.6498055,6/6/2021 20:00,0.1,0.1,,Unknown,Unknown,Unknown,Unknown,55.699183,-132.649817,TRUE,Human
61.7354167,-150.0770556,6/6/2021 18:58,0.1,0.1,Lightning,0-25,S,0-500,Hardwoods,61.735417,-150.077077,TRUE,Natural
59.8068889,-151.1265,6/6/2021 17:06,0.5,0.1,Debris Burning,Unknown,Unknown,Unknown,Grass,59.777133,-151.102133,TRUE,Human
62.10305,-149.9278,6/6/2021 15:53,0.1,0.3,Lightning,0-25,Flat,0-500,Hardwoods,62.01,-149.58,TRUE,Natural
60.4576389,-150.9595833,6/6/2021 14:55,0.3,0.3,Debris Burning,0-25,W,0-500,Mixed (Hardwoods/Softwoods),60.457417,-150.959117,TRUE,Human
61.524333,-149.033167,6/6/2021 9:46,0.2,0.2,Debris Burning,0-25,Flat,0-500,Other,61.524333,-149.033167,TRUE,Human
57.5697222,-152.4680556,6/5/2021 22:25,10,67.6,Investigated but cause Undetermined,0-25,E,0-500,Mixed (Hardwoods/Softwoods),57.497033,-152.581367,TRUE,Human
61.3475,-150.0768889,6/5/2021 17:19,0.1,0.1,Miscellaneous,0-25,Flat,0-500,Grass,61.3475,-150.077,TRUE,Human
59.7412222,-151.2707222,6/5/2021 17:00,1,1.9,Debris Burning,Unknown,Flat,501-1500,Mixed (Hardwoods/Softwoods),59.740817,-151.271078,TRUE,Human
61.8201111,-150.3413611,6/5/2021 16:56,0.5,0.3,Lightning,0-25,Flat,0-500,Black Spruce,61.8161,-150.3209,TRUE,Natural
60.2361111,-151.3788611,6/5/2021 12:03,0.1,0.1,Equipment,0-25,SE,0-500,Grass,60.236167,-151.378833,TRUE,Human
60.2400833,-151.3728056,6/4/2021 19:09,0.1,0.1,Equipment,Unknown,Unknown,Unknown,Grass,60.240083,-151.3728,TRUE,Human
60.2346944,-151.3818889,6/4/2021 16:39,0.1,0.1,Equipment,Unknown,Unknown,Unknown,Grass,53,-148,TRUE,Human
60.2408611,-151.3716111,6/4/2021 16:31,0.1,0.1,Equipment,Unknown,Unknown,Unknown,Grass,60.240867,-151.371617,TRUE,Human
60.2212222,-151.409,6/4/2021 16:18,0.2,0.1,Equipment,Unknown,Unknown,Unknown,Grass,60.22115,-151.40905,TRUE,Human
60.2423889,-151.3693333,6/4/2021 15:50,0.2,0.4,Equipment,Unknown,Unknown,Unknown,Grass,60.221867,-151.40825,TRUE,Human
61.5990278,-149.4519167,6/4/2021 15:04,0.1,0.1,Miscellaneous,0-25,Flat,0-500,Grass,61.599017,-149.451933,TRUE,Human
63.9544722,-146.2893056,6/3/2021 12:15,0.1,5,Miscellaneous,0-25,Flat,1501-2500,tussock tundra,63.96142,-146.2993,TRUE,Human
63.9539444,-146.285,6/2/2021 12:25,0.1,18.6,Miscellaneous,0-25,Flat,1501-2500,tussock tundra,63.99995,-146.3332,TRUE,Human
61.522883,-145.23605,6/1/2021 13:30,0.1,0.1,Miscellaneous,0-25,W,0-500,Mixed (Hardwoods/Softwoods),61.522883,-145.23605,TRUE,Human
59.6442222,-151.5671389,6/1/2021 13:22,0.2,0.2,Equipment,Unknown,Unknown,Unknown,Grass,59.644233,-151.567133,TRUE,Human
62.115583,-145.526383,6/1/2021 11:48,0.1,0.1,Miscellaneous,0-25,S,0-500,Mixed (Hardwoods/Softwoods),62.115583,-145.526383,TRUE,Human
60.5158333,-151.2665,5/31/2021 23:15,0.1,0.1,Miscellaneous,Unknown,Unknown,Unknown,Other,60.515833,-151.2665,TRUE,Human
60.2359722,-151.3785833,5/31/2021 14:54,0.1,0.1,Investigated but cause Undetermined,0-25,Flat,Unknown,Grass,60.23595,-151.378633,TRUE,Human
61.7301666,-148.9315,5/31/2021 8:31,0.1,0.1,Coal Seam,0-25,Flat,501-1500,Unknown,61.730167,-148.9315,TRUE,Natural
60.4996944,-151.2561111,5/30/2021 17:37,0.3,0.1,Miscellaneous,0-25,Flat,Unknown,Grass,60.499683,-151.256117,TRUE,Human
63.6237,-143.844367,5/30/2021 9:15,,0,Prescribed,Unknown,Unknown,Unknown,Unknown,63.6237,-143.844367,TRUE,Prescribed
64.7939723,-147.6961944,5/29/2021 13:22,0.1,0.1,Miscellaneous,Unknown,Unknown,Unknown,Black Spruce,64.793967,-147.696176,TRUE,Human
62.6295556,-160.1911944,5/29/2021 9:18,0.3,0.3,Miscellaneous,0-25,South East,0-500,,62.37994,-160.1099,TRUE,Human
67.5899444,-164.0498056,5/28/2021 17:00,0,0,,0-25,Flat,0-500,,67.58994,-164.0498,TRUE,False Alarm
61.5806389,-159.5407223,5/27/2021 21:03,0.1,0.1,Campfire,0-25,Flat,0-500,Black Spruce,61.580641,-159.540729,TRUE,Human
64.8021667,-147.6496111,5/27/2021 13:30,0.1,0.1,Miscellaneous,0-25,Flat,0-500,,64.80216,-147.6496,TRUE,Human
61.5152222,-149.9636944,5/26/2021 18:21,0.1,0.3,Investigated but cause Undetermined,0-25,E,0-500,Mixed (Hardwoods/Softwoods),61.515203,-149.964415,TRUE,Human
63.9511389,-146.2917778,5/26/2021 12:32,0.1,86.6,Miscellaneous,0-25,Flat,1501-2500,,63.95115,-146.2918,TRUE,Human
60.0945833,-151.6163611,5/25/2021 23:13,4,1.2,Campfire,76+,Unknown,Unknown,Grass,60.094583,-151.616367,TRUE,Human
62.0385,-150.0616667,5/25/2021 21:36,0.1,0.2,Investigated but cause Undetermined,0-25,S,0-500,Grass,62.044488,-150.059962,TRUE,Human
60.2438611,-151.3697778,5/25/2021 20:37,0.1,0.1,Investigated but cause Undetermined,0-25,Flat,0-500,Unknown,60.243867,-151.369783,TRUE,Human
60.4805278,-151.0647222,5/25/2021 16:38,0.1,0.1,Debris Burning,Unknown,Unknown,Unknown,Grass,60.480533,-151.064733,TRUE,Human
61.5806667,-149.3565555,5/25/2021 15:17,1,1.7,Debris Burning,0-25,Flat,0-500,Mixed (Hardwoods/Softwoods),61.580448,-149.355982,TRUE,Human
61.7318611,-150.0742778,5/25/2021 13:36,0.1,0.1,Debris Burning,0-25,Flat,0-500,Other,61.731848,-150.074273,TRUE,Human
62.05345,-163.2688,5/25/2021 11:19,0.1,0.1,Debris Burning,0-25,West,0-500,,62.04995,-163.3332,TRUE,Human
60.8886111,-161.42525,5/25/2021 10:41,1,254.2,Investigated but cause Undetermined,0-25,SE,0-500,Hardwoods,60.888596,-161.425242,TRUE,Human
61.7525556,-149.9417222,5/24/2021 19:50,0.1,0.1,Debris Burning,0-25,Flat,0-500,Mixed (Hardwoods/Softwoods),61.75255,-149.941727,TRUE,Human
59.7074444,-151.6886667,5/24/2021 16:37,0.1,0.1,Debris Burning,Unknown,Unknown,Unknown,Grass,59.707283,-151.688667,TRUE,Human
61.3538611,-149.5407223,5/24/2021 16:24,0.2,0.2,Debris Burning,0-25,W,0-500,Mixed (Hardwoods/Softwoods),61.353867,-149.540733,TRUE,Human
64.8022222,-147.6473055,5/24/2021 15:03,0.1,0.1,Miscellaneous,0-25,Flat,0-500,,64.80223,-147.6473,TRUE,Human
62.332961,-150.079932,5/24/2021 13:50,0.1,0.1,Debris Burning,0-25,Flat,0-500,Grass,62.333593,-150.084282,TRUE,Human
64.80175,-147.6445,5/24/2021 13:49,0.1,0.1,Miscellaneous,0-25,Flat,0-500,,64.80228,-147.6473,TRUE,Human
57.589549,-157.502267,5/24/2021 12:48,1,3600.2,Debris Burning,0-25,NW,0-500,Grass,57.574,-157.567,TRUE,Human
59.82525,-151.6221667,5/24/2021 11:08,0.5,0.3,Debris Burning,Unknown,Unknown,Unknown,Grass,59.82525,-151.6217,TRUE,Human
61.80935,-165.766383,5/24/2021 10:54,2,3033.3,Investigated but cause Undetermined,0-25,W,0-500,Other,61.808167,-165.763167,TRUE,Human
61.1353889,-149.8958055,5/23/2021 20:48,0.1,0.2,Debris Burning,0-25,Flat,0-500,Black Spruce,61.139557,-149.89814,TRUE,Human
61.5757778,-149.1484167,5/23/2021 17:02,0.1,0.1,Debris Burning,0-25,Flat,0-500,Grass,61.575783,-149.148517,TRUE,Human
61.5707778,-149.6155,5/23/2021 16:23,0.1,0.1,Miscellaneous,0-25,Flat,0-500,Grass,61.570763,-149.6155,TRUE,Human
61.645,-149.4389167,5/23/2021 16:10,0.1,0.1,Debris Burning,0-25,Flat,0-500,Mixed (Hardwoods/Softwoods),61.644858,-149.439077,TRUE,Human
59.6361111,-151.5360278,5/22/2021 11:18,0.1,0.1,Campfire,0-25,SE,0-500,Other,59.636117,-151.536033,TRUE,Human
65.2306389,-148.1323889,5/20/2021 19:07,0.1,2.4,Investigated but cause Undetermined,Unknown,Unknown,Unknown,Black Spruce,65.224267,-148.132183,TRUE,Human
65.5158889,-148.8133056,5/20/2021 18:23,0,0,,0-25,East,0501-1500,,65.5159,-148.8133,TRUE,False Alarm
64.6229722,-146.6481944,5/20/2021 16:43,0.1,0.1,Miscellaneous,0-25,Flat,1501-2500,,64.62298,-146.6482,TRUE,Human
61.443048,-149.888833,5/19/2021 14:56,0.1,0.2,Debris Burning,0-25,Flat,0-500,Hardwoods,61.442995,-149.890123,TRUE,Human
61.6390555,-149.5496945,5/19/2021 9:47,0.1,0.1,Debris Burning,0-25,Flat,0-500,Black Spruce,61.63905,-149.549717,TRUE,Human
61.623833,-149.4175,5/18/2021 16:35,0.1,0.1,Equipment,0-25,Flat,0-500,Hardwoods,61.623833,-149.4175,TRUE,Human
61.567912,-149.351494,5/17/2021 17:47,0.2,0.1,Debris Burning,0-25,Flat,0-500,Grass,53,-148,TRUE,Human
60.5704722,-151.2778889,5/17/2021 16:59,0.1,0.1,Smoking,0-25,Flat,Unknown,Grass,60.570483,-151.2779,TRUE,Human
61.880417,-150.1138,5/17/2021 16:40,0.1,0.2,Investigated but cause Undetermined,0-25,S,0-500,Mixed (Hardwoods/Softwoods),61.880436,-150.114806,TRUE,Human
61.6363333,-149.6345833,5/17/2021 13:45,0.1,0.1,Debris Burning,0-25,Flat,0-500,Grass,61.636333,-149.634583,TRUE,Human
61.5333055,-148.9725555,5/16/2021 14:05,0.4,0.4,Debris Burning,0-25,Flat,0-500,Mixed (Hardwoods/Softwoods),61.534,-148.971333,TRUE,Human
61.7279166,-148.9103611,5/16/2021 14:02,0.1,0.1,Campfire,0-25,Flat,501-1500,Hardwoods,61.725577,-148.90104,TRUE,Human
64.879,-146.8889722,5/16/2021 7:18,0.1,0.1,Miscellaneous,Unknown,Unknown,Unknown,Grass,64.879,-146.888967,TRUE,Human
63.1493056,-155.6911667,5/15/2021 18:18,4,6.8,Lightning,0-25,Flat,0-500,Black Spruce,53,-148,TRUE,Natural
60.71575,-151.3556944,5/15/2021 14:51,0.1,0.1,Debris Burning,Unknown,Unknown,Unknown,Unknown,60.715883,-151.35605,TRUE,Human
63.3757778,-143.3683611,5/14/2021 13:15,0.1,0.1,Debris Burning,Unknown,Unknown,Unknown,Black Spruce,63.378217,-143.358067,TRUE,Human
60.5176667,-150.76,5/14/2021 11:11,0.5,0.1,Debris Burning,Unknown,Unknown,Unknown,Unknown,60.517667,-150.76,TRUE,Human
61.6416111,-149.1370278,5/13/2021 18:49,0.1,0.2,Debris Burning,0-25,SE,0-500,Grass,61.6416,-149.13701,TRUE,Human
62.9322778,-143.6844722,5/13/2021 17:50,0.1,0.1,Miscellaneous,Unknown,Unknown,Unknown,Black Spruce,62.932283,-143.684467,TRUE,Human
61.62295,-149.263883,5/13/2021 16:15,0.1,0.1,Campfire,0-25,Flat,0-500,Grass,61.623333,-149.263823,TRUE,Human
61.612,-149.3136,5/13/2021 11:31,0.1,0.1,Equipment,26-40,N,0-500,Grass,61.611967,-149.314258,TRUE,Human
61.62075,-149.4185,5/12/2021 18:31,0.1,0.1,Debris Burning,0-25,S,0-500,Grass,61.620748,-149.418602,TRUE,Human
63.3308889,-142.9868056,5/12/2021 17:44,0.1,0.1,Campfire,Unknown,Unknown,Unknown,Other,63.330883,-142.9868,TRUE,Human
60.2527778,-151.1739722,5/12/2021 15:09,0.1,0.1,Campfire,Unknown,Flat,Unknown,Black Spruce,60.252767,-151.173983,TRUE,Human
56.2889722,-132.3458333,5/12/2021 14:15,1,0.1,,Unknown,Unknown,Unknown,Unknown,56.288983,-132.345833,TRUE,Human
64.874,-147.0065833,5/12/2021 11:09,0.1,0.2,Miscellaneous,0-25,Flat,Unknown,Grass,64.878253,-146.943503,TRUE,Human
61.559553,-149.047325,5/11/2021 13:34,0.1,0.1,Debris Burning,41-55,W,0-500,Grass,61.55955,-149.047233,TRUE,Human
64.7938,-148.185433,5/10/2021 12:00,5,5,,Unknown,Unknown,Unknown,Grass,64.7938,-148.185433,TRUE,Undetermined
64.2900278,-146.4401667,5/10/2021 11:20,0.5,0.5,Smoking,0-25,Unknown,Unknown,Grass,64.290033,-146.44015,TRUE,Human
64.7078611,-146.5784167,5/10/2021 9:10,0.1,0.1,Miscellaneous,0-25,South East,0501-1500,,64.70786,-146.5784,TRUE,Human
61.572983,-149.0757,5/9/2021 17:52,0.1,0.1,Debris Burning,0-25,Flat,0-500,Grass,61.572983,-149.0757,TRUE,Human
61.617567,-149.759167,5/9/2021 12:54,0.1,0.1,Miscellaneous,0-25,Flat,0-500,Hardwoods,61.617567,-149.759167,TRUE,Human
61.661565,-149.363621,5/9/2021 12:44,0.5,1.9,Debris Burning,0-25,Flat,0-500,Grass,61.66278,-149.36139,TRUE,Human
60.5572222,-151.05875,5/9/2021 11:35,0.1,0.1,Debris Burning,Unknown,Unknown,Unknown,Grass,60.557233,-151.05875,TRUE,Human
63.1372222,-142.5161111,5/8/2021 21:55,0.1,0.3,Miscellaneous,Unknown,Unknown,Unknown,Other,63.137222,-142.516112,TRUE,Human
61.5638889,-148.93225,5/8/2021 19:09,1,0.8,Miscellaneous,0-25,W,0-500,Grass,61.5635,-148.9304,TRUE,Human
61.54937,-149.301123,5/8/2021 16:53,0.8,1.5,Debris Burning,0-25,Flat,0-500,Grass,61.5497,-149.3015,TRUE,Human
61.539717,-149.034178,5/8/2021 15:24,0.1,0.1,Incendiary,0-25,Flat,0-500,Grass,61.539667,-149.034,TRUE,Human
64.9042778,-146.4430278,5/8/2021 13:27,0.1,9.1,Miscellaneous,Unknown,Unknown,Unknown,Live White Spruce,64.866817,-146.477133,TRUE,Human
62.9523333,-141.9076944,5/8/2021 9:46,0.1,0.3,Campfire,Unknown,Unknown,Unknown,Hardwoods,62.952333,-141.907683,TRUE,Human
61.448417,-148.8189,5/7/2021 19:03,0.1,0.1,Debris Burning,0-25,Flat,0-500,Hardwoods,61.448417,-148.8189,TRUE,Human
61.5740556,-149.0751667,5/7/2021 18:23,0.5,0.5,Debris Burning,0-25,Flat,0-500,Grass,61.5732,-149.0735,TRUE,Human
61.4785833,-148.8923889,5/7/2021 15:19,0.1,0.1,Debris Burning,0-25,Flat,0-500,Grass,61.478527,-148.89234,TRUE,Human
62.06003,-160.4193,5/7/2021 8:33,0.1,0.1,Lightning,0-25,Flat,0-500,,62.06003,-160.4193,TRUE,Natural
63.86445,-148.758333,5/6/2021 19:59,1,58.9,Coal Seam,Unknown,Unknown,Unknown,Grass,63.872283,-149.505067,TRUE,Natural
57.579717,-152.513767,5/6/2021 19:04,0.1,5,,Unknown,Unknown,Unknown,Unknown,57.579717,-152.513767,TRUE,Undetermined
64.2873333,-146.4378333,5/6/2021 17:36,0.1,0.6,,Unknown,Unknown,Unknown,Grass,64.287333,-146.431717,TRUE,Human
57.8361111,-152.635,5/6/2021 14:53,0.1,5,Miscellaneous,Unknown,Unknown,Unknown,Grass,57.836117,-152.635,TRUE,Human
61.616327,-149.81834,5/6/2021 13:01,0.3,1.3,Debris Burning,0-25,Flat,0-500,Grass,61.6143,-149.844,TRUE,Human
61.254495,-149.693353,5/6/2021 9:40,333,1292,Prescribed,Unknown,Unknown,Unknown,Unknown,61.254495,-149.693353,TRUE,Prescribed
58.5400278,-134.8505,5/5/2021 20:54,0.1,0.1,,Unknown,Unknown,Unknown,Unknown,58.540028,-134.8505,TRUE,Human
60.313083,-151.208017,5/5/2021 16:41,0.1,0.1,Miscellaneous,Unknown,Unknown,Unknown,Other,60.313083,-151.208017,TRUE,Human
62.017183,-145.361533,5/5/2021 16:18,15,15,Prescribed,Unknown,Unknown,Unknown,Unknown,62.017183,-145.361533,TRUE,Prescribed
64.8022222,-147.6471111,5/5/2021 12:00,0.1,0.1,Miscellaneous,0-25,Flat,0-500,,64.80223,-147.6471,TRUE,Human
64.8022778,-147.6471944,5/5/2021 11:30,0.1,0.1,Miscellaneous,0-25,Flat,0-500,,64.80228,-147.6472,TRUE,Human
60.519833,-150.887,5/4/2021 17:15,0.1,0.1,Debris Burning,Unknown,Unknown,Unknown,Grass,60.519833,-150.887,TRUE,Human
60.446267,-151.190217,5/4/2021 15:15,0.1,0.1,Debris Burning,Unknown,Unknown,Unknown,Grass,60.446267,-151.190217,TRUE,Human
64.8022778,-147.6471944,5/3/2021 20:01,0.1,0.1,Miscellaneous,0-25,Flat,0-500,,64.80228,-147.6472,TRUE,Human
61.6223056,-149.2544722,5/3/2021 16:46,0.5,0.5,Debris Burning,0-25,Flat,0-500,Grass,61.622317,-149.254483,TRUE,Human
61.5445556,-149.5779444,5/3/2021 14:11,0.5,0.5,Debris Burning,0-25,Flat,0-500,Grass,61.54455,-149.57795,TRUE,Human
61.436833,-149.875167,5/3/2021 13:51,0.1,0.1,Debris Burning,0-25,Flat,0-500,Grass,61.436833,-149.875167,TRUE,Human
61.5876111,-149.5160556,5/2/2021 17:48,0.1,0.1,Equipment,0-25,Flat,0-500,Grass,61.5877,-149.5163,TRUE,Human
61.6123056,-149.3052778,5/2/2021 15:27,0.1,0.1,Campfire,0-25,N,0-500,Grass,61.612333,-149.305667,TRUE,Human
62.08925,-149.9321111,5/2/2021 13:13,0.1,0.1,Miscellaneous,0-25,Flat,0-500,Unknown,62.0905,-149.932833,TRUE,Human
63.327692,-142.995663,5/2/2021 12:55,0.5,0.5,Prescribed,0-25,Flat,Unknown,Grass,63.327692,-142.995663,TRUE,Prescribed
61.585,-149.4888333,5/2/2021 11:55,0.1,0.1,Debris Burning,0-25,Flat,0-500,Grass,61.58549,-149.48907,TRUE,Human
61.6468055,-149.8783056,5/1/2021 17:31,0.2,0.3,Campfire,0-25,Flat,0-500,Grass,61.6468,-149.8783,TRUE,Human
61.5104167,-149.6580278,5/1/2021 13:19,0.1,0.1,Debris Burning,0-25,Flat,0-500,Grass,61.51042,-149.658018,TRUE,Human
64.8020556,-147.6463889,4/29/2021 12:22,0.1,0.1,Miscellaneous,0-25,Flat,0-500,,64.80228,-147.6472,TRUE,Human
63.3617222,-143.3243333,4/29/2021 0:05,0.1,0.1,Campfire,Unknown,Unknown,Unknown,Unknown,53,-148,TRUE,Human
64.100983,-145.7623,4/28/2021 19:20,0.1,0.7,Miscellaneous,0-25,E,501-1500,Grass,64.100983,-145.7623,TRUE,Human
61.5903611,-148.9877222,4/28/2021 14:52,2,2.2,Investigated but cause Undetermined,0-25,S,0-500,Grass,61.5902,-148.9875,TRUE,Human
61.5541945,-149.0700556,4/28/2021 14:10,0.1,0.1,Debris Burning,0-25,E,0-500,Unknown,61.554317,-149.07055,TRUE,Human
62.102917,-145.553667,4/28/2021 12:23,3,2.7,Debris Burning,0-25,NW,501-1500,Black Spruce,62.111,-145.557667,TRUE,Human
59.6666667,-151.4996944,4/27/2021 17:12,0.3,0.1,Debris Burning,0-25,S,501-1500,Mixed (Hardwoods/Softwoods),59.666667,-151.4997,TRUE,Human
61.802233,-145.175783,4/27/2021 16:22,0.1,0.1,Debris Burning,0-25,SW,501-1500,Grass,61.815,-145.172333,TRUE,Human
64.7312222,-148.43525,4/26/2021 17:32,0.1,0.1,Miscellaneous,0-25,SE,Unknown,Mixed (Hardwoods/Softwoods),64.731217,-148.43525,TRUE,Human
55.3513333,-131.6573055,4/26/2021 15:56,0.4,0.4,,Unknown,Unknown,Unknown,Unknown,55.351334,-131.657296,TRUE,Human
55.9650555,-133.7943611,4/25/2021 18:00,2,2.3,,Unknown,Unknown,Unknown,Unknown,55.965056,-133.794358,TRUE,Human
58.3412778,-134.6505278,4/25/2021 15:55,1,1.2,,Unknown,Unknown,Unknown,Unknown,58.341278,-134.650556,TRUE,Human
61.5429722,-149.0948889,4/25/2021 15:43,0.5,0.5,Debris Burning,0-25,E,0-500,Grass,61.542983,-149.0949,TRUE,Human
59.7012778,-151.3697778,4/25/2021 15:40,0.8,0.3,Debris Burning,0-25,SE,0-500,Grass,59.63985,-151.4858,TRUE,Human
61.5313889,-149.6273333,4/25/2021 15:08,2,0.4,Debris Burning,0-25,NW,0-500,Grass,61.531167,-149.625175,TRUE,Human
61.5985,-149.201327,4/25/2021 14:14,0.1,0.1,Debris Burning,0-25,NE,0-500,Grass,61.598662,-149.201242,TRUE,Human
64.060867,-145.559617,4/24/2021 15:29,0.5,0.1,Debris Burning,Unknown,Unknown,Unknown,Black Spruce,64.060867,-145.559617,TRUE,Human
55.3515555,-131.6704722,4/24/2021 14:42,1,0.2,,Unknown,Unknown,Unknown,Unknown,55.351569,-131.670457,TRUE,Human
60.5347778,-150.7475,4/24/2021 14:15,0.1,0.1,Debris Burning,0-25,E,0-500,Other,60.534783,-150.7475,TRUE,Human
63.888,-145.325,4/24/2021 12:44,720,720,Prescribed,0-25,SE,501-1500,Unknown,63.888,-145.325,TRUE,Prescribed
64.862862,-147.738423,4/24/2021 12:40,0.1,33.1,Prescribed,0-25,SW,0-500,Unknown,64.862862,-147.738423,TRUE,Prescribed
61.53748,-148.975761,4/22/2021 13:31,0.5,1.1,Debris Burning,0-25,SW,0-500,Grass,61.537072,-148.976,TRUE,Human
63.9644444,-145.7696111,4/21/2021 12:51,0.5,0.5,Miscellaneous,0-25,Flat,0501-1500,,63.965,-145.7723,TRUE,Human
63.9650555,-145.7723055,4/20/2021 16:26,0.3,0.3,Miscellaneous,0-25,Flat,0501-1500,,63.965067,-145.772733,TRUE,Human
61.6335278,-149.2902222,4/19/2021 16:58,0.1,0.1,Debris Burning,0-25,NE,501-1500,Grass,61.633483,-149.2902,TRUE,Human
61.636078,-149.433807,4/19/2021 9:55,0.1,0.1,Debris Burning,0-25,NW,501-1500,Grass,61.636078,-149.433807,TRUE,Human
64.8045556,-147.6333056,4/7/2021 16:15,1,3979,,0-25,Flat,0-500,,64.80456,-147.6333,TRUE,Human
64.68323,-146.5573,4/7/2021 13:52,0.1,39615,,0-25,Flat,1501-2500,,64.68323,-146.5573,TRUE,Human
57.7530833,-152.4878889,4/6/2021 16:12,0.1,0.1,Incendiary,0-25,NE,0-500,Grass,57.753083,-152.487883,TRUE,Human
65.02641,-141.2467,4/2/2021 9:24,0.1,0.1,Lightning,26-40,South East,0501-1500,,65.02652,-141.2481,TRUE,Natural
63.7321,-148.904,3/30/2021 17:38,20,21,,0-25,Flat,1501-2500,,63.73154,-148.9014,TRUE,Human
60.56098,-149.5762,,1,40,Prescribed,Unknown,Unknown,Unknown,Unknown,60.56098,-149.5762,TRUE,Prescribed
60.0699722,-149.4408611,10/21/2020 14:20,0.1,0.1,Debris Burning,0-25,W,0-500,Black Spruce,60.069967,-149.440867,TRUE,Human
63.3540278,-143.2413056,10/18/2020 9:49,0.1,0.1,Campfire,0-25,SW,1501-2500,Black Spruce,63.354033,-143.2413,TRUE,Human
61.4973333,-149.0356667,10/13/2020 15:01,0.1,0.2,Campfire,26-40,NW,501-1500,Mixed (Hardwoods/Softwoods),61.497333,-149.035667,TRUE,Human
62.0794167,-145.4345,10/13/2020 13:55,0.1,0.1,Campfire,0-25,E,501-1500,Unknown,62.079333,-145.434333,TRUE,Human
64.8019722,-147.6463889,10/8/2020 14:26,0.1,0.1,Miscellaneous,0-25,Flat,0-500,,64.80198,-147.6464,TRUE,Human
65.0017778,-147.6293611,10/4/2020 16:35,0.1,0.1,Campfire,0-25,SE,501-1500,Hardwoods,65.001783,-147.629367,TRUE,Human
63.3406945,-143.0522222,10/2/2020 8:35,0.1,0.1,Campfire,0-25,E,1501-2500,Hardwoods,63.340683,-143.052217,TRUE,Human
64.8022778,-147.6471944,9/30/2020 16:23,0.1,0.1,Miscellaneous,0-25,Flat,0-500,,64.80228,-147.6472,TRUE,Human
64.6993056,-146.5793056,9/20/2020 10:33,0.1,0.1,Miscellaneous,0-25,Flat,0501-1500,,64.6993,-146.57925,TRUE,Human
61.2616667,-145.2869722,9/19/2020 17:52,0.1,0.1,Equipment,0-25,Flat,0501-1500,Black Spruce,61.261667,-145.286967,TRUE,Human
64.0699,-145.728833,9/18/2020 8:39,0.1,0.1,Miscellaneous,Unknown,Unknown,Unknown,Unknown,64.0699,-145.728833,TRUE,Human
64.0701667,-145.7298055,9/17/2020 17:03,0.1,0.1,Miscellaneous,Unknown,Unknown,Unknown,Other,64.070167,-145.7298,TRUE,Human
64.6966389,-146.9961945,9/16/2020 8:08,0.1,0.1,Miscellaneous,0-25,Flat,0501-1500,,64.53771,-146.6059,TRUE,Human
64.65,-148.585783,9/11/2020 0:02,0.1,0.1,Miscellaneous,0-25,SW,501-1500,Black Spruce,64.789408,-147.988556,TRUE,Human
67.8643889,-146.8315,9/8/2020 10:43,0,0.1,,26-40,North West,2501-3500,,67.8644,-146.8315,TRUE,False Alarm
62.1861944,-146.6128611,9/8/2020 4:10,0.5,0.5,Miscellaneous,0-25,E,1501-2500,Black Spruce,62.186183,-146.61285,TRUE,Human
63.3333056,-143.0463056,9/7/2020 10:15,0.1,0.1,Miscellaneous,0-25,N,1501-2500,Grass,63.3333,-143.046317,TRUE,Human
66.4745278,-154.7696944,9/3/2020 14:04,5,39,Lightning,0-25,Flat,0-500,,66.47,-154.7596,TRUE,Natural
60.5023611,-150.6871389,8/22/2020 20:08,0.1,0.1,Campfire,0-25,E,0-500,Black Spruce,53,-148,TRUE,Human
60.5316111,-150.7996667,8/21/2020 20:28,0.3,0.4,Debris Burning,0-25,W,0-500,Mixed (Hardwoods/Softwoods),60.5316,-150.799667,TRUE,Human
64.3310278,-146.7963334,8/18/2020 16:11,0.1,0.1,Equipment,0-25,E,501-1500,Grass,64.322483,-146.7302,TRUE,Human
60.5075556,-150.8086945,8/18/2020 13:02,0.1,0.1,Miscellaneous,0-25,NE,0-500,Black Spruce,60.50755,-150.808683,TRUE,Human
59.0478056,-160.4388333,8/17/2020 17:46,0.1,0.1,Smoking,0-25,E,0-500,Grass,59.0478,-160.438817,TRUE,Human
60.5015278,-151.0185278,8/17/2020 6:57,0.1,0.1,Debris Burning,0-25,E,0-500,Unknown,60.501517,-151.018517,TRUE,Human
64.8206111,-147.5646111,8/16/2020 14:51,0.1,0.1,Campfire,0-25,W,0-500,Unknown,64.8206,-147.5646,TRUE,Human
62.9,-155.35,8/15/2020 18:37,0.5,0.3,Investigated but cause Undetermined,0-25,Flat,0-500,Black Spruce,62.9,-155.35,TRUE,Human
59.0714722,-160.4105833,8/15/2020 16:01,2,7.4,Investigated but cause Undetermined,0-25,Flat,0-500,Grass,59.063603,-160.38045,TRUE,Human
61.5539722,-149.2485,8/14/2020 12:21,0.1,0.1,Equipment,0-25,Flat,0-500,Grass,61.641398,-149.118548,TRUE,Human
63.3423611,-142.9835833,8/13/2020 0:30,0.1,0.1,Equipment,0-25,Flat,1501-2500,Mixed (Hardwoods/Softwoods),63.342367,-142.983583,TRUE,Human
61.9774444,-150.0538611,8/11/2020 11:28,0.1,0.1,Miscellaneous,0-25,Flat,0-500,Grass,61.96266,-150.059212,TRUE,Human
60.5358889,-150.8305833,8/8/2020 20:00,0.1,0.1,Campfire,0-25,S,0-500,Unknown,60.5359,-150.830583,TRUE,Human
61.5654167,-149.2772222,8/4/2020 15:58,0.1,0.1,Debris Burning,0-25,Flat,0-500,Grass,61.565417,-149.277217,TRUE,Human
65.1021667,-147.7511389,8/2/2020 10:24,0.1,0.1,Miscellaneous,0-25,NE,501-1500,Other,65.102167,-147.751133,TRUE,Human
63.3309722,-142.9866111,8/1/2020 13:39,0.1,0.1,Campfire,0-25,Flat,1501-2500,Black Spruce,63.330967,-142.986617,TRUE,Human
65.7315555,-153.9506111,7/31/2020 16:46,20,12.8,Lightning,0-25,Flat,0501-1500,,65.72861,-153.9442,TRUE,Natural
61.5810556,-149.5965833,7/31/2020 15:56,0.1,0.1,Equipment,0-25,Flat,0-500,Grass,61.581067,-149.596583,TRUE,Human
59.6569722,-151.4871111,7/29/2020 12:40,0.1,0.1,Miscellaneous,0-25,Flat,0-500,Grass,59.656967,-151.487117,TRUE,Human
60.5140278,-151.1114167,7/29/2020 8:59,0.1,0.1,Campfire,0-25,Flat,0-500,Mixed (Hardwoods/Softwoods),60.514017,-151.111417,TRUE,Human
59.7919722,-151.7576389,7/27/2020 22:02,0.1,0.1,Equipment,0-25,Flat,0-500,Grass,59.791967,-151.75765,TRUE,Human
60.3780278,-151.3186944,7/27/2020 10:06,0.1,0.1,Campfire,0-25,Flat,0-500,Mixed (Hardwoods/Softwoods),60.378017,-148,TRUE,Human
58.6051945,-134.924,7/26/2020 7:00,0.1,0.1,Campfire,0-25,Flat,0-500,Unknown,58.605194,-134.924444,TRUE,Human
60.2878333,-151.2444167,7/24/2020 8:42,0.1,0.1,Campfire,0-25,Flat,0-500,Grass,60.287833,-151.244433,TRUE,Human
67.6630278,-163.7577222,7/17/2020 17:22,5,11.7,Lightning,0-25,Flat,0501-1500,Tundra,67.66988,-163.7491,TRUE,Natural
61.5626667,-149.2650833,7/14/2020 19:09,0.1,0.1,Equipment,0-25,Flat,0-500,Grass,61.562667,-149.265083,TRUE,Human
60.1883611,-151.2415,7/14/2020 16:09,0.5,0.5,Lightning,0-25,W,0-500,Grass,60.188367,-151.2415,TRUE,Natural
61.5239444,-163.5378611,7/14/2020 14:09,100,1523.3,Lightning,0-25,Flat,0-500,Grass,61.52395,-163.537867,TRUE,Natural
65.9624722,-144.5685,7/14/2020 10:48,5,14.4,Lightning,0-25,Flat,0501-1500,,65.95132,-144.4725,TRUE,Natural
61.5563611,-149.0573056,7/13/2020 17:06,0.1,0.1,Equipment,0-25,Flat,0-500,Grass,61.556367,-149.057317,TRUE,Human
66.16825,-144.2543889,7/12/2020 13:43,0.3,1.4,Lightning,0-25,Flat,0501-1500,,66.16826,-144.2544,TRUE,Natural
65.1898889,-158.7303055,7/11/2020 20:14,12,4.7,Lightning,0-25,Flat,0501-1500,Tundra,65.19551,-158.7443,TRUE,Natural
63.2164167,-160.1159167,7/11/2020 15:04,20,11.1,Lightning,0-25,Flat,0501-1500,"black spruce, tundra",63.21762,-160.1203,TRUE,Natural
63.2413056,-160.2165,7/11/2020 15:03,0,0,,0-25,Flat,0501-1500,,63.2413,-160.2165,TRUE,False Alarm
63.2444722,-160.17,7/11/2020 14:57,0,0.1,,0-25,Flat,0501-1500,,63.24446,-160.17,TRUE,Natural
67.4485833,-150.844,7/10/2020 3:32,1,8.6,Miscellaneous,0-25,Flat,0501-1500,,67.44861,-150.84911,TRUE,Human
66.7397778,-145.4746944,7/8/2020 14:15,1.5,2.5,Lightning,0-25,Flat,0-500,,66.73978,-145.4747,TRUE,Natural
67.1164722,-151.7806944,7/7/2020 19:24,0.1,0.5,Lightning,0-25,Flat,0501-1500,,67.10829,-151.7694,TRUE,Natural
60.7064722,-147.9596111,7/7/2020 18:07,0.1,0.4,,Unknown,Unknown,Unknown,Unknown,60.70647,-147.9596,TRUE,Human
61.6295833,-149.7911389,7/7/2020 17:48,0.1,0.1,Campfire,0-25,Flat,0-500,Black Spruce,61.629589,-149.79116,TRUE,Human
61.5802778,-149.6199167,7/7/2020 15:40,0.1,0.1,Campfire,0-25,Flat,0-500,Grass,61.580265,-149.619887,TRUE,Human
58.5967222,-134.9106944,7/7/2020 13:00,0.1,0.1,,0-25,Flat,0-500,Unknown,58.596733,-134.9107,TRUE,Human
62.9823889,-155.4308055,7/6/2020 19:00,0.1,0.1,Campfire,0-25,Flat,0-500,Grass,62.982383,-155.430817,TRUE,Human
64.3092778,-158.7398889,7/6/2020 18:32,0.3,0.3,Debris Burning,0-25,Flat,0-500,Shrubs and Tundra,64.31884,-158.741,TRUE,Human
66.8258611,-153.9268889,7/6/2020 17:47,30,62.4,Lightning,0-25,Flat,0501-1500,,66.82587,-153.9269,TRUE,Natural
65.0231944,-147.2237222,7/5/2020 18:24,0.1,0.1,Equipment,0-25,SE,1501-2500,Unknown,65.023183,-147.223717,TRUE,Human
61.527,-149.0657222,7/5/2020 15:14,0.2,0.2,Equipment,0-25,Flat,0-500,Grass,61.527,-149.0657,TRUE,Human
61.5593889,-149.3706389,7/5/2020 14:05,0.1,0.1,Equipment,0-25,Flat,0-500,Grass,61.5594,-149.370633,TRUE,Human
64.9555555,-148.1984444,7/5/2020 13:11,0.1,0.1,Incendiary,0-25,North,1501-2500,Other,64.95555,-148.19845,TRUE,Human
61.623814,-149.334729,7/5/2020 12:43,0.1,0.1,Miscellaneous,0-25,SW,0-500,Grass,61.624123,-149.334226,TRUE,Human
60.4646389,-150.9373889,7/4/2020 22:30,0.1,0.1,Miscellaneous,0-25,Flat,0-500,Grass,60.464633,-150.9374,TRUE,Human
61.5475556,-149.7065,7/4/2020 16:55,0.1,0.1,Investigated but cause Undetermined,0-25,Flat,0-500,Grass,61.543325,-149.70824,TRUE,Human
60.5586111,-151.1986389,7/4/2020 15:35,0.1,0.1,Smoking,0-25,Flat,0-500,Mixed (Hardwoods/Softwoods),60.33517,-151.11917,TRUE,Human
60.5491389,-151.1527778,7/4/2020 14:41,0.1,0.1,Smoking,0-25,Flat,0-500,Grass,60.54915,-151.152767,TRUE,Human
61.4993055,-149.5975833,7/3/2020 21:03,1,0.5,Miscellaneous,0-25,Flat,0-500,Grass,61.499433,-149.597617,TRUE,Human
60.3310278,-151.2675,7/3/2020 11:41,0.1,0.1,Investigated but cause Undetermined,0-25,Flat,0-500,Grass,60.331033,-151.2675,TRUE,Human
59.8101389,-151.6026667,7/3/2020 0:00,0.1,0.1,Debris Burning,0-25,Flat,0501-1500,Grass,59.810133,-151.602683,TRUE,Human
60.5163056,-151.0505833,7/1/2020 0:15,0.1,0.1,Equipment,0-25,Flat,0-500,Grass,60.5163,-151.05058,TRUE,Human
60.4857778,-150.7657778,6/30/2020 17:44,0.1,0.1,Equipment,0-25,Flat,0-500,Mixed (Hardwoods/Softwoods),60.486617,-150.765117,TRUE,Human
66.0854167,-144.2108056,6/29/2020 14:39,5,21.2,Lightning,0-25,Flat,0501-1500,,66.08778,-144.2005,TRUE,Natural
63.2451944,-160.1701944,6/29/2020 12:25,1,34.8,Lightning,0-25,Flat,0501-1500,Coniferous Spruce,63.24519,-160.1702,TRUE,Natural
63.23825,-160.2123056,6/29/2020 11:25,1,18.3,Lightning,0-25,Flat,0501-1500,Coniferous Spruce,63.23824,-160.2123,TRUE,Natural
67.175379,-151.3787,6/29/2020 10:23,20,21.5,Lightning,0-25,Flat,0501-1500,,67.17486,-151.3674,TRUE,Natural
64.14025,-145.7810833,6/28/2020 13:51,0.1,0.1,Miscellaneous,0-25,W,501-1500,Unknown,64.073583,-145.7811,TRUE,Human
61.5207222,-148.9791111,6/27/2020 8:56,0.2,0.2,Equipment,0-25,Flat,0-500,Mixed (Hardwoods/Softwoods),61.520712,-148.979115,TRUE,Human
60.4656667,-151.1415556,6/27/2020 5:20,0.1,0.1,Debris Burning,0-25,Flat,0-500,Other,60.465667,-151.141567,TRUE,Human
63.3225,-142.9704722,6/26/2020 18:51,0.1,0.1,,0-25,NW,1501-2500,Other,63.3225,-142.970467,TRUE,Human
60.5331389,-150.3875278,6/25/2020 15:28,2,7.2,Lightning,0-25,Flat,0-500,Black Spruce,60.533133,-150.387533,TRUE,Natural
64.9602222,-148.2300278,6/25/2020 15:26,0.1,0.1,Lightning,0-25,SW,1501-2500,Black Spruce,64.960217,-148.230017,TRUE,Natural
60.5703333,-151.178,6/24/2020 21:14,0.1,0.1,Miscellaneous,0-25,Flat,0-500,Grass,60.570333,-151.178,TRUE,Human
61.5243333,-149.5158333,6/24/2020 13:31,0.1,0.1,Miscellaneous,0-25,Flat,0-500,Unknown,61.524333,-149.515833,TRUE,Human
67.1993889,-144.417,6/23/2020 15:07,0.1,5736.4,Lightning,0-25,Flat,0501-1500,,67.19983,-144.4191,TRUE,Natural
64.234,-146.035,6/23/2020 12:18,0.1,0.1,Miscellaneous,0-25,SW,501-1500,Unknown,64.234,-146.035,TRUE,Human
60.5513889,-151.1486945,6/23/2020 12:06,0.1,0.1,Smoking,0-25,Flat,0-500,Grass,60.5514,-151.1487,TRUE,Human
65.1102778,-156.8399166,6/22/2020 19:01,30,38.8,Lightning,0-25,Flat,0-500,"sprc, hdwd, tndr grs",65.10751,-156.8397,TRUE,Natural
67.0941389,-146.7677222,6/22/2020 18:29,0.1,1,Lightning,0-25,Flat,0501-1500,,67.09417,-146.7682,TRUE,Natural
64.8245556,-159.0471944,6/22/2020 17:18,3,3,Lightning,0-25,North West,0501-1500,Black Spruce,64.82455,-159.0472,TRUE,Natural
67.1512222,-152.4885,6/22/2020 14:46,1,134.2,Lightning,26-40,South,1501-2500,,67.15121,-152.4885,TRUE,Natural
66.5526389,-158.5733056,6/21/2020 17:48,4,4.1,Lightning,0-25,Flat,0-500,,66.55264,-158.5733,TRUE,Natural
67.1507222,-145.5558056,6/18/2020 17:10,20,9.4,Lightning,0-25,Flat,0501-1500,,67.16533,-145.5401,TRUE,Natural
65.949,-147.4506111,6/18/2020 16:43,1,3.8,Lightning,0-25,Flat,0501-1500,,65.93901,-147.4541,TRUE,Natural
62.485,-156.1762778,6/18/2020 10:19,7,7,Lightning,0-25,North East,0501-1500,Mixed (Hardwoods/Softwoods),62.485,-156.176283,TRUE,Natural
66.9096666,-145.1071111,6/17/2020 17:05,0.5,828.5,Lightning,0-25,Flat,0-500,,66.90768,-145.1073,TRUE,Natural
63.8932222,-151.0227222,6/17/2020 16:07,400,673.5,Lightning,0-25,Flat,0501-1500,,63.89322,-151.0227,TRUE,Natural
64.932,-146.8871667,6/17/2020 12:13,0.1,0.8,Lightning,0-25,SE,501-1500,Black Spruce,64.932017,-146.885283,TRUE,Natural
62.8500278,-163.3755,6/16/2020 20:47,2,5,Lightning,0-25,Flat,0-500,tundra,62.85002,-163.3755,TRUE,Natural
62.9600278,-162.9795278,6/16/2020 20:38,50,59.3,Lightning,0-25,Flat,0-500,,62.95987,-162.9796,TRUE,Natural
63.2715278,-161.723,6/16/2020 20:25,0.1,2,Lightning,0-25,Flat,0501-1500,tundra,63.27153,-161.723,TRUE,Natural
61.4063889,-159.304,6/16/2020 18:01,1,8.7,Debris Burning,0-25,Flat,0-500,Mixed (Hardwoods/Softwoods),61.405806,-159.306806,TRUE,Human
61.6884444,-145.1645,6/16/2020 13:56,0.2,0.2,Equipment,0-25,Flat,1501-2500,Black Spruce,53,-148,TRUE,Human
60.5267222,-150.3180278,6/16/2020 10:41,0.1,0.1,Lightning,0-25,Flat,0-500,Mixed (Hardwoods/Softwoods),60.526733,-150.318017,TRUE,Natural
66.1508889,-159.1011944,6/15/2020 21:03,5,505.3,Lightning,0-25,Flat,0-500,"tundra, hardwood",66.15102,-159.102,TRUE,Natural
66.1143611,-158.9501944,6/15/2020 20:57,15,1006.3,Lightning,0-25,Flat,0-500,tundra hardwood mix,66.11437,-158.9502,TRUE,Natural
66.6456667,-158.4295,6/15/2020 20:27,12,27,Lightning,0-25,Flat,0-500,"tundra, hardwood",66.70002,-158.6993,TRUE,Natural
66.63175,-158.1268056,6/15/2020 20:20,7,68.7,Lightning,0-25,Flat,0-500,"tundra, hardwood mix",66.58334,-158.0331,TRUE,Natural
66.6668611,-152.8307222,6/15/2020 20:15,0.1,2.2,Lightning,0-25,Flat,0-500,,66.57994,-152.6652,TRUE,Natural
66.1810833,-146.1868056,6/15/2020 18:33,1,20,Lightning,0-25,Flat,0-500,,66.1805,-146.1803,TRUE,Natural
65.2518889,-153.748,6/15/2020 14:53,40,119.1,Lightning,0-25,Flat,1501-2500,,65.25291,-153.7452,TRUE,Natural
65.12575,-142.3091945,6/15/2020 8:41,3,68.2,Lightning,0-25,Flat,0501-1500,,65.13113,-142.3014,TRUE,Natural
65.7506111,-147.7216111,6/14/2020 21:06,1,1,Lightning,0-25,Flat,1501-2500,,65.7506,-147.7216,TRUE,Natural
65.6181111,-147.5566111,6/14/2020 20:55,3,3,Lightning,0-25,Flat,0501-1500,,65.61811,-147.5566,TRUE,Natural
65.7201111,-147.7228889,6/14/2020 19:50,30,46.8,Lightning,0-25,Flat,1501-2500,,66.71868,-147.7139,TRUE,Natural
66.8971667,-148.1171944,6/14/2020 19:16,0.5,0.5,Lightning,0-25,Flat,0501-1500,,66.89716,-148.1172,TRUE,Natural
66.8803333,-147.8271111,6/14/2020 19:08,5,7.3,Lightning,0-25,Flat,0501-1500,,66.89882,-147.823,TRUE,Natural
66.822,-147.5502222,6/14/2020 18:59,0.3,0.3,Lightning,0-25,Flat,0501-1500,,66.82199,-147.5502,TRUE,Natural
66.9678055,-157.4165,6/14/2020 18:37,1,27.5,Lightning,0-25,Flat,0-500,tundra,66.96512,-157.4185,TRUE,Natural
66.9416111,-157.3916944,6/14/2020 18:32,1,90.7,Lightning,0-25,Flat,0-500,Tundra,66.94162,-157.3917,TRUE,Natural
66.9289167,-157.2096944,6/14/2020 17:03,1,9.9,Lightning,0-25,Flat,0-500,Tundra,66.83328,-157.2497,TRUE,Natural
66.4473056,-158.4730833,6/14/2020 16:23,2,2,Lightning,0-25,Flat,0-500,Tundra,66.44729,-158.4731,TRUE,Natural
66.496,-158.5455,6/14/2020 16:20,0.5,0.5,Lightning,0-25,Flat,0-500,Tundra,66.49601,-158.5455,TRUE,Natural
66.5401389,-158.5686111,6/14/2020 16:00,2,4.8,Lightning,0-25,Flat,0-500,Tundra,66.5415,-158.571,TRUE,Natural
66.6041389,-158.6898889,6/14/2020 15:47,0.5,0.5,Lightning,0-25,Flat,0-500,spruce,66.60413,-158.6899,TRUE,Natural
61.1635556,-163.2095833,6/14/2020 15:38,135,249.1,Lightning,0-25,Flat,0-500,Grass,61.16355,-163.209583,TRUE,Natural
66.6663889,-144.6538889,6/13/2020 21:12,0.1,237.1,Lightning,0-25,Flat,0-500,,66.77944,-144.2075,TRUE,Natural
60.7713333,-156.3966944,6/13/2020 21:08,143,4976.8,Lightning,0-25,Flat,0501-1500,Black Spruce,60.771333,-156.3967,TRUE,Natural
64.8819445,-147.0345556,6/13/2020 17:53,1,1,Lightning,0-25,Flat,Unknown,Black Spruce,64.88195,-147.034567,TRUE,Natural
63.15375,-158.2733056,6/13/2020 16:40,1,1,Lightning,0-25,Flat,0-500,Tun/ spr. hwd mix,63.23334,-158.3498,TRUE,Natural
64.9581667,-147.0428333,6/13/2020 16:17,0.1,1,Lightning,0-25,N,501-1500,Black Spruce,64.958167,-147.042833,TRUE,Natural
64.9438333,-147.0051667,6/13/2020 16:07,0.1,1,Lightning,0-25,N,501-1500,Black Spruce,64.943833,-147.005167,TRUE,Natural
63.9031111,-155.0979722,6/13/2020 16:05,5,13.3,Lightning,0-25,Flat,0501-1500,Mixed (Hardwoods/Softwoods),63.904167,-155.102333,TRUE,Natural
64.96125,-146.9513333,6/13/2020 15:57,0.1,0.1,Lightning,0-25,S,501-1500,Black Spruce,64.960833,-148,TRUE,Natural
64.9389722,-146.8775833,6/13/2020 15:53,0.1,0.1,Lightning,0-25,S,501-1500,Black Spruce,64.937667,-146.877833,TRUE,Natural
64.2794722,-145.6393333,6/13/2020 15:25,0.1,28.8,Lightning,0-25,Flat,0501-1500,Other,64.643,-145.942167,TRUE,Natural
64.9341944,-146.8930278,6/13/2020 15:17,0.1,1,Lightning,0-25,W,501-1500,Hardwoods,65,-147,TRUE,Natural
65.22675,-153.8218889,6/13/2020 14:33,1,363.6,Lightning,0-25,Flat,1501-2500,,65.21967,-153.8185,TRUE,Natural
64.9979722,-147.8430555,6/13/2020 13:51,1,44.4,Lightning,0-25,N,501-1500,Mixed (Hardwoods/Softwoods),64.993917,-147.691462,TRUE,Natural
67.3308333,-142.8771945,6/13/2020 12:14,0.1,1542.4,Lightning,0-25,Flat,0501-1500,,67.32982,-142.8691,TRUE,Natural
63.4042778,-153.2619167,6/12/2020 21:23,2,2,Lightning,0-25,Flat,0501-1500,,63.40429,-153.2619,TRUE,Natural
66.0676667,-148.3146111,6/12/2020 21:11,1,452.3,Lightning,0-25,Flat,0-500,,66.36199,-147.3963,TRUE,Natural
63.3452222,-152.8018056,6/12/2020 21:08,1,11,Lightning,0-25,Flat,0501-1500,,63.34523,-152.8018,TRUE,Natural
63.3740278,-152.9923889,6/12/2020 21:06,1,0.1,Lightning,0-25,Flat,0501-1500,,63.37429,-152.993,TRUE,Natural
65.7568611,-143.1168889,6/12/2020 14:54,0.1,0.1,Lightning,0-25,Flat,0501-1500,,65.75749,-143.1197,TRUE,Natural
65.4759444,-143.2841111,6/12/2020 14:37,0.1,0.1,Lightning,0-25,Flat,2501-3500,,65.47594,-143.2841,TRUE,Natural
65.3550278,-151.1295,6/12/2020 14:28,1,254.5,Lightning,0-25,Flat,1501-2500,,65.31286,-151.1168,TRUE,Natural
65.264,-158.6985,6/12/2020 13:19,2,2,Lightning,0-25,South East,0501-1500,Tundra,65.26401,-158.6985,TRUE,Natural
60.5013333,-150.7455278,6/12/2020 1:36,0.3,0.3,Miscellaneous,0-25,Flat,0-500,Grass,60.501333,-150.745533,TRUE,Human
63.2675,-159.9499167,6/11/2020 18:19,5,8.3,Lightning,0-25,Flat,0501-1500,blk spruce,63.26613,-159.9451,TRUE,Natural
65.8946111,-149.9936945,6/11/2020 16:59,1,0.3,Lightning,0-25,Flat,0501-1500,,65.59378,-149.9892,TRUE,Natural
64.8633334,-151.1627222,6/11/2020 16:52,1,1,Lightning,0-25,Flat,0501-1500,,64.86333,-151.1627,TRUE,Natural
64.861,-151.1521945,6/11/2020 16:51,2,2,Lightning,0-25,Flat,0501-1500,,64.86099,-151.1522,TRUE,Natural
63.5957778,-159.1733056,6/11/2020 16:07,2,2,Lightning,0-25,Flat,0-500,tundra/spruce,63.60162,-159.1665,TRUE,Natural
65.7944445,-151.8946944,6/11/2020 12:55,1,1578.3,Lightning,0-25,Flat,1501-2500,,65.79445,-151.8947,TRUE,Natural
65.6808334,-148.3888055,6/11/2020 12:52,0,0,,0-25,Flat,1501-2500,,65.68082,-148.3888,TRUE,False Alarm
65.6212222,-150.9913889,6/11/2020 9:45,0,0.1,,0-25,Flat,1501-2500,Tundra,65.62122,-150.9914,TRUE,False Alarm
66.1261667,-148.31,6/10/2020 20:43,0,0.1,Lightning,0-25,Flat,0-500,Spruce Hardwood mix,66.12617,-148.31,TRUE,Natural
66.0061111,-148.5918055,6/10/2020 14:41,1,83.3,Lightning,0-25,Flat,0501-1500,Black Spr./Hardwood,65.98856,-148.3154,TRUE,Natural
61.04875,-157.1828056,6/9/2020 20:13,100,15199.6,Lightning,0-25,Flat,0501-1500,Black Spruce,61.04875,-157.1828,TRUE,Natural
65.6099722,-148.5630833,6/9/2020 16:36,1,1.5,Lightning,0-25,Flat,0501-1500,,65.60999,-148.5268,TRUE,Natural
64.9834445,-147.6368889,6/9/2020 15:51,0.1,0.1,Miscellaneous,0-25,S,501-1500,Mixed (Hardwoods/Softwoods),64.98345,-148.636883,TRUE,Human
67.5299722,-142.1595,6/9/2020 15:26,1,1002.3,Lightning,0-25,Flat,0501-1500,,67.52997,-142.1595,TRUE,Natural
66.5158889,-158.5536945,6/8/2020 18:29,1,3.8,Lightning,0-25,Flat,0-500,Tundra,66.5415,-158.571,TRUE,Natural
66.5368889,-158.5736944,6/8/2020 18:26,3,5.1,Lightning,0-25,Flat,0-500,Tundra,66.5358,-158.5808,TRUE,Natural
64.8382222,-147.8278611,6/8/2020 16:03,0.1,0.1,,0-25,NW,0-500,Unknown,64.838217,-147.82785,TRUE,Undetermined
60.4066945,-151.2898889,6/8/2020 13:25,0.1,0.1,Miscellaneous,0-25,Flat,0-500,Grass,60.406683,-151.289867,TRUE,Human
60.9768889,-164.2704722,6/8/2020 8:55,3,232.9,Lightning,0-25,Flat,0-500,Grass,60.977033,-164.272133,TRUE,Natural
68.8225,-161.0613889,6/8/2020 0:00,0.1,351,Lightning,0-25,Flat,0501-1500,,68.8225,-161.0613889, ,Natural
61.6212778,-149.5956389,6/7/2020 17:50,0.1,0.1,Lightning,0-25,Flat,0-500,Mixed (Hardwoods/Softwoods),61.621288,-149.595633,TRUE,Natural
65.3664444,-151.8996944,6/7/2020 16:20,1,16.1,Lightning,0-25,Flat,0501-1500,,65.36645,-151.8997,TRUE,Natural
65.5952222,-153.7793055,6/7/2020 15:48,3,39.2,Lightning,0-25,Flat,0501-1500,,65.59522,-153.7793,TRUE,Natural
65.7879167,-161.0980833,6/7/2020 15:25,10,7.9,Lightning,0-25,Flat,0-500,tussock tundra,65.78937,-161.0981,TRUE,Natural
62.6666945,-161.9586944,6/7/2020 12:01,4,4,Lightning,0-25,North West,0501-1500,tundra,62.6667,-161.9587,TRUE,Natural
64.9568611,-157.2418056,6/6/2020 20:42,0.2,0.2,Lightning,0-25,Flat,0-500,,64.95685,-157.2418,TRUE,Natural
61.6336111,-149.4891111,6/6/2020 16:08,0.1,0.1,Campfire,0-25,Flat,0-500,Grass,61.633617,-149.489117,TRUE,Human
67.3497222,-151.5793056,6/6/2020 14:15,1,177,Lightning,0-25,East,0501-1500,,67.34972,-151.5793,TRUE,Natural
59.4438889,-139.5708333,6/6/2020 13:00,0.2,0.2,Miscellaneous,Unknown,Unknown,Unknown,Unknown,59.443889,-139.570833,TRUE,Human
65.7842223,-152.1878056,6/6/2020 9:59,1,95.4,Lightning,0-25,West,1501-2500,,65.77995,-152.19,TRUE,Natural
66.1346111,-149.2878056,6/5/2020 21:38,8,26.1,Lightning,0-25,Flat,0-500,,66.13326,-149.2842,TRUE,Natural
60.8050556,-151.0199722,6/5/2020 18:11,0.1,0.1,Campfire,0-25,North West,0-500,Unknown,53,-148,TRUE,Human
67.9189167,-159.4792778,6/5/2020 17:49,35,242.7,Lightning,0-25,Flat,1501-2500,Tundra,67.92361,-159.5154,TRUE,Natural
66.8499444,-154.5595,6/5/2020 16:19,1,77.4,Lightning,0-25,Flat,0501-1500,,66.84995,-154.5595,TRUE,Natural
68.0178611,-161.3559167,6/5/2020 16:01,50,400.2,Lightning,0-25,Flat,0501-1500,Tundra,68.01526,-161.3551,TRUE,Natural
67.9188611,-159.3995278,6/5/2020 15:33,0.1,187.4,Lightning,0-25,Flat,0501-1500,Tundra,67.91886,-159.3995,TRUE,Natural
65.8537778,-149.5791944,6/5/2020 15:19,1,12139.2,Lightning,0-25,Flat,0501-1500,Black Spruce,66.16812,-151.1882,TRUE,Natural
68.259,-159.9373889,6/5/2020 12:13,400,1129.8,Lightning,0-25,Flat,0501-1500,,43.28614,-165.3454,TRUE,Natural
66.2219444,-150.8543889,6/5/2020 8:01,1,467.2,Lightning,0-25,Flat,1501-2500,,66.22194,-150.8544,TRUE,Natural
66.3599444,-150.5771944,6/4/2020 21:38,0,0,,0-25,Flat,1501-2500,,66.36393,-150.4502,TRUE,False Alarm
66.2631111,-158.377,6/4/2020 19:21,1,112.3,Lightning,0-25,Flat,0-500,Tundra,66.25995,-158.3797,TRUE,Natural
66.2837778,-155.8562778,6/4/2020 17:50,50,185,Lightning,0-25,Flat,0501-1500,,66.28378,-155.8563,TRUE,Natural
59.7653611,-151.2010833,6/4/2020 16:04,0.1,0.1,Miscellaneous,0-25,Flat,0501-1500,Grass,59.76535,-151.2011,TRUE,Human
66.3297222,-154.2993056,6/4/2020 15:56,1,95.3,Lightning,0-25,South,0501-1500,,66.32973,-154.2993,TRUE,Natural
68.0718889,-160.6003889,6/4/2020 15:49,15,1009.6,Lightning,0-25,Flat,0501-1500,,68.07993,-160.0598,TRUE,Natural
68.2599444,-159.9898056,6/4/2020 15:48,600,1602.3,Lightning,0-25,Flat,0501-1500,,68.25993,-159.9898,TRUE,Natural
66.12,-157.0294167,6/4/2020 15:04,600,2239.9,Lightning,0-25,Flat,0-500,tundra & spruce,66.12001,-157.0294,TRUE,Natural
60.3833333,-151.1716667,6/4/2020 12:38,0.1,0.1,Debris Burning,0-25,Flat,0-500,Grass,60.383333,-151.171667,TRUE,Human
64.8744722,-159.6855,6/4/2020 10:07,5,5,Lightning,0-25,Flat,1501-2500,Tundra,64.89296,-159.6879,TRUE,Natural
64.922,-162.7261944,6/4/2020 10:02,5,2.4,Lightning,0-25,Flat,0-500,Tundra,64.98647,-162.716,TRUE,Natural
64.98193,-163.1422,6/3/2020 22:28,15,3.4,Lightning,0-25,Flat,0-500,tundra,64.98308,-163.1445,TRUE,Natural
65.0519167,-163.3728056,6/3/2020 22:15,15,5,Lightning,0-25,Flat,0-500,tundra,65.05254,-163.3671,TRUE,Natural
66.1666111,-156.3831389,6/3/2020 21:08,0,1,Lightning,0-25,Flat,0-500,,66.16678,-156.3826,TRUE,Natural
63.8092778,-156.854,6/3/2020 19:37,3,1217.3,Lightning,0-25,Flat,0-500,,63.80795,-156.8515,TRUE,Natural
65.8558611,-159.6178889,6/3/2020 19:26,100,246.1,Lightning,0-25,Flat,0501-1500,Tundra,65.85587,-159.6179,TRUE,Natural
65.2969167,-164.731,6/3/2020 19:17,20,20.9,Lightning,0-25,Flat,0-500,Tundra,65.29755,-164.7248,TRUE,Natural
65.01375,-163.2141944,6/3/2020 19:00,30,34,Lightning,0-25,Flat,0-500,,65.01454,-163.2206,TRUE,Natural
66.1127778,-158.5434167,6/3/2020 18:05,40,31.3,Lightning,0-25,Flat,0501-1500,Tundra,66.11279,-158.5434,TRUE,Natural
65.7228611,-160.3014167,6/3/2020 17:57,0.3,220.6,Lightning,0-25,Flat,0-500,,65.72286,-160.3014,TRUE,Natural
65.0996389,-163.0803056,6/3/2020 17:55,10,179.2,Lightning,0-25,Flat,0-500,,65.09404,-163.0704,TRUE,Natural
63.8080278,-159.851,6/3/2020 17:25,3,3,Lightning,0-25,North,0501-1500,,63.80803,-159.851,TRUE,Natural
65.4316944,-159.6374167,6/3/2020 16:24,0.1,0.1,Lightning,0-25,Flat,0501-1500,black spruce/tussock,65.43169,-159.6374,TRUE,Natural
63.8188333,-156.8705,6/3/2020 16:23,1,475.3,Lightning,0-25,Flat,0-500,,63.81883,-156.8705,TRUE,Natural
65.6421667,-159.5793056,6/3/2020 15:57,0.1,0.1,Lightning,0-25,Flat,0501-1500,tussock tundra,65.6422,-159.5798,TRUE,Natural
65.7419445,-164.8744167,6/3/2020 15:21,10,267.5,Lightning,0-25,Flat,0501-1500,,65.73997,-164.8532,TRUE,Natural
64.2884444,-157.9365,6/2/2020 18:13,3,21.7,Lightning,0-25,Flat,0-500,Grass,64.2942,-157.9465,TRUE,Natural
62.38025,-161.6928889,6/2/2020 13:12,1.5,1.5,Lightning,0-25,Flat,0-500,Tundra,62.38026,-161.6929,TRUE,Natural
61.6274722,-164.3231944,6/1/2020 20:45,1500,29322.2,Lightning,0-25,Flat,0-500,Grass,61.627467,-164.3232,TRUE,Natural
61.4028889,-164.3210556,6/1/2020 19:41,500,13030.3,Lightning,0-25,Flat,0-500,Grass,61.402883,-164.32105,TRUE,Natural
64.8516667,-153.8241944,6/1/2020 19:34,1,375.1,Lightning,0-25,Flat,0-500,,64.85067,-153.8247,TRUE,Natural
67.9065555,-162.8601945,6/1/2020 19:11,5,432,Lightning,0-25,Flat,0-500,tundra/willow,67.90655,-162.8602,TRUE,Natural
64.89275,-156.9037778,6/1/2020 17:47,0.3,0.3,Lightning,0-25,Flat,0-500,timber,64.89275,-156.9038,TRUE,Natural
64.8982222,-156.9028055,6/1/2020 17:41,0.3,0.3,Lightning,0-25,Flat,0-500,Tundra,64.89823,-156.9028,TRUE,Natural
61.4253333,-149.9118889,6/1/2020 17:30,0.1,0.1,Miscellaneous,0-25,Flat,0-500,Grass,61.425337,-149.911902,TRUE,Human
63.8538056,-150.8725278,6/1/2020 16:36,5,0.6,Lightning,0-25,Flat,0501-1500,,63.85233,-150.8917,TRUE,Natural
64.0918333,-148.76,6/1/2020 16:23,0.1,0.5,Coal Seam,0-25,SE,1501-2500,Other,64.091833,-148.76,TRUE,Natural
63.6292222,-158.3736945,6/1/2020 16:20,3,44.1,Lightning,0-25,Flat,0-500,tundra/spruce,63.63041,-158.3668,TRUE,Natural
64.4280555,-154.0778056,6/1/2020 16:20,1,1,Lightning,0-25,Flat,0-500,,64.42789,-145.0779,TRUE,Natural
64.7230555,-154.1405833,6/1/2020 16:16,1,46.5,Lightning,0-25,Flat,0-500,,64.72134,-154.1414,TRUE,Natural
61.69775,-161.7656944,6/1/2020 14:32,25,1801.1,Lightning,0-25,Flat,0-500,tundra,61.69775,-161.7657,TRUE,Natural
61.7011111,-161.6698056,6/1/2020 11:32,5,1010,Lightning,0-25,Flat,0-500,,62.2425,-161.746778,TRUE,Natural
63.3926667,-150.9366944,6/1/2020 9:20,0,1,Lightning,0-25,Flat,1501-2500,,63.4402,-150.7692,TRUE,Natural
62.1130278,-161.7356945,5/31/2020 21:44,15,890.7,Lightning,0-25,Flat,0-500,,62.11715,-161.744,TRUE,Natural
62.1300833,-161.8392778,5/31/2020 21:26,20,507.5,Lightning,0-25,Flat,0-500,,62.13909,-161.8437,TRUE,Natural
62.3504167,-162.9855,5/31/2020 21:01,1,1,Lightning,0-25,Flat,0-500,,62.35043,-162.9855,TRUE,Natural
61.405033,-162.770917,5/31/2020 19:55,15,241.7,Lightning,0-25,NE,0-500,Grass,61.405033,-162.770917,TRUE,Natural
61.4108333,-163.0625,5/31/2020 18:00,60,3524.9,Lightning,0-25,Flat,0-500,Grass,61.410833,-163.0625,TRUE,Natural
60.7651389,-163.0413889,5/31/2020 17:06,2,2,Lightning,0-25,Flat,0-500,Grass,60.765125,-163.041383,TRUE,Natural
63.0708333,-156.3045,5/31/2020 16:44,30,113.6,Lightning,0-25,SE,501-1500,Black Spruce,63.070833,-156.3045,TRUE,Natural
62.8036111,-156.4230555,5/31/2020 16:22,24,100.5,Lightning,0-25,Flat,0501-1500,Grass,62.803617,-156.42305,TRUE,Natural
62.1965278,-161.027,5/31/2020 15:57,10,220.6,Lightning,0-25,West,0501-1500,,62.19654,-161.027,TRUE,Natural
64.6773056,-147.6941944,5/31/2020 15:44,0.3,1285.1,Lightning,0-25,Flat,0-500,,64.67731,-147.6946,TRUE,Natural
62.1083056,-158.4953055,5/31/2020 15:43,5,1.6,Lightning,0-25,Flat,0501-1500,Grass,62.112717,-158.512417,TRUE,Natural
61.9130555,-162.5236389,5/31/2020 15:11,18,82.1,Lightning,0-25,Flat,0-500,Grass,61.905167,-162.528883,TRUE,Natural
62.5449445,-156.491,5/31/2020 14:16,200,498.2,Lightning,0-25,Flat,0501-1500,Mixed (Hardwoods/Softwoods),62.54495,-156.491,TRUE,Natural
63.82725,-160.2380833,5/31/2020 10:19,20,72.6,Lightning,0-25,North,0-500,,63.89993,-160.2993,TRUE,Natural
64.0781944,-160.5458056,5/30/2020 21:16,10,11.8,Lightning,0-25,South,0501-1500,Blk Spruce,64.07575,-160.546,TRUE,Natural
63.1469445,-162.3696945,5/30/2020 20:50,2,1,Lightning,0-25,Flat,0-500,Tundra,63.14693,-162.3697,TRUE,Natural
62.87475,-153.5764444,5/30/2020 20:40,1,3.2,Lightning,0-25,Flat,0501-1500,Grass,62.8755,-153.578333,TRUE,Natural
62.8114445,-154.7997778,5/30/2020 20:26,0.9,0.9,Lightning,0-25,Flat,0-500,Black Spruce,62.812167,-154.796167,TRUE,Natural
61.3218333,-164.4503333,5/30/2020 20:02,250,12133.3,Lightning,0-25,Flat,0-500,Grass,61.321833,-164.450333,TRUE,Natural
62.96,-153.7961945,5/30/2020 19:52,5,164.2,Lightning,0-25,Flat,0501-1500,Grass,63.10775,-154.556525,TRUE,Natural
63.1591389,-162.3618055,5/30/2020 18:05,2,25.6,Lightning,0-25,Flat,0-500,"tundra, willow",63.28143,-161.6807,TRUE,Natural
61.3655,-164.0316667,5/30/2020 17:49,5,54099.1,Lightning,0-25,Flat,0-500,Grass,61.3655,-164.031667,TRUE,Natural
62.1153333,-158.49725,5/30/2020 16:38,20,50.9,Lightning,0-25,Flat,0501-1500,Grass,62.120883,-158.497967,TRUE,Natural
59.8122222,-151.6520555,5/30/2020 14:25,0.1,0.1,Miscellaneous,0-25,Flat,0501-1500,Other,53,-148,TRUE,Human
55.7614722,-132.4929167,5/29/2020 15:54,0.1,0.1,,0-25,Flat,0-500,Unknown,55.761484,-132.492907,TRUE,Human
57.6053889,-152.4661111,5/28/2020 23:05,0.1,0.1,Equipment,26-40,South East,0-500,Grass,57.6054,-152.466117,TRUE,Human
57.7972223,-152.4332778,5/28/2020 20:16,3,3,Miscellaneous,Unknown,Unknown,Unknown,Mixed (Hardwoods/Softwoods),57.773517,-152.49075,TRUE,Human
60.5112778,-150.9919445,5/28/2020 19:19,0.1,0.1,Miscellaneous,0-25,Flat,0-500,Hardwoods,60.511283,-150.99195,TRUE,Human
60.5061111,-150.9171667,5/28/2020 17:45,1.5,1,Equipment,0-25,Flat,0-500,Grass,60.505,-150.916667,TRUE,Human
60.3388889,-151.2274167,5/28/2020 14:27,0.5,0.5,Equipment,0-25,Flat,0-500,Grass,60.3389,-151.227417,TRUE,Human
60.4446389,-150.93875,5/28/2020 9:44,0.1,0.1,Investigated but cause Undetermined,0-25,North East,0-500,Other,60.444633,-150.93875,TRUE,Undetermined
63.9751944,-145.5330833,5/26/2020 13:37,0.1,0.1,Investigated but cause Undetermined,0-25,E,501-1500,Grass,63.976315,-145.539085,TRUE,Human
66.68,-145.7485833,5/23/2020 19:34,0.5,2,Campfire,0-25,Flat,0-500,,66.6061,-145.8028,TRUE,Human
63.9068055,-145.2139444,5/22/2020 18:01,0.1,5.5,Debris Burning,0-25,S,501-1500,Grass,63.901632,-145.213926,TRUE,Human
65.09382,-141.6398,5/22/2020 15:03,1,252.2,Lightning,0-25,North,1501-2500,,52.95957,-153.7901,TRUE,Natural
59.152,-138.6349722,5/22/2020 11:55,10,7.2,,Unknown,Unknown,Unknown,Unknown,59.138777,-138.63496,TRUE,Undetermined
64.8920278,-147.6621944,5/21/2020 11:01,0.1,0.1,Debris Burning,0-25,SW,501-1500,Grass,64.892033,-147.662183,TRUE,Human
63.3528055,-143.049,5/18/2020 20:10,0.2,0.2,,0-25,Flat,1501-2500,Black Spruce,63.3528,-143.049,TRUE,Human
61.5448056,-149.6016945,5/18/2020 15:03,0.1,0.1,Equipment,0-25,Flat,0-500,Grass,61.541708,-149.699023,TRUE,Human
63.3383056,-143.0011667,5/18/2020 8:07,0.1,0.1,Incendiary,0-25,Flat,1501-2500,Black Spruce,63.338317,-143.001167,TRUE,Human
64.7922778,-147.5098056,5/17/2020 18:26,1.7,1.7,Investigated but cause Undetermined,0-25,SW,0-500,Grass,64.792283,-147.5098,TRUE,Undetermined
58.3655555,-134.6422222,5/17/2020 18:17,0.1,0.1,,Unknown,Unknown,Unknown,Unknown,58.365833,-134.64,TRUE,Human
64.7018889,-146.9286945,5/16/2020 19:30,0,0.5,,0-25,Flat,0501-1500,,64.7019,-146.9288,TRUE,False Alarm
60.4941389,-150.7756389,5/16/2020 15:59,1.5,0.5,Debris Burning,0-25,Flat,0-500,Grass,53,-148,TRUE,Human
60.5146389,-150.8798889,5/16/2020 15:57,0.1,0.1,Miscellaneous,0-25,Flat,0-500,Black Spruce,60.577633,-151.274183,TRUE,Human
60.5487223,-151.0872222,5/16/2020 14:39,0.1,0.1,Miscellaneous,0-25,Flat,0-500,Grass,60.548717,-151.087217,TRUE,Human
61.6700556,-149.4281111,5/16/2020 14:23,2.5,54.1,Debris Burning,0-25,Flat,0501-1500,Mixed (Hardwoods/Softwoods),61.670067,-149.4281,TRUE,Human
66.6723611,-145.8070278,5/15/2020 16:11,0.5,0.5,Campfire,0-25,Flat,0-500,,66.67265,-145.8076,TRUE,Human
61.4375,-150.1216667,5/15/2020 0:29,5.8,5.8,Investigated but cause Undetermined,0-25,Flat,0-500,Grass,53,-148,TRUE,Human
61.5805556,-149.6256945,5/14/2020 13:21,0.1,0.1,Miscellaneous,0-25,Flat,0-500,Grass,61.580547,-149.625683,TRUE,Human
61.5979722,-149.2636389,5/14/2020 13:07,0.1,0.1,Debris Burning,0-25,Flat,0-500,Mixed (Hardwoods/Softwoods),61.597965,-149.263633,TRUE,Human
61.5358334,-148.9084444,5/13/2020 18:55,2,1.5,Campfire,0-25,Flat,0-500,Grass,61.532167,-148.907167,TRUE,Human
64.7106111,-148.6166111,5/13/2020 17:51,0.1,0.1,Miscellaneous,0-25,E,501-1500,Black Spruce,64.7106,-148.6166,TRUE,Human
56.7979445,-132.9153055,5/13/2020 9:15,0.1,0.1,Debris/Open Burning,0-25,Flat,0-500,Unknown,56.798056,-132.915556,TRUE,Human
66.6111389,-145.7421945,5/12/2020 15:20,1,1,Campfire,0-25,Flat,0-500,,66.60615,-145.7547,TRUE,Human
64.0223889,-145.0661389,5/11/2020 14:50,1.1,1.1,Investigated but cause Undetermined,0-25,NE,1501-2500,Grass,64.25,-145.25,TRUE,Human
61.5871666,-149.1025833,5/11/2020 3:13,0.1,0.1,Investigated but cause Undetermined,0-25,Flat,0-500,Grass,61.587167,-149.102483,TRUE,Human
59.6806389,-151.4158889,5/10/2020 21:08,0.1,0.1,Debris Burning,0-25,Flat,0-500,Grass,59.680633,-151.415883,TRUE,Human
59.6489167,-151.6016389,5/10/2020 20:43,0.1,0.1,Equipment,0-25,South,0-500,Grass,59.648917,-151.601633,TRUE,Human
61.7320555,-148.9289722,5/10/2020 18:52,0.1,0.1,Miscellaneous,0-25,South,0501-1500,Grass,61.7316,-148.9287,TRUE,Human
62.1622222,-149.9353889,5/10/2020 18:17,0.1,3.8,Debris Burning,0-25,West,0501-1500,Mixed (Hardwoods/Softwoods),62.161482,-149.934053,TRUE,Human
60.4919167,-151.0926667,5/10/2020 16:28,0.1,0.1,Miscellaneous,0-25,Flat,0-500,Grass,60.491917,-151.092667,TRUE,Human
60.0226667,-151.3263333,5/10/2020 13:57,0.5,2.4,Miscellaneous,0-25,Flat,0501-1500,Grass,60.022667,-151.326333,TRUE,Human
64.2615833,-146.1060278,5/10/2020 13:23,0.4,0.4,Miscellaneous,0-25,N,501-1500,Grass,64.265217,-146.081883,TRUE,Human
58.5141944,-134.8409166,5/9/2020 14:52,1,15.5,,0-25,Flat,0-500,Unknown,58.51437,-134.8244,TRUE,Human
60.9098055,-149.5754444,5/9/2020 12:16,0.1,0.1,,26-40,West,0501-1500,Unknown,60.87702,-149.5316,TRUE,Human
61.5098611,-149.60075,5/8/2020 18:26,1,0.8,Investigated but cause Undetermined,0-25,Flat,0-500,Grass,61.512167,-149.596,TRUE,Human
64.9168056,-147.912,5/8/2020 13:40,0.1,0.1,Investigated but cause Undetermined,0-25,SE,501-1500,Grass,64.916795,-147.907178,TRUE,Human
64.1052222,-145.76275,5/8/2020 13:01,0.5,0.5,Children <12 yoa,0-25,W,501-1500,Grass,64.105233,-145.76275,TRUE,Human
61.5565,-149.4445,5/8/2020 10:26,3,2.2,Debris Burning,0-25,Flat,0-500,Grass,61.556323,-149.443767,TRUE,Human
60.4978611,-149.8171111,5/8/2020 5:02,0.2,0.2,,0-25,South,0501-1500,Unknown,60.49788,-149.817,TRUE,Human
61.6333333,-149.5051111,5/7/2020 19:01,0.1,0.1,Smoking,0-25,Flat,0-500,Grass,61.632782,-149.505262,TRUE,Human
63.3781945,-143.3656944,5/7/2020 16:54,0.1,0.1,Debris Burning,0-25,Flat,1501-2500,Grass,63.378183,-143.3657,TRUE,Human
58.8325556,-158.5525556,5/7/2020 15:22,1,2,Debris Burning,0-25,Flat,0-500,Grass,58.832561,-158.552542,TRUE,Human
61.6351389,-149.4297222,5/7/2020 13:02,0.1,0.1,Debris Burning,0-25,Flat,0501-1500,Grass,61.635135,-149.429667,TRUE,Human
61.6358889,-149.4929167,5/6/2020 18:39,0.1,0.1,Miscellaneous,0-25,Flat,0-500,Grass,61.6359,-149.492922,TRUE,Human
61.2749445,-149.5998055,5/6/2020 16:23,0.1,3,Miscellaneous,0-25,Flat,0501-1500,Mixed (Hardwoods/Softwoods),61.224722,-149.691389,TRUE,Human
61.6562222,-149.5919444,5/5/2020 16:31,0.1,0.1,Debris Burning,0-25,Flat,0501-1500,Grass,61.656217,-149.59195,TRUE,Human
60.5070833,-149.4461944,5/5/2020 13:16,0.1,0.1,,0-25,North East,0501-1500,Unknown,60.507133,-149.446417,TRUE,Human
64.6834167,-146.558,5/5/2020 10:04,0.1,73614,,0-25,Flat,1501-2500,,63.99998,-146.3329,TRUE,Human
60.4345,-151.15275,5/4/2020 11:43,2,0.3,Debris Burning,0-25,Flat,0-500,Grass,60.4345,-151.15275,TRUE,Human
60.5646389,-151.2707222,5/4/2020 2:52,0.1,0.1,Investigated but cause Undetermined,0-25,Flat,0-500,Grass,60.56465,-151.2707,TRUE,Human
61.5383056,-149.5663333,5/3/2020 16:13,0.2,0.5,Miscellaneous,0-25,Flat,0-500,Grass,61.537692,-149.564935,TRUE,Human
61.5533056,-149.5823889,5/3/2020 15:43,0.1,0.2,Debris Burning,0-25,Flat,0-500,Grass,61.553317,-149.5824,TRUE,Human
60.6455555,-151.3295556,5/3/2020 14:23,0.1,0.1,Debris Burning,0-25,Flat,0-500,Grass,60.64555,-151.32955,TRUE,Human
59.8431389,-151.8083333,5/3/2020 11:40,0.1,0.1,Investigated but cause Undetermined,0-25,Flat,0-500,Grass,59.843133,-151.808333,TRUE,Undetermined
58.4825556,-134.7808055,5/3/2020 3:45,0.1,0.1,,0-25,Flat,0-500,Unknown,58.48255,-134.7808,TRUE,Human
61.0165,-151.4171111,5/2/2020 16:56,0.1,0.1,Miscellaneous,0-25,South West,0-500,Grass,61.013612,-151.406943,TRUE,Human
61.6686667,-149.0758333,5/2/2020 15:46,0.1,0.2,Debris Burning,0-25,Flat,0501-1500,Grass,61.668244,-149.074822,TRUE,Human
60.5078611,-151.0254444,5/2/2020 15:01,0.1,0.3,Campfire,0-25,Flat,0-500,Grass,60.507867,-151.02543,TRUE,Human
61.5885,-149.6861389,5/2/2020 14:39,0.1,0.1,Equipment,0-25,Flat,0-500,Mixed (Hardwoods/Softwoods),61.588493,-149.68612,TRUE,Human
63.3770556,-143.3792222,5/2/2020 14:13,0.1,0.1,Debris Burning,0-25,Flat,1501-2500,Grass,63.377067,-143.379217,TRUE,Human
61.6223333,-149.4008611,5/2/2020 12:34,0.1,0.1,Debris Burning,0-25,Flat,0-500,Grass,61.622333,-149.40085,TRUE,Human
60.49225,-148.5798056,5/2/2020 11:00,1.7,1.7,,26-40,West,0-500,Unknown,60.49225,-148.5798,TRUE,Human
61.5152778,-149.6703889,5/1/2020 20:15,0.1,0.2,Smoking,0-25,Flat,0-500,Mixed (Hardwoods/Softwoods),61.515205,-149.662058,TRUE,Human
61.4456389,-149.8888611,5/1/2020 19:51,0.1,0.1,Miscellaneous,0-25,Flat,0-500,Grass,61.554532,-149.32709,TRUE,Human
61.6313889,-149.6235556,5/1/2020 19:22,0.1,0.1,Debris Burning,0-25,Flat,0-500,Grass,61.631308,-149.62378,TRUE,Human
64.7674444,-147.3784445,5/1/2020 11:11,0.5,0.4,Equipment,Unknown,Unknown,Unknown,Grass,64.766563,-147.378227,TRUE,Human
60.4725,-151.179,4/30/2020 20:01,0.1,0.1,Debris Burning,0-25,Flat,0-500,Unknown,60.4725,-151.179,TRUE,Human
59.6877222,-151.4577778,4/30/2020 15:57,0.1,0.1,Debris Burning,0-25,Flat,0501-1500,Grass,59.687733,-151.457783,TRUE,Human
63.1849722,-143.1216389,4/30/2020 15:40,0.1,0.1,Investigated but cause Undetermined,0-25,Flat,1501-2500,Other,63.184983,-143.121633,TRUE,Human
60.5426945,-150.8909444,4/30/2020 12:39,0.1,0.1,Debris Burning,0-25,Flat,0-500,Grass,60.5427,-150.890933,TRUE,Human
60.3596389,-149.3542778,4/29/2020 19:00,0.1,0.1,,0-25,Flat,0501-1500,Unknown,60.35964,-149.3543,TRUE,Human
57.6149722,-152.2456111,4/29/2020 18:20,1,1,Debris Burning,Unknown,Unknown,Unknown,Grass,57.61875,-152.222383,TRUE,Human
59.6968889,-151.3580555,4/29/2020 16:13,0.1,0.1,Debris Burning,0-25,Flat,0-500,Mixed (Hardwoods/Softwoods),59.696883,-151.35805,TRUE,Human
61.4467778,-149.913,4/29/2020 15:47,2,139.5,Miscellaneous,0-25,Flat,0-500,Grass,61.4475,-149.901667,TRUE,Human
61.6089722,-149.3926667,4/29/2020 14:58,0.1,0.1,Debris Burning,0-25,Flat,0-500,Grass,61.609033,-149.39319,TRUE,Human
61.5881666,-149.251,4/29/2020 14:42,0.1,0.1,Equipment,0-25,Flat,0-500,Grass,61.588167,-149.251,TRUE,Human
61.5605278,-149.4071667,4/29/2020 14:11,0.1,0.1,Campfire,0-25,Flat,0-500,Grass,61.560533,-149.40715,TRUE,Human
61.4966944,-149.6111945,4/29/2020 12:06,0.1,0.1,Investigated but cause Undetermined,0-25,Flat,0-500,Grass,61.4967,-149.611183,TRUE,Human
63.3755278,-143.3635555,4/28/2020 18:58,0.1,0.1,Debris Burning,0-25,Flat,1501-2500,Grass,63.375517,-143.36355,TRUE,Human
61.4264722,-149.9247222,4/28/2020 15:20,0.9,0.9,Debris Burning,0-25,Flat,0-500,Grass,61.427022,-149.92294,TRUE,Human
61.4275833,-149.7955,4/27/2020 15:50,0.1,0.1,Debris Burning,0-25,Flat,0-500,Grass,61.427505,-149.7955,TRUE,Human
61.5947778,-149.0150278,4/26/2020 17:50,0.1,0.1,Debris Burning,0-25,Flat,0-500,Grass,61.594767,-149.015017,TRUE,Human
61.628,-149.5790556,4/26/2020 14:01,0.1,0.1,Debris Burning,0-25,Flat,0-500,Grass,61.628012,-149.57905,TRUE,Human
61.595,-149.4048889,4/26/2020 11:24,0.2,0.2,Debris Burning,0-25,Flat,0-500,Grass,61.595003,-149.404892,TRUE,Human
61.5495834,-148.9999722,4/25/2020 12:38,0.1,0.1,Debris Burning,0-25,Flat,0-500,Grass,61.549575,-148.999975,TRUE,Human
61.5667778,-149.6886944,4/22/2020 18:10,0.1,0.1,Debris Burning,0-25,Flat,0-500,Grass,61.566767,-149.6887,TRUE,Human
61.5673611,-149.3256944,4/21/2020 17:03,0.1,0.1,Debris Burning,0-25,Flat,0-500,Grass,61.567367,-149.3257,TRUE,Human
63.7320277,-148.9036944,4/20/2020 11:22,0.1,19.3,Debris Burning,0-25,Flat,1501-2500,,63.73203,-148.9039,TRUE,Prescribed
55.49125,-132.6583055,4/18/2020 10:48,0.1,0.1,Miscellaneous,0-25,South West,0-500,Unknown,55.49126,-132.6583,TRUE,Human
61.5521945,-149.5273333,4/9/2020 14:40,0.1,0.1,Debris Burning,0-25,Flat,0-500,Grass,61.5522,-149.527333,TRUE,Human
59.6543889,-151.5098889,4/8/2020 14:48,0.1,0.1,Smoking,0-25,Flat,0-500,Grass,59.654383,-151.509867,TRUE,Human
61.676,-150.1655,3/27/2020 13:23,0.1,0.1,Equipment,0-25,Flat,0-500,Black Spruce,61.676583,-150.165617,TRUE,Human
57.4301111,-152.356,3/23/2020 14:48,0.1,0.1,Equipment,0-25,Flat,0-500,Grass,57.43012,-152.356,TRUE,Human
64.80474,-147.634,2/10/2020 9:57,,6332.2,,0-25,Flat,0-500,,63.99997,-145.3329,TRUE,Human
65.02663,-141.2495,1/1/2020 0:01,0.1,0.1,Lightning,0-25,West,1501-2500,Coal Seam,65.02663,-141.2495,TRUE,Natural
61.559817,-149.043567,10/28/2019 8:55,0.5,0.8,Miscellaneous,0-25,SW,0-500,Grass,61.559817,-149.043567,TRUE,Human
61.52425,-148.954433,9/23/2019 19:50,0.1,0.1,Campfire,0-25,S,0-500,Grass,61.52425,-148.954433,TRUE,Human
66.6592778,-144.7982778,9/18/2019 13:12,0.1,0.1,Campfire,0-25,Flat,0-500,,66.65928,-144.7983,TRUE,Human
61.453667,-148.820667,9/17/2019 9:48,0.2,0.2,Miscellaneous,0-25,NW,0-500,Mixed (Hardwoods/Softwoods),61.453667,-148.820667,TRUE,Human
63.0747,-155.678333,9/16/2019 18:42,0.1,0.1,Campfire,0-25,S,501-1500,Unknown,63.0688,-155.6852,TRUE,Human
61.4325,-142.9475,9/16/2019 9:45,0.1,0.1,Campfire,0-25,S,501-1500,Other,61.4325,-142.9475,TRUE,Human
63.847432,-149.31982,9/14/2019 17:17,0.1,0.1,Equipment,0-25,N,2501-3500,Unknown,63.847432,-149.31982,TRUE,Human
67.0744167,-146.6437222,9/14/2019 15:54,0,0,,0-25,Flat,0501-1500,,67.07442,-146.6437,TRUE,False Alarm
65.8843611,-149.4571111,9/13/2019 16:14,0.1,6.9,Miscellaneous,26-40,South,0-500,,65.74999,-150.4996,TRUE,Human
64.8653,-147.76815,9/13/2019 15:25,0.1,0.1,Campfire,0-25,N,0-500,Unknown,64.8653,-147.76815,TRUE,Human
63.915367,-142.0454,9/13/2019 13:35,0.1,0.1,Campfire,26-40,SE,1501-2500,Black Spruce,63.915367,-142.0454,TRUE,Human
61.567083,-145.0736,9/13/2019 6:46,1,0.1,Campfire,0-25,NW,2501-3500,Grass,61.567293,-145.068892,TRUE,Human
65.4836667,-144.6186667,9/9/2019 17:24,0.1,0.1,Miscellaneous,0-25,Flat,0501-1500,hardwoods,65.48331,-144.6328,TRUE,Human
61.913467,-150.081333,9/9/2019 16:22,0.1,0.1,Equipment,0-25,S,0-500,Black Spruce,61.913467,-150.081333,TRUE,Human
63.3773333,-143.3776667,9/9/2019 7:56,0.1,0.1,Investigated but cause Undetermined,0-25,Flat,1501-2500,Grass,63.377333,-143.377667,TRUE,Undetermined
64.79,-154.4096111,9/8/2019 11:49,0.1,0.1,Lightning,0-25,Flat,0-500,,64.79,-154.4096,TRUE,Natural
63.387917,-143.372217,9/6/2019 20:41,0.1,0.1,Investigated but cause Undetermined,0-25,Flat,501-1500,Black Spruce,63.387917,-143.372217,TRUE,Human
63.38525,-143.369467,9/6/2019 17:53,0.2,0.3,Investigated but cause Undetermined,0-25,NW,1501-2500,Black Spruce,63.38525,-143.369467,TRUE,Human
59.632,-151.141,9/5/2019 11:45,0.1,0.1,Campfire,Unknown,Unknown,Unknown,Grass,59.632,-151.141,TRUE,Human
61.469068,-149.729217,9/5/2019 11:35,0.1,0.1,Debris Burning,0-25,SE,0-500,Grass,61.469068,-149.729217,TRUE,Human
65.8166389,-149.366,9/4/2019 16:45,0,0,,0-25,Flat,0501-1500,,65.81664,-149.366,TRUE,False Alarm
65.050883,-147.400433,9/4/2019 14:30,0.1,0.1,Equipment,Unknown,Unknown,Unknown,Unknown,65.050883,-147.400433,TRUE,Human
59.716583,-151.320217,9/4/2019 14:22,0.1,0.1,Incendiary,0-25,SW,0-500,Grass,59.716583,-151.320217,TRUE,Human
58.3841667,-134.7294444,9/4/2019 11:20,0.1,0.1,Camping,0-25,Flat,0501-1500,Unknown,58.384167,-134.729722,TRUE,Human
61.728785,-148.806193,9/2/2019 19:58,0.1,0.1,Debris Burning,0-25,S,501-1500,Other,61.728785,-148.806193,TRUE,Human
66.0498333,-146.7155,9/2/2019 17:43,0,0,,0-25,Flat,0501-1500,,66.816,-162.1431,TRUE,Human
61.891167,-147.213833,9/2/2019 13:34,0.1,0.4,Campfire,0-25,NE,2501-3500,Grass,61.891167,-147.213833,TRUE,Human
60.399917,-146.09455,9/2/2019 11:47,0.1,0.1,Debris Burning,Unknown,Unknown,Unknown,Unknown,60.400283,-146.094117,TRUE,Human
61.532867,-149.618233,9/1/2019 21:14,0.1,0.1,Investigated but cause Undetermined,0-25,E,0-500,Grass,61.532867,-149.618233,TRUE,Human
64.5598,-149.184,9/1/2019 14:08,0.1,0.1,,Unknown,Unknown,Unknown,Other,64.5598,-149.184,TRUE,Human
66.8174444,-162.1425,9/1/2019 9:41,0.1,1,Lightning,0-25,Flat,0-500,,66.78326,-162.0158,TRUE,Natural
61.612467,-149.452367,8/31/2019 20:06,0.1,0.1,Debris Burning,0-25,W,0-500,Grass,61.612467,-149.452367,TRUE,Human
61.661668,-149.000557,8/31/2019 19:23,0.1,0.1,Debris Burning,0-25,NE,501-1500,Grass,61.661668,-149.000557,TRUE,Human
61.474017,-149.728167,8/31/2019 15:30,0.1,0.1,Debris Burning,0-25,SE,0-500,Grass,61.474572,-149.728528,TRUE,Human
66.8993611,-160.8831389,8/31/2019 13:33,0.1,0.1,Lightning,0-25,Flat,0-500,,66.9,-160.883333,TRUE,Natural
61.78085,-149.87975,8/31/2019 12:27,0.1,0.1,Campfire,0-25,W,0-500,Grass,61.78085,-149.87975,TRUE,Human
60.713367,-147.87935,8/31/2019 11:22,0.1,0.1,,Unknown,Unknown,Unknown,Unknown,60.713367,-147.87935,TRUE,Undetermined
61.601325,-149.329108,8/31/2019 10:41,0.1,0.1,Debris Burning,0-25,NW,0-500,Grass,61.601325,-149.329108,TRUE,Human
61.776583,-148.588753,8/30/2019 11:52,0.1,0.1,Campfire,0-25,E,501-1500,Grass,61.776583,-148.588753,TRUE,Human
61.292167,-149.4025,8/29/2019 15:49,0.1,0.1,Investigated but cause Undetermined,41-55,SW,501-1500,Grass,61.292167,-149.4025,TRUE,?
61.908117,-146.400667,8/28/2019 20:32,0.2,74,Lightning,41-55,NW,1501-2500,Black Spruce,61.908117,-146.400667,TRUE,Natural
66.8200556,-141.4953055,8/26/2019 15:50,0.1,9.5,Lightning,0-25,Flat,1501-2500,,66.82011,-141.496,TRUE,Natural
58.771633,-156.770833,8/25/2019 20:34,8,23.4,Lightning,0-25,W,0-500,Grass,58.7723,-156.776383,TRUE,Natural
59.270712,-157.693535,8/25/2019 19:06,1,25.7,Lightning,0-25,SE,0-500,Black Spruce,59.330183,-157.52965,TRUE,Natural
61.364667,-150.007083,8/25/2019 13:25,0.1,0.1,Miscellaneous,0-25,SW,0-500,Grass,61.364667,-150.007083,TRUE,Human
65.4701389,-150.0381389,8/25/2019 10:38,0,0,Miscellaneous,26-40,West,0501-1500,,65.47015,-150.0381,TRUE,Human
59.72225,-151.06425,8/25/2019 9:15,0.1,0.1,Debris Burning,26-40,NE,0-500,Other,59.722167,-151.0635,TRUE,Human
61.607667,-149.147167,8/24/2019 20:26,0.1,0.1,Debris Burning,0-25,SE,0-500,Grass,61.607667,-149.147167,TRUE,Human
60.562617,-151.0617,8/24/2019 9:48,0.1,0.1,Equipment,0-25,W,0-500,Grass,60.562617,-151.0617,TRUE,Human
59.301111,-157.148056,8/23/2019 16:22,8,5939.5,Lightning,0-25,SW,0-500,Black Spruce,59.301167,-157.148167,TRUE,Natural
61.642833,-149.358722,8/23/2019 15:26,0.1,0.1,Investigated but cause Undetermined,0-25,E,501-1500,Grass,61.642833,-149.358722,TRUE,Human
61.7475,-150.068383,8/23/2019 9:34,0.1,0.1,Investigated but cause Undetermined,0-25,W,0-500,Hardwoods,61.7475,-150.068383,TRUE,Human
61.528717,-149.87995,8/22/2019 17:10,0.2,0.2,Investigated but cause Undetermined,0-25,N,0-500,Mixed (Hardwoods/Softwoods),61.528717,-149.87995,TRUE,Human
59.467167,-157.302,8/22/2019 12:11,0.1,0.5,Lightning,0-25,SW,0-500,Grass,59.462994,-157.307971,TRUE,Natural
60.183617,-149.558967,8/22/2019 11:59,0.1,0.1,Campfire,0-25,S,0-500,Unknown,60.183617,-149.558967,TRUE,Human
61.556,-149.776,8/22/2019 9:12,0.1,0.1,Investigated but cause Undetermined,0-25,SW,0-500,Hardwoods,61.556,-149.776,TRUE,Human
61.416783,-149.515983,8/21/2019 17:15,0.3,0.3,Equipment,0-25,W,0-500,Grass,61.417205,-149.515483,TRUE,Human
61.529553,-149.592518,8/20/2019 16:12,0.1,0.1,Investigated but cause Undetermined,0-25,NW,0-500,Hardwoods,61.53,-149.591792,TRUE,Human
61.731208,-148.719416,8/20/2019 12:22,0.1,0.1,Equipment,56-75,E,2501-3500,Grass,61.066983,-148.700033,TRUE,Human
61.557383,-149.81435,8/19/2019 22:42,0.2,0.2,Incendiary,0-25,NW,0-500,Mixed (Hardwoods/Softwoods),61.557383,-149.81435,TRUE,Human
61.14,-149.776333,8/19/2019 18:58,0.1,0.3,Investigated but cause Undetermined,0-25,NW,0-500,Mixed (Hardwoods/Softwoods),61.138193,-149.781283,TRUE,Human
61.558797,-149.702732,8/19/2019 18:34,0.1,0.1,Miscellaneous,0-25,SE,0-500,Grass,61.758361,-150.068194,TRUE,Human
59.913611,-151.115556,8/19/2019 14:57,1,871,Equipment,0-25,SW,501-1500,Other,59.9135,-151.1155,TRUE,Human
61.988667,-146.992933,8/19/2019 6:40,0.2,0.2,Campfire,0-25,E,2501-3500,Black Spruce,61.988667,-146.992933,TRUE,Human
59.1575,-156.898889,8/18/2019 21:12,1,9344.9,Lightning,0-25,W,0-500,Black Spruce,59.1575,-156.898833,TRUE,Natural
59.710278,-151.655,8/18/2019 18:44,3,59.3,Investigated but cause Undetermined,0-25,W,501-1500,Other,59.710367,-151.654917,TRUE,Human
57.11435,-158.5257,8/18/2019 15:42,0.5,2732.9,Investigated but cause Undetermined,0-25,N,0-500,Grass,57.11435,-158.5257,TRUE,Human
61.523983,-148.987017,8/18/2019 14:33,0.1,0.3,Investigated but cause Undetermined,0-25,SW,0-500,Hardwoods,61.52425,-148.987983,TRUE,Human
61.763167,-148.557667,8/18/2019 13:55,0.1,0.6,Miscellaneous,41-55,S,501-1500,Mixed (Hardwoods/Softwoods),61.791258,-147.675677,TRUE,Human
60.505533,-151.098333,8/18/2019 13:16,0.1,0.1,Miscellaneous,0-25,NE,0-500,Grass,60.505533,-151.098333,TRUE,Human
60.471667,-151.076833,8/18/2019 13:11,0.1,0.1,Miscellaneous,0-25,NW,0-500,Grass,60.471667,-151.076833,TRUE,Human
60.671767,-151.230117,8/18/2019 13:08,0.1,0.1,Miscellaneous,0-25,N,0-500,Mixed (Hardwoods/Softwoods),60.67165,-151.218,TRUE,Human
61.424333,-149.406833,8/18/2019 12:20,0.1,0.1,Miscellaneous,0-25,W,0-500,Mixed (Hardwoods/Softwoods),61.42565,-149.413993,TRUE,Human
61.806717,-145.103033,8/18/2019 2:41,0.1,0.1,Miscellaneous,0-25,SW,501-1500,Mixed (Hardwoods/Softwoods),61.806717,-145.103033,TRUE,Human
60.435433,-151.165567,8/17/2019 17:17,0.1,0.1,Miscellaneous,0-25,NW,0-500,Grass,60.435433,-151.165567,TRUE,Human
61.608983,-149.274967,8/17/2019 17:11,0.1,0.1,Miscellaneous,0-25,SW,0-500,Hardwoods,61.608983,-149.274967,TRUE,Human
61.718333,-150.14105,8/17/2019 16:50,0.1,0.1,Investigated but cause Undetermined,0-25,NW,0-500,Grass,61.718385,-150.143337,TRUE,Human
60.727867,-151.1982,8/17/2019 16:21,0.1,0.1,Miscellaneous,26-40,SE,0-500,Grass,60.727867,-151.1982,TRUE,Human
62.01975,-150.07,8/17/2019 16:20,2,3288.8,Miscellaneous,0-25,W,0-500,Black Spruce,62.031,-150.057833,TRUE,Human
62.345182,-150.057492,8/17/2019 15:40,0.1,0.1,Miscellaneous,0-25,N,0-500,Unknown,62.345182,-150.057492,TRUE,Human
61.711545,-150.175836,8/17/2019 14:29,20,1314.2,Equipment,0-25,W,0-500,Black Spruce,61.722867,-150.17592,TRUE,Human
61.600883,-149.635833,8/17/2019 13:54,1,1,Investigated but cause Undetermined,0-25,W,0-500,Mixed (Hardwoods/Softwoods),61.600883,-149.635833,TRUE,Human
61.76007,-150.073882,8/17/2019 13:27,0.1,2.5,Miscellaneous,0-25,NW,0-500,Dead White Spruce,61.760667,-150.0675,TRUE,Human
60.530917,-150.830917,8/17/2019 13:10,0.1,0.1,Miscellaneous,0-25,Flat,0-500,Grass,60.530917,-150.830917,TRUE,Human
62.016358,-150.066774,8/17/2019 11:32,0.2,0.2,Miscellaneous,0-25,SW,0-500,Hardwoods,61.01975,-150.07,TRUE,Human
61.5225,-150.174472,8/17/2019 9:34,0.1,0.1,Campfire,0-25,S,0-500,Hardwoods,61.5225,-150.174472,TRUE,Human
58.4016667,-134.7566667,8/17/2019 6:00,0.1,0.1,Debris Burning,0-25,South West,0-500,Black Spruce,58.401667,-134.756667,TRUE,Human
58.6081945,-134.9263889,8/16/2019 22:00,0.4,0.4,Miscellaneous,0-25,South West,0-500,Grass,58.287222,-134.673889,TRUE,Human
60.558433,-151.1372,8/16/2019 14:35,0.2,0.1,Investigated but cause Undetermined,0-25,E,0-500,Grass,60.558433,-151.1372,TRUE,Human
59.637733,-151.50185,8/16/2019 14:34,0.1,0.1,Campfire,0-25,Flat,0-500,Dead White Spruce,53,-148,TRUE,Human
58.2869444,-134.6744445,8/16/2019 13:05,0.1,0.1,Campfire,0-25,Flat,0-500,Unknown,58.286944,-134.674444,TRUE,Human
60.4849,-151.073733,8/16/2019 8:30,0.1,0.1,Debris Burning,0-25,SW,0-500,Grass,60.4849,-151.073733,TRUE,Human
60.373667,-151.328333,8/15/2019 17:02,0.1,0.1,Campfire,0-25,N,0-500,Grass,60.373667,-151.328333,TRUE,Human
60.3735,-151.331667,8/15/2019 15:09,0.1,0.1,Campfire,0-25,N,0-500,Unknown,60.3735,-151.331667,TRUE,Human
58.262778,-134.646111,8/15/2019 12:30,0.1,0.1,Campfire,Unknown,Unknown,Unknown,Unknown,58.262778,-134.646111,TRUE,Human
63.8876,-142.243833,8/14/2019 12:48,0.1,0.1,Equipment,0-25,NW,1501-2500,Black Spruce,63.8876,-142.243833,TRUE,Human
58.6530555,-134.9036111,8/14/2019 11:00,0.1,0.1,Campfire,0-25,Flat,0-500,Grass,58.653056,-134.903611,TRUE,Human
60.6801,-151.33005,8/14/2019 9:12,0.1,0.1,Miscellaneous,0-25,SE,0-500,Grass,60.6801,-151.33005,TRUE,Human
61.324333,-149.498667,8/12/2019 11:51,0.5,1,Campfire,26-40,NW,1501-2500,Other,61.324333,-149.498667,TRUE,Human
59.4977778,-135.3555555,8/12/2019 9:30,0.1,0.1,Campfire,0-25,Flat,0-500,White Spruce,59.497778,-135.355556,TRUE,Human
58.3786111,-134.6908333,8/11/2019 18:15,0.1,0.1,Campfire,0-25,Flat,0-500,White Spruce,58.378611,-134.690833,TRUE,Human
61.183283,-149.18815,8/11/2019 16:56,0.5,8.7,Investigated but cause Undetermined,0-25,SW,501-1500,Black Spruce,61.191667,-149.189333,TRUE,Human
62.283667,-146.384383,8/11/2019 16:18,2,0.8,Miscellaneous,0-25,W,1501-2500,Other,62.283667,-146.384383,TRUE,Human
62.17025,-149.776267,8/11/2019 15:44,0.1,0.1,Smoking,41-55,NW,501-1500,Other,62.178357,-149.879632,TRUE,Human
60.466367,-149.364833,8/10/2019 18:18,1,2,,0-25,N,0-500,Mixed (Hardwoods/Softwoods),60.362717,-149.376167,TRUE,Human
60.57805,-151.275,8/10/2019 15:31,0.5,1.4,Investigated but cause Undetermined,0-25,SE,0-500,Grass,60.57805,-151.275,TRUE,Human
61.631023,-149.243912,8/10/2019 12:10,0.1,0.1,Debris Burning,0-25,NW,0-500,Hardwoods,61.631023,-149.243912,TRUE,Human
61.877762,-146.328901,8/9/2019 18:37,4,155.7,Lightning,41-55,SE,2501-3500,Mixed (Hardwoods/Softwoods),61.877783,-146.325083,TRUE,Natural
62.358083,-145.376567,8/9/2019 8:36,0.3,0.2,Lightning,26-40,NW,1501-2500,Unknown,62.358133,-145.376833,TRUE,Natural
57.9891667,-135.405,8/8/2019 16:00,0.1,0.1,Equipment,0-25,Flat,0-500,Grass,57.989167,-135.405,TRUE,Human
58.4261111,-134.7591667,8/8/2019 15:35,0.1,0.1,Debris Burning,0-25,Flat,0-500,Unknown,58.426111,-134.759167,TRUE,Human
61.603933,-149.13355,8/7/2019 16:07,0.1,0.1,Debris Burning,0-25,SE,0-500,Grass,61.603933,-149.13355,TRUE,Human
60.728903,-150.812618,8/7/2019 11:47,0.1,0.3,Miscellaneous,0-25,Flat,0-500,Grass,60.728903,-150.812618,TRUE,Human
60.3992,-149.64395,8/5/2019 10:53,0.1,0.1,Campfire,0-25,SW,0-500,Unknown,60.3992,-149.64395,TRUE,Human
58.3227778,-134.6238889,8/5/2019 7:00,0.1,0.1,Camping,0-25,North,0-500,Grass,58.322778,-134.623889,TRUE,Human
61.2325,-149.461833,8/5/2019 0:50,0.5,0.5,Investigated but cause Undetermined,41-55,NE,1501-2500,Grass,61.2325,-149.461833,TRUE,Human
60.779717,-149.424167,8/2/2019 16:15,0.1,0.1,,0-25,Flat,Unknown,Unknown,60.779717,-149.424167,TRUE,Human
61.627567,-149.747417,8/2/2019 14:41,0.1,0.1,Miscellaneous,0-25,N,0-500,Grass,61.627353,-149.746473,TRUE,Human
61.674745,-149.420567,8/2/2019 11:10,0.1,0.1,Equipment,0-25,S,501-1500,Mixed (Hardwoods/Softwoods),61.674745,-149.420567,TRUE,Human
67.0731111,-147.2113056,7/31/2019 14:56,200,112.3,Lightning,0-25,Flat,0501-1500,,67.07394,-147.2392,TRUE,Natural
56.8683333,-132.7972223,7/31/2019 10:30,0.1,0.1,Campfire,0-25,Flat,0-500,White Spruce,56.868333,-132.797222,TRUE,Human
60.49725,-151.189017,7/29/2019 10:32,0.1,0.1,Debris Burning,0-25,NE,0-500,Unknown,60.49725,-151.189017,TRUE,Human
67.0486111,-146.6356944,7/28/2019 17:30,2,1.7,Miscellaneous,0-25,Flat,0501-1500,,67.04861,-146.6357,TRUE,Human
66.1644722,-146.0664167,7/28/2019 16:37,0.3,0.1,Lightning,0-25,Flat,0-500,,66.16515,-146.0677,TRUE,Natural
67.0477778,-146.6336111,7/27/2019 20:41,0,0,,0-25,Flat,0501-1500,,67.20189,-146.3917,TRUE,False Alarm
61.715294,-148.880814,7/27/2019 9:30,0.1,0.1,Investigated but cause Undetermined,0-25,SW,501-1500,Grass,61.715883,-148.878957,TRUE,Human
64.8316667,-152.6401111,7/26/2019 19:01,7,7,Lightning,0-25,Flat,0501-1500,,64.83244,-152.6399,TRUE,Natural
66.0512778,-145.0039167,7/26/2019 18:37,5,55.7,Lightning,0-25,Flat,0501-1500,,66.04774,-144.9997,TRUE,Natural
66.6724722,-143.8383889,7/26/2019 11:31,1,34.7,Lightning,0-25,Flat,0501-1500,,66.67298,-143.8377,TRUE,Natural
64.0150833,-146.3111945,7/25/2019 16:50,0.1,3,Miscellaneous,0-25,Flat,0501-1500,,64.0095,-146.1857,TRUE,Human
66.4236389,-151.7671111,7/25/2019 12:50,0.1,1366.4,Lightning,0-25,Flat,0501-1500,,66.42366,-151.7674,TRUE,Natural
66.9608889,-141.1886111,7/25/2019 9:16,0.1,2720.9,Lightning,0-25,Flat,0501-1500,,66.96088,-141.1886,TRUE,Natural
65.8298056,-143.8431944,7/25/2019 9:06,0.1,26.6,Lightning,0-25,Flat,0501-1500,,65.8299,-143.8495,TRUE,Natural
68.1196944,-144.9221945,7/25/2019 8:56,0.1,196.9,Lightning,0-25,Flat,2501-3500,,68.70828,-144.5672,TRUE,Natural
64.446667,-145.4975,7/24/2019 17:43,2,2,Lightning,Unknown,Unknown,Unknown,Black Spruce,64.446667,-145.4975,TRUE,Natural
65.7098055,-143.8188056,7/24/2019 17:17,0.1,0.5,Lightning,0-25,Flat,0501-1500,,65.70981,-143.8191,TRUE,Natural
65.5824444,-142.2293056,7/24/2019 16:41,18,61.6,Lightning,0-25,Flat,1501-2500,,65.58208,-142.2234,TRUE,Natural
66.8174722,-141.2083056,7/24/2019 14:20,0.1,2.5,Lightning,0-25,East,2501-3500,,66.81847,-141.2065,TRUE,Natural
68.1145833,-160.7369445,7/24/2019 14:11,10,288.1,Lightning,0-25,Flat,0501-1500,Tundra,68.11452,-160.7362,TRUE,Natural
68.1308056,-160.7652778,7/24/2019 13:06,10,156.8,Lightning,0-25,Flat,0501-1500,Tundra,68.13074,-160.7645,TRUE,Natural
65.293611,-146.533889,7/24/2019 11:54,5,8,,26-40,S,1501-2500,Unknown,65.2945,-146.5335,TRUE,Undetermined
57.0018611,-135.3307778,7/24/2019 11:11,0.1,0.1,,0-25,Flat,0-500,,57.0018611,-135.3307778,TRUE,Human
67.0366667,-153.089,7/24/2019 10:38,0.5,0.5,Lightning,0-25,South East,1501-2500,,67.03139,-153.0799,TRUE,Natural
66.8499722,-141.4893889,7/24/2019 8:18,0.1,800.4,Lightning,0-25,Flat,1501-2500,,66.84831,-141.4925,TRUE,Natural
60.688889,-155.65,7/24/2019 0:14,200,189.3,Lightning,0-25,S,501-1500,Black Spruce,60.688917,-155.650087,TRUE,Natural
61.1721,-158.247953,7/23/2019 23:38,2,2,Lightning,41-55,SE,1501-2500,Black Spruce,61.1721,-158.247953,TRUE,Natural
61.178433,-158.37175,7/23/2019 23:11,43,43.5,Lightning,26-40,SW,1501-2500,Black Spruce,61.178433,-158.37175,TRUE,Natural
63.181111,-154.635,7/23/2019 22:42,5,8,Lightning,0-25,N,501-1500,Grass,63.181,-154.635,TRUE,Natural
62.88295,-155.50405,7/23/2019 21:12,1,0.6,Lightning,0-25,N,0-500,Black Spruce,62.88295,-155.50405,TRUE,Natural
62.964133,-155.9473,7/23/2019 21:07,1,2,Lightning,0-25,E,501-1500,Black Spruce,62.964133,-155.9473,TRUE,Natural
62.086667,-152.700278,7/23/2019 20:15,5,50.9,Lightning,0-25,NE,1501-2500,Dead White Spruce,62.086667,-152.700333,TRUE,Natural
61.573118,-149.104127,7/23/2019 19:32,0.1,0.1,Investigated but cause Undetermined,0-25,S,0-500,Black Spruce,61.573118,-149.104127,TRUE,Human
63.083367,-154.353317,7/23/2019 17:06,0.1,51.9,Lightning,0-25,NE,0-500,Black Spruce,63.026348,-154.364908,TRUE,Natural
61.545883,-149.6023,7/23/2019 16:44,0.1,0.1,Campfire,0-25,SW,0-500,Unknown,61.545883,-149.6023,TRUE,Human
65.4166389,-145.0794167,7/23/2019 16:41,0.1,50.7,Lightning,0-25,South West,2501-3500,,65.41997,-145.0695,TRUE,Natural
66.8550278,-141.5729167,7/23/2019 15:16,0.1,38.3,Lightning,0-25,South East,1501-2500,,66.85599,-141.5742,TRUE,Natural
65.9782778,-141.0028889,7/23/2019 14:15,0.1,5.8,Lightning, , , ,,65.97421,-141.0024,TRUE,Natural
65.47,-143.7296944,7/23/2019 8:23,0.1,133.5,Lightning,0-25,Flat,0501-1500,,65.46999,-143.7297,TRUE,Natural
64.183333,-146.866667,7/22/2019 22:42,0.1,9.8,Lightning,0-25,NE,501-1500,Unknown,64.183333,-146.866667,TRUE,Natural
63.323164,-153.480891,7/22/2019 20:02,7,7.1,Lightning,0-25,N,501-1500,Black Spruce,63.323164,-153.480891,TRUE,Natural
64.07305,-144.5735,7/22/2019 17:57,15,38.6,Lightning,41-55,NE,1501-2500,Mixed (Hardwoods/Softwoods),64.076317,-144.5763,TRUE,Natural
67.0816667,-147.8235833,7/22/2019 15:45,0.1,512,Lightning,0-25,West,1501-2500,,67.08175,-147.8235,TRUE,Natural
65.5719167,-143.2626944,7/22/2019 15:14,0.1,141,Lightning,0-25,East,1501-2500,,65.57191,-143.2627,TRUE,Natural
64.201944,-149.655278,7/22/2019 15:12,10.3,9.8,Investigated but cause Undetermined,0-25,N,501-1500,Dead White Spruce,64.20515,-149.645283,TRUE,Undetermined
61.603242,-149.33635,7/22/2019 14:32,0.1,0.1,Miscellaneous,0-25,SW,0-500,Mixed (Hardwoods/Softwoods),61.603242,-149.33635,TRUE,Human
64.8077222,-153.8451944,7/22/2019 13:41,0.5,1,Lightning,0-25,Flat,0501-1500,,64.80773,-153.8452,TRUE,Natural
65.136083,-147.77725,7/22/2019 13:32,0.1,0.1,Lightning,0-25,SW,501-1500,Black Spruce,65.13505,-147.752183,TRUE,Natural
64.5166389,-150.7496111,7/22/2019 12:34,0,0,,0-25,West,0501-1500,,64.51665,-150.7496,TRUE,False Alarm
63.9510278,-146.286,7/22/2019 12:31,0.1,18.6,Miscellaneous,0-25,Flat,1501-2500,,63.95105,-146.2863,TRUE,Human
61.7075,-150.674167,7/22/2019 9:56,0.1,0.1,Investigated but cause Undetermined,0-25,N,0-500,Mixed (Hardwoods/Softwoods),61.703067,-150.668367,TRUE,Human
67.8999444,-142.2449167,7/22/2019 8:13,0.1,1655.7,Lightning,0-25,Flat,0501-1500,,67.89993,-142.2449,TRUE,Natural
65.255,-153.4278889,7/21/2019 21:34,3,774.8,Lightning,0-25,Flat,1501-2500,,65.25494,-150.429,TRUE,Natural
63.459267,-143.169567,7/21/2019 20:54,0.3,0.2,Campfire,0-25,SE,1501-2500,Other,63.459267,-143.169567,TRUE,Human
64.8524445,-154.3591944,7/21/2019 20:32,0.3,5,Lightning,0-25,Flat,0-500,,64.85245,-154.3592,TRUE,Natural
62.34265,-150.494267,7/21/2019 17:51,0.2,0.3,Lightning,0-25,E,501-1500,Mixed (Hardwoods/Softwoods),62.3425,-151.493,TRUE,Natural
66.2630278,-145.9060833,7/21/2019 17:12,3,9.4,Lightning,0-25,Flat,0-500,black spruce,66.2606,-145.8992,TRUE,Natural
60.374421,-150.188893,7/21/2019 15:58,0.1,13,Lightning,26-40,NW,1501-2500,Unknown,60.374367,-150.1871,TRUE,Natural
64.7916389,-152.5911944,7/20/2019 19:12,0.3,27,Lightning,0-25,Flat,0501-1500,,64.78867,-152.593,TRUE,Natural
66.9213889,-147.2978056,7/20/2019 8:00,1,0.1,,0-25,Flat,0501-1500,,66.921389,-147.2978,TRUE,Undetermined
62.734633,-145.894417,7/19/2019 18:39,0.3,0.3,Lightning,0-25,S,2501-3500,Black Spruce,62.734633,-145.894417,TRUE,Natural
61.191783,-158.364317,7/19/2019 16:03,569,447.4,Lightning,41-55,NE,501-1500,Black Spruce,61.189563,-158.360908,TRUE,Natural
61.660233,-145.020167,7/19/2019 15:22,0.1,0.1,Lightning,0-25,W,1501-2500,Black Spruce,61.660233,-145.020167,TRUE,Natural
61.577933,-149.79055,7/19/2019 11:35,0.4,0.4,Miscellaneous,0-25,SE,0-500,Mixed (Hardwoods/Softwoods),61.577933,-149.79055,TRUE,Human
61.430817,-149.7999,7/19/2019 10:44,0.1,1,Miscellaneous,0-25,NW,0-500,Other,61.430817,-149.7999,TRUE,Human
64.63245,-148.722133,7/19/2019 10:17,0.1,0.1,Debris Burning,0-25,S,0-500,Hardwoods,64.63245,-148.722133,TRUE,Human
64.0915,-145.666433,7/18/2019 18:33,0.1,0.1,Miscellaneous,0-25,N,501-1500,Other,64.0915,-145.666433,TRUE,Human
66.6980556,-158.084,7/18/2019 18:07,1,1,Lightning,0-25,Flat,0-500,Tundra,66.69806,-158.084,TRUE,Natural
66.6377778,-158.0056111,7/18/2019 18:06,2,2,Lightning,0-25,Flat,0-500,Tundra,66.63778,-158.0056,TRUE,Natural
65.19,-153.31,7/18/2019 16:01,0.1,605.1,Lightning,0-25,Flat,0501-1500,,65.19161,-153.3104,TRUE,Natural
67.1523889,-141.4198055,7/18/2019 15:13,0.1,148,Lightning,0-25,Flat,0501-1500,,67.14966,-141.4121,TRUE,Natural
66.9215278,-147.2982222,7/18/2019 15:07,0.1,22.5,Lightning,0-25,Flat,0501-1500,,66.92133,-147.2979,TRUE,Natural
66.9966667,-148.3133056,7/18/2019 14:28,0.1,2703.2,Lightning,0-25,East,1501-2500,,66.99653,-148.3134,TRUE,Natural
66.7599444,-141.5416945,7/18/2019 14:06,0.1,1505.4,Lightning,0-25,Flat,1501-2500,,66.75993,-141.5417,TRUE,Natural
65.0760278,-152.3485833,7/18/2019 13:40,0.1,58.2,Lightning,0-25,Flat,0-500,,65.07648,-152.3499,TRUE,Natural
61.079923,-149.650796,7/18/2019 12:52,0.1,0.1,Campfire,56-75,N,3501-4500,Unknown,61.079923,-149.650796,TRUE,Human
61.542067,-149.024,7/18/2019 11:16,0.1,0.1,Smoking,0-25,S,0-500,Grass,61.542067,-149.024,TRUE,Human
64.7074722,-155.2380833,7/18/2019 9:25,0.1,152.8,Lightning,0-25,Flat,0-500,,64.7,-155.266667,TRUE,Natural
64.3333333,-150.2666945,7/18/2019 8:48,0.1,986.2,Lightning,0-25,Flat,0-500,,64.333333,-150.266667,TRUE,Natural
66.7107222,-154.835,7/17/2019 21:39,1,21.5,Lightning,0-25,Flat,0501-1500,tundra ,66.70007,-154.8161,TRUE,Natural
62.871833,-155.198,7/17/2019 18:45,0.1,0.7,Lightning,0-25,N,0-500,Black Spruce,62.871833,-155.198,TRUE,Natural
62.9178,-155.1898,7/17/2019 18:43,1,1.3,Lightning,0-25,S,0-500,Black Spruce,62.9178,-155.1898,TRUE,Natural
61.867222,-146.393056,7/17/2019 18:35,0.1,14907.3,Lightning,0-25,SE,2501-3500,Dead White Spruce,61.8673,-146.393,TRUE,Natural
60.9246667,-149.5114167,7/17/2019 18:35,0.1,0.1,,26-40,N,0-500,Unknown,60.924667,-149.511417,TRUE,Human
61.8960555,-146.3149722,7/17/2019 18:17,1,823.3,Lightning,0-25,North West,3501-4500,Grass,61.89605,-146.314967,TRUE,Natural
65.3099445,-142.0273333,7/17/2019 17:56,0.1,0.6,Lightning,0-25,Flat,0501-1500,,65.30163,-142.0925,TRUE,Natural
64.8167222,-155.8828056,7/17/2019 16:55,1,2826.9,Lightning,0-25,Flat,0501-1500,Black Spruce,64.81673,-155.8828,TRUE,Natural
61.81894,-144.56,7/17/2019 16:29,5,2129.6,Lightning,41-55,E,1501-2500,Dead White Spruce,61.802,-144.526833,TRUE,Natural
67.3483333,-147.2310833,7/17/2019 15:29,0,0,Lightning,26-40,South West,3501-4500,,52.95977,-153.9975,TRUE,Natural
67.3483333,-147.0439167,7/17/2019 15:17,0.1,2556.3,Lightning,0-25,South East,2501-3500,,67.34831,-147.0445,TRUE,Natural
55.4669444,-133.1186111,7/17/2019 15:00,0.1,0.1,Camping,26-40,South West,0501-1500,White Spruce,55.466944,-133.128889,TRUE,Human
65.5344445,-154.2921944,7/17/2019 11:03,0.1,5472.9,Lightning,0-25,North West,1501-2500,,65.53445,-154.2925,TRUE,Natural
65.1181667,-161.9739166,7/17/2019 8:00,0.1,2910,Lightning,0-25,Flat,0-500,Tundra,65.11674,-161.9993,TRUE,Natural
66.9124722,-141.2313889,7/17/2019 7:40,0.1,3336.9,Lightning,0-25,Flat,0501-1500,,66.91248,-141.2314,TRUE,Natural
67.2019444,-147.2375,7/17/2019 7:37,0.1,5025.7,Lightning,0-25,North East,1501-2500,heavy spruce,67.20194,-147.2377,TRUE,Natural
65.2529722,-156.5476111,7/16/2019 23:15,0.1,2,Lightning,0-25,Flat,0-500,,65.25297,-156.5476,TRUE,Natural
65.2566389,-156.5435834,7/16/2019 23:15,0.5,0.5,Lightning,0-25,Flat,0-500,,65.25663,-156.5436,TRUE,Natural
67.2463611,-142.8186111,7/16/2019 19:50,0.1,443,Lightning,0-25,Flat,0501-1500,,67.24268,-142.8284,TRUE,Natural
66.8649722,-151.528,7/16/2019 18:00,0.1,0.1,Lightning,0-25,Flat,0501-1500,,66.86546,-155.5247,TRUE,Natural
63.08445,-154.346667,7/16/2019 17:59,2,3.3,Lightning,0-25,Flat,0-500,Mixed (Hardwoods/Softwoods),63.088167,-154.356167,TRUE,Natural
65.3168611,-157.3332222,7/16/2019 17:53,25,23065.6,Lightning,0-25,Flat,0-500,Black Spruce,65.31686,-157.3332,TRUE,Natural
65.1388611,-157.5261944,7/16/2019 17:50,8,77.9,Lightning,0-25,Flat,0-500,,65.26984,-157.0742,TRUE,Natural
65.0924722,-161.0073889,7/16/2019 17:48,50,66.4,Lightning,0-25,Flat,0-500,,65.11051,-161.0121,TRUE,Natural
65.3140833,-156.5128056,7/16/2019 17:40,5,9.1,Lightning,0-25,Flat,0-500,,65.31284,-156.5104,TRUE,Natural
65.2662778,-157.0731111,7/16/2019 17:16,10,3058.4,Lightning,0-25,Flat,0-500,,81.28769,-137.6731,TRUE,Natural
61.876867,-146.124583,7/16/2019 14:09,1.5,0.1,Lightning,0-25,N,2501-3500,Live White Spruce,61.876317,-146.13155,TRUE,Natural
67.1465,-146.534,7/16/2019 12:56,0.1,4.3,Lightning,0-25,Flat,0501-1500,,67.1481,-146.5281,TRUE,Natural
61.57555,-149.373083,7/15/2019 21:49,0.1,0.1,Miscellaneous,0-25,N,0-500,Unknown,61.575556,-149.373081,TRUE,Human
61.656033,-149.593383,7/15/2019 18:55,0.1,0.1,Debris Burning,0-25,S,501-1500,Mixed (Hardwoods/Softwoods),61.656033,-149.593383,TRUE,Human
64.8027,-145.996667,7/15/2019 18:53,5,2,Lightning,0-25,SE,0-500,Black Spruce,64.8027,-145.996667,TRUE,Natural
66.857,-155.8941111,7/15/2019 18:10,20,2843.3,Lightning,0-25,Flat,0501-1500,,66.857,-155.8941,TRUE,Natural
63.8651945,-160.4486944,7/15/2019 18:01,80,150.6,Lightning,0-25,Flat,0-500,,63.85023,-160.4333,TRUE,Natural
64.64305,-149.806117,7/15/2019 16:44,20,22.9,Lightning,0-25,NW,0-500,Black Spruce,64.636667,-149.834333,TRUE,Natural
65.3622222,-150.4478056,7/15/2019 16:25,10,7818,Lightning,0-25,Flat,0501-1500,,65.36233,-150.4477,TRUE,Natural
66.4013333,-147.3815,7/15/2019 16:16,0.7,0.8,Lightning,0-25,Flat,0-500,,66.40131,-147.3794,TRUE,Natural
66.8508334,-148.4235833,7/15/2019 15:19,0.1,1552,Lightning,0-25,Flat,1501-2500,,66.85078,-148.4235,TRUE,Natural
67.3754722,-146.7245,7/15/2019 15:11,0.1,155.1,Lightning,0-25,Flat,0501-1500,,67.37132,-146.7179,TRUE,Natural
65.4560555,-146.0938333,7/15/2019 14:40,0.1,1130.1,Lightning,0-25,Flat,2501-3500,,65.45605,-146.0938,TRUE,Natural
66.9316667,-156.2084167,7/15/2019 13:10,1,6.8,Lightning,0-25,South East,0501-1500,,66.9315,-156.2224,TRUE,Natural
58.5423334,-134.8531945,7/15/2019 12:45,0.1,0.1,Campfire,0-25,South,0-500,White Spruce,58.542222,-134.853056,TRUE,Human
65.9744444,-144.7642222,7/15/2019 10:09,0.1,4450.5,Lightning,0-25,Flat,0501-1500,,65.9744,-144.7685,TRUE,Natural
61.968917,-150.064883,7/15/2019 1:03,0.1,0.1,Investigated but cause Undetermined,0-25,S,0-500,Mixed (Hardwoods/Softwoods),61.970149,-150.045684,TRUE,Human
69.2202778,-152.5971111,7/14/2019 23:27,7,5.8,Lightning,0-25,Flat,0501-1500,,69.21666,-152.5834,TRUE,Natural
66.7166111,-155.4499167,7/14/2019 22:12,15,8873.3,Lightning,0-25,Flat,0-500,Spruce,66.71662,-155.4499,TRUE,Natural
69.4689444,-152.0471944,7/14/2019 21:30,3,2.9,Lightning,0-25,Flat,0-500,,69.46667,-152.0331,TRUE,Natural
64.7655,-148.756667,7/14/2019 19:29,0.1,0.5,Lightning,0-25,N,0-500,Black Spruce,64.7655,-148.756667,TRUE,Natural
67.2169444,-150.0326944,7/14/2019 18:37,0.3,0.3,Lightning,0-25,Flat,0501-1500,,67.21695,-150.03305,TRUE,Natural
65.3868333,-158.0631944,7/14/2019 18:20,300,1871.7,Lightning,0-25,East,0501-1500,,65.38683,-158.0632,TRUE,Natural
68.92,-154.4078889,7/14/2019 17:42,0.1,730.2,Lightning,0-25,Flat,0501-1500,,68.92001,-154.409,TRUE,Natural
67.2254444,-150.0543056,7/14/2019 17:20,0.1,3.7,Lightning,0-25,Flat,0501-1500,,67.21444,-149.9944,TRUE,Natural
63.255,-158.6235833,7/14/2019 15:10,5,10.2,Lightning,0-25,Flat,0-500,,63.255,-158.6236,TRUE,Natural
66.8773611,-151.5566945,7/14/2019 14:51,5,21.2,Lightning,0-25,Flat,0501-1500,B spruce/tundra/w. s,66.87656,-151.5514,TRUE,Natural
64.376533,-146.290133,7/14/2019 13:07,0.2,0.2,Lightning,41-55,W,1501-2500,Black Spruce,64.377,-146.287833,TRUE,Natural
62.315,-158.222222,7/14/2019 12:01,600,442.5,Lightning,0-25,S,0-500,Black Spruce,62.314883,-158.222217,TRUE,Natural
60.053883,-148.063367,7/14/2019 7:27,0.1,0.1,Miscellaneous,Unknown,Unknown,Unknown,Unknown,60.053883,-148.063367,TRUE,Human
63.924033,-148.767817,7/13/2019 21:28,0.2,0.2,Lightning,0-25,S,1501-2500,Unknown,63.924033,-148.767817,TRUE,Natural
62.4645,-157.967667,7/13/2019 21:03,5,7.1,Lightning,26-40,NW,501-1500,Mixed (Hardwoods/Softwoods),62.4645,-157.967667,TRUE,Natural
63.086833,-152.9902,7/13/2019 20:36,0.1,0.1,Lightning,0-25,SE,1501-2500,Black Spruce,63.086783,-152.990033,TRUE,Natural
65.4521111,-164.62,7/13/2019 20:28,5,422.2,Lightning,0-25,Flat,0501-1500,,65.4521,-164.62,TRUE,Natural
65.6673889,-155.9170278,7/13/2019 18:35,5,139.7,Lightning,0-25,Flat,0-500,,65.66541,-155.9095,TRUE,Natural
68.1398611,-160.7541944,7/13/2019 15:35,1,6318.7,Lightning,0-25,Flat,0501-1500,,68.13992,-160.755,TRUE,Natural
61.545283,-158.493033,7/13/2019 14:08,1000,1885.2,Lightning,0-25,NE,0-500,Black Spruce,61.561217,-158.489593,TRUE,Natural
66.7127778,-158.9141111,7/13/2019 13:28,3,8.5,Lightning,0-25,Flat,0-500,,66.71718,-158.9076,TRUE,Natural
61.906417,-158.394783,7/13/2019 13:11,30,492.1,Lightning,56-75,W,501-1500,Black Spruce,61.906417,-158.394783,TRUE,Natural
61.610617,-149.539117,7/13/2019 13:05,0.1,0.1,Debris Burning,0-25,NW,0-500,Hardwoods,61.610617,-149.539117,TRUE,Human
66.7168055,-158.9526111,7/13/2019 13:00,5,62.3,Lightning,0-25,Flat,0-500,,66.71651,-158.9437,TRUE,Natural
64.1283333,-158.065,7/13/2019 12:17,3,2182.4,Lightning,0-25,Flat,0-500,,64.12834,-158.065,TRUE,Natural
65.9207778,-156.4948055,7/13/2019 12:16,10,336.7,Lightning,0-25,Flat,0-500,,65.92101,-156.4912,TRUE,Natural
61.251883,-159.033083,7/13/2019 9:54,25,907.5,Lightning,0-25,SW,0-500,Grass,61.251883,-159.033083,TRUE,Natural
66.9018333,-156.3559167,7/12/2019 20:34,80,9821.5,Lightning,0-25,Flat,0-500,,66.90174,-156.3559,TRUE,Natural
61.06245,-156.44615,7/12/2019 18:33,3,11.7,Lightning,0-25,W,0-500,Black Spruce,61.066917,-156.44205,TRUE,Natural
64.787167,-148.044108,7/12/2019 18:28,0.1,0.1,Debris Burning,26-40,SE,501-1500,Unknown,64.787167,-148.044108,TRUE,Human
61.207583,-156.653533,7/12/2019 18:24,15,15.4,Lightning,0-25,W,0-500,Mixed (Hardwoods/Softwoods),61.21145,-156.656717,TRUE,Natural
61.298667,-156.267,7/12/2019 16:56,2,2.3,Lightning,0-25,NE,501-1500,Black Spruce,61.298667,-156.267,TRUE,Natural
61.321667,-156.701389,7/12/2019 16:49,80,1241.9,Lightning,0-25,S,0-500,Black Spruce,61.321627,-156.701258,TRUE,Natural
65.9583333,-156.5077222,7/12/2019 15:55,250,7078.2,Lightning,0-25,Flat,0-500,,65.95824,-156.2998,TRUE,Natural
65.5383611,-157.4880833,7/12/2019 15:37,10,11862.3,Lightning,0-25,Flat,0-500,,65.53825,-157.4881,TRUE,Natural
61.756167,-156.492,7/12/2019 15:33,40,2305.1,Lightning,0-25,N,0-500,Mixed (Hardwoods/Softwoods),61.756167,-156.492,TRUE,Natural
61.0576,-157.440583,7/12/2019 15:07,45,410.1,Lightning,0-25,NE,0-500,Black Spruce,61.057625,-157.429903,TRUE,Natural
61.348717,-156.9103,7/12/2019 15:01,600,962.6,Lightning,0-25,SE,0-500,Black Spruce,61.348717,-156.9103,TRUE,Natural
62.219333,-158.195167,7/12/2019 14:27,0.1,1486.3,Lightning,0-25,NW,0-500,Black Spruce,62.219394,-158.195131,TRUE,Natural
60.37825,-151.318717,7/12/2019 13:24,0.1,0.1,Campfire,0-25,N,0-500,Grass,60.37825,-151.318717,TRUE,Human
61.47,-156.066383,7/12/2019 13:05,2,33.4,Lightning,0-25,N,0-500,Black Spruce,61.470833,-156.061667,TRUE,Natural
61.895167,-156.116833,7/12/2019 12:41,15,838.7,Lightning,0-25,SW,0-500,Black Spruce,61.895167,-156.116833,TRUE,Natural
62.114167,-158.1925,7/12/2019 10:18,2200,6499.8,Lightning,0-25,W,501-1500,Black Spruce,62.106277,-158.204271,TRUE,Natural
62.065,-158.317778,7/12/2019 10:18,100,64849.4,Lightning,26-40,SW,501-1500,Black Spruce,62.065033,-158.317761,TRUE,Natural
60.974167,-157.341667,7/11/2019 20:18,60,320.9,Lightning,41-55,SW,1501-2500,Black Spruce,61.011667,-157.408333,TRUE,Natural
64.9500278,-157.9903056,7/11/2019 19:56,2,4.2,Lightning,0-25,Flat,0501-1500,,64.94603,-157.9867,TRUE,Natural
64.228057,-149.369054,7/11/2019 18:47,0.1,895.6,Investigated but cause Undetermined,0-25,NW,501-1500,Mixed (Hardwoods/Softwoods),64.218517,-149.322867,TRUE,Human
60.2342,-156.517467,7/11/2019 18:06,48,29846,Lightning,0-25,NE,501-1500,Grass,60.2342,-156.517467,TRUE,Natural
61.426017,-158.1344,7/11/2019 16:43,25,3.2,Lightning,26-40,N,1501-2500,Black Spruce,61.42595,-158.126517,TRUE,Natural
60.811283,-157.41685,7/11/2019 16:31,350,2288,Lightning,0-25,NE,501-1500,Black Spruce,60.814317,-157.403383,TRUE,Natural
61.6472,-149.116417,7/11/2019 16:27,0.1,0.1,Investigated but cause Undetermined,0-25,SW,501-1500,Grass,61.6472,-149.116417,TRUE,Human
61.783889,-159.233889,7/11/2019 16:23,60,903.6,Lightning,0-25,W,0-500,Black Spruce,61.783483,-159.225683,TRUE,Natural
61.739722,-158.667778,7/11/2019 16:06,1,3864.7,Lightning,0-25,W,501-1500,Black Spruce,61.738167,-158.686,TRUE,Natural
61.728833,-150.940333,7/11/2019 16:06,0.1,0.1,Lightning,41-55,S,2501-3500,Mixed (Hardwoods/Softwoods),61.708467,-151.1856,TRUE,Natural
62.112,-156.251567,7/11/2019 16:02,20,31.2,Lightning,0-25,S,0-500,Black Spruce,62.1131667,-156.0783333,TRUE,Natural
59.794083,-151.73095,7/11/2019 15:35,0.1,0.1,Miscellaneous,0-25,W,0-500,Unknown,59.809093,-151.718532,TRUE,Human
61.5385,-156.985833,7/11/2019 15:34,5,558,Lightning,0-25,N,0-500,Black Spruce,61.5385,-156.985833,TRUE,Natural
61.236389,-156.8725,7/11/2019 15:30,600,8516.4,Lightning,0-25,N,0-500,Black Spruce,61.236367,-156.872517,TRUE,Natural
61.737941,-157.369901,7/11/2019 14:28,30,20.1,Lightning,26-40,N,501-1500,Mixed (Hardwoods/Softwoods),61.737333,-157.369667,TRUE,Natural
61.230433,-159.666733,7/11/2019 13:36,35,23.3,Lightning,26-40,SE,501-1500,Black Spruce,61.216667,-159.666667,TRUE,Natural
65.2083889,-151.773,7/11/2019 12:56,0.1,0.1,Miscellaneous,0-25,Flat,0-500,,65.2004,-151.7717,TRUE,Human
64.251,-141.9445,7/11/2019 12:52,0.1,8.3,Lightning,0-25,North West,1501-2500,,64.2527,-141.9257,TRUE,Natural
61.346657,-157.119154,7/11/2019 12:34,50,1775,Lightning,0-25,N,0-500,Black Spruce,61.34605,-157.1188,TRUE,Natural
64.33,-154.3996111,7/11/2019 10:59,0,0,Lightning,0-25,Flat,0-500,,64.55,-154.0062,TRUE,Natural
61.089267,-156.2815,7/11/2019 8:56,1000,3267.3,Lightning,0-25,W,501-1500,Black Spruce,61.089267,-156.2815,TRUE,Natural
61.133056,-158.426389,7/11/2019 8:43,325,282.9,Lightning,0-25,W,501-1500,Black Spruce,61.13295,-158.426517,TRUE,Natural
62.125,-156.127778,7/11/2019 8:13,2000,8126.4,Lightning,0-25,W,0-500,Mixed (Hardwoods/Softwoods),62.12505,-156.127767,TRUE,Natural
66.4411111,-147.1783056,7/11/2019 8:05,0.5,8190,Lightning,0-25,Flat,0-500,,66.44109,-147.1784,TRUE,Natural
61.4329,-142.963178,7/11/2019 5:14,0.1,0.2,Miscellaneous,0-25,SW,501-1500,Unknown,61.4329,-142.963178,TRUE,Human
60.51435,-151.1401,7/11/2019 0:25,0.1,0.2,Equipment,0-25,NW,0-500,Grass,60.51435,-151.1401,TRUE,Human
61.750556,-157.381389,7/10/2019 22:12,3,5.5,Lightning,26-40,SW,501-1500,Black Spruce,61.7505,-157.381333,TRUE,Natural
61.584722,-158.906667,7/10/2019 20:17,0.1,10001.7,Lightning,0-25,NE,501-1500,Black Spruce,61.584783,-158.756533,TRUE,Natural
61.717167,-157.593167,7/10/2019 20:02,0.1,8653.4,Lightning,26-40,E,501-1500,Black Spruce,61.731967,-157.565117,TRUE,Natural
61.821333,-157.500833,7/10/2019 19:57,0.1,3538.3,Lightning,26-40,S,501-1500,Black Spruce,61.824633,-157.51305,TRUE,Natural
65.6012778,-149.9902222,7/10/2019 19:47,0.1,883.6,Lightning,0-25,Flat,0501-1500,,65.60128,-149.9902,TRUE,Natural
61.754444,-157.369722,7/10/2019 19:17,8,2878.9,Lightning,26-40,NW,501-1500,Dead White Spruce,61.7545,-157.51305,TRUE,Natural
65.6244445,-150.0333056,7/10/2019 18:05,0.1,48464.8,Lightning,0-25,Flat,0501-1500,,65.52211,-149.9801,TRUE,Natural
63.462778,-143.170833,7/10/2019 17:24,15,81.1,Lightning,0-25,W,1501-2500,Mixed (Hardwoods/Softwoods),63.454517,-143.128417,TRUE,Natural
67.2857778,-143.1295833,7/10/2019 16:45,0.1,30993.9,Lightning,0-25,Flat,0501-1500,,67.29127,-143.1129,TRUE,Natural
61.7311389,-144.2498889,7/10/2019 16:44,2.5,207.3,Lightning,0-25,Flat,1501-2500,Black Spruce,61.731167,-144.250667,TRUE,Natural
60.452183,-159.81325,7/10/2019 15:17,5,84.5,Lightning,0-25,N,1501-2500,Grass,60.447883,-159.80455,TRUE,Natural
60.36075,-159.85605,7/10/2019 15:16,15,981,Lightning,0-25,W,501-1500,Black Spruce,60.36075,-159.85605,TRUE,Natural
61.548833,-155.990167,7/10/2019 14:05,40,673.4,Lightning,0-25,W,0-500,Black Spruce,61.548833,-155.990167,TRUE,Natural
61.226389,-156.277778,7/10/2019 12:58,30,268,Lightning,0-25,N,501-1500,Black Spruce,61.228033,-156.27805,TRUE,Natural
61.2485,-155.755033,7/10/2019 12:36,70,964.8,Lightning,0-25,SW,501-1500,Black Spruce,61.249333,-155.7575,TRUE,Natural
60.53435,-154.883667,7/10/2019 9:09,200,592.4,Lightning,56-75,SE,1501-2500,Black Spruce,60.534983,-154.886769,TRUE,Natural
61.119444,-159.285556,7/10/2019 9:05,150,4103.5,Lightning,0-25,SE,501-1500,Black Spruce,61.119367,-159.285583,TRUE,Natural
61.045667,-159.368867,7/10/2019 9:00,400,132.2,Lightning,41-55,SW,501-1500,Black Spruce,61.045667,-159.368867,TRUE,Natural
60.491317,-150.7792,7/9/2019 21:07,0.1,1,Miscellaneous,0-25,Flat,0-500,Mixed (Hardwoods/Softwoods),60.490908,-150.778182,TRUE,Human
64.4031111,-147.3485833,7/9/2019 20:10,0.1,2254.7,Lightning,0-25,Flat,0501-1500,,64.41926,-147.3532,TRUE,Natural
61.56825,-149.27755,7/9/2019 17:19,0.1,0.1,Miscellaneous,0-25,SE,0-500,Grass,61.56825,-149.27755,TRUE,Human
65.2949444,-141.6613055,7/9/2019 14:38,0.1,54.1,Lightning,0-25,North East,1501-2500,spruce,65.29498,-141.6611,TRUE,Natural
66.6730556,-143.8378055,7/9/2019 13:31,1,0.1,,0-25,Flat,0501-1500,,66.673056,-143.8378,TRUE,Undetermined
60.6523333,-154.21,7/9/2019 10:35,4,326.9,Lightning,0-25,Flat,1501-2500,Grass,60.652333,-154.21,TRUE,Natural
63.226944,-154.873889,7/9/2019 9:21,85,1016.9,Lightning,26-40,N,501-1500,Mixed (Hardwoods/Softwoods),63.227017,-154.8738,TRUE,Natural
60.913117,-149.46135,7/9/2019 7:37,0.2,0.2,Campfire,26-40,NE,Unknown,Other,60.913117,-149.46135,TRUE,Human
61.158475,-149.804314,7/9/2019 6:02,5,5,Investigated but cause Undetermined,0-25,W,0-500,Grass,61.158475,-149.804314,TRUE,Human
65.2904444,-164.9577222,7/8/2019 20:49,1,1,Lightning,0-25,Flat,0-500,,65.29044,-164.9577,TRUE,Natural
61.81495,-145.55,7/8/2019 19:10,50,176,Campfire,0-25,E,1501-2500,Black Spruce,61.814667,-145.550667,TRUE,Human
58.5333334,-134.7225,7/8/2019 16:55,0.1,0.1,Debris Burning,0-25,Flat,0-500,White Spruce,58.533333,-134.726389,TRUE,Human
65.2895278,-164.9010833,7/8/2019 15:20,30,30,Lightning,0-25,Flat,0-500,,65.22057,-164.8069,TRUE,Natural
64.867778,-149.748333,7/8/2019 15:19,3.6,3.6,,0-25,SW,0-500,Mixed (Hardwoods/Softwoods),64.86085,-149.775983,TRUE,Undetermined
64.798633,-148.19205,7/8/2019 14:45,0.1,0.1,Campfire,0-25,E,Unknown,Black Spruce,61.582033,-149.458102,TRUE,Human
65.2046944,-141.1755,7/8/2019 11:16,0.1,5877.2,Lightning,0-25,West,2501-3500,,65.21631,-141.1278,TRUE,Natural
59.7487,-155.179983,7/8/2019 10:55,0.1,5961.3,Lightning,0-25,SE,0-500,Grass,59.752935,-154.997657,TRUE,Natural
63.452317,-143.325817,7/8/2019 10:40,4,2.6,Lightning,26-40,S,1501-2500,Dead White Spruce,63.452317,-143.325817,TRUE,Natural
64.04525,-145.593833,7/8/2019 8:45,0.1,0.1,Children <12 yoa,0-25,NE,501-1500,Other,64.04525,-145.593833,TRUE,Human
61.581933,-149.857183,7/7/2019 22:43,0.3,0.3,Investigated but cause Undetermined,0-25,SE,0-500,Grass,61.569726,-149.877,TRUE,Human
65.0969444,-141.6358055,7/7/2019 15:35,0.1,2.6,Lightning,26-40,East,1501-2500,Grass/brush,65.09798,-141.6397,TRUE,Natural
62.148138,-149.928138,7/7/2019 15:29,10,84.5,Lightning,26-40,W,501-1500,Mixed (Hardwoods/Softwoods),62.15957,-149.933313,TRUE,Natural
60.5124722,-150.8190833,7/7/2019 14:18,0.1,0.1,Investigated but cause Undetermined,0-25,Flat,0-500,Other,60.512467,-150.819083,TRUE,Human
55.5441667,-131.7013889,7/7/2019 9:07,0.1,0.1,Campfire,0-25,West,0-500,White Spruce,55.544167,-131.701389,TRUE,Human
60.364867,-151.259633,7/6/2019 21:16,0.1,0.1,Debris Burning,0-25,Flat,0-500,Other,60.364867,-151.259633,TRUE,Human
59.465717,-157.29705,7/6/2019 18:06,0.1,1,Investigated but cause Undetermined,0-25,SE,0-500,Grass,59.497612,-157.241967,TRUE,Human
61.177944,-149.843944,7/6/2019 17:00,0.4,0.4,Investigated but cause Undetermined,0-25,S,0-500,Grass,61.177944,-149.843944,TRUE,Human
64.0295,-148.576667,7/6/2019 16:10,0.1,0.1,Coal Seam,0-25,SE,1501-2500,Other,64.0295,-148.576667,TRUE,Natural
64.0305,-148.568333,7/6/2019 13:47,0.1,0.1,Coal Seam,0-25,NW,1501-2500,Other,64.029,-148.574917,TRUE,Natural
61.611782,-149.103638,7/6/2019 12:27,0.1,0.1,Investigated but cause Undetermined,0-25,SW,0-500,Grass,61.611782,-149.103638,TRUE,Human
62.150667,-149.980667,7/5/2019 21:58,0.1,0.1,Miscellaneous,0-25,NW,501-1500,Grass,62.167483,-149.937983,TRUE,Human
59.705167,-151.721517,7/5/2019 21:18,0.1,0.1,Miscellaneous,0-25,SW,0-500,Grass,59.705167,-151.721517,TRUE,Human
61.546265,-149.859798,7/5/2019 14:09,0.1,0.1,Miscellaneous,0-25,NW,0-500,Grass,61.546265,-149.859798,TRUE,Human
62.43,-145.06,7/5/2019 12:56,2,27.4,Lightning,0-25,W,1501-2500,Black Spruce,62.43,-145.06,TRUE,Natural
58.3758333,-134.5983333,7/5/2019 11:05,0.1,0.1,Campfire,0-25,Flat,0-500,White Spruce,58.375833,-134.598333,TRUE,Human
61.786606,-145.168741,7/4/2019 22:20,0.5,0.3,Miscellaneous,0-25,Flat,501-1500,Black Spruce,61.78685,-145.1694,TRUE,Human
55.2693,-160.6749,7/4/2019 21:29,0.1,0.1,Investigated but cause Undetermined,56-75,NW,501-1500,Unknown,55.2693,-160.6749,TRUE,Human
63.337667,-142.988667,7/4/2019 6:27,0.1,0.1,Equipment,0-25,NE,1501-2500,Dead White Spruce,63.337667,-142.988667,TRUE,Human
66.5738056,-145.2774167,7/3/2019 23:05,0.1,0.1,Miscellaneous,0-25,Flat,0-500,,64.568,-145.245,TRUE,Human
62.1225,-149.986944,7/3/2019 14:53,3,367.6,Lightning,0-25,S,501-1500,Mixed (Hardwoods/Softwoods),62.170022,-149.940582,TRUE,Natural
60.4836,-149.8897,7/2/2019 18:58,0.1,0.1,Investigated but cause Undetermined,0-25,N,0-500,Grass,60.4836,-149.8897,TRUE,Human
66.5581389,-146.6260833,7/2/2019 17:09,0,0,,0-25,Flat,0-500,,67.90829,-146.6254,TRUE,Human
65.8835833,-147.1161944,7/2/2019 16:53,0,0,,0-25,West,1501-2500,,65.88357,-147.1162,TRUE,False Alarm
66.5382223,-141.6766111,7/2/2019 16:51,100,39305.8,Lightning,0-25,Flat,0501-1500,,66.54139,-141.6719,TRUE,Natural
61.175,-149.815278,7/2/2019 16:46,10,25.3,Investigated but cause Undetermined,0-25,NW,0-500,Black Spruce,61.135493,-149.804313,TRUE,Human
64.7303889,-146.5480834,7/2/2019 13:55,0,0,,0-25,East,1501-2500,,64.7304,-146.5481,TRUE,Human
64.9791389,-141.1963056,7/2/2019 11:21,0,0,,0-25,North West,1501-2500,,64.97913,-141.1963,TRUE,Human
61.641,-149.268333,7/1/2019 17:47,0.1,0.1,Debris Burning,0-25,W,501-1500,Grass,61.641,-149.268333,TRUE,Human
63.134167,-145.491,7/1/2019 17:08,0.1,0.1,Campfire,0-25,SW,3501-4500,Other,63.134167,-145.491,TRUE,Human
63.033433,-142.128283,6/30/2019 22:06,1,2.5,Lightning,0-25,N,1501-2500,Black Spruce,63.033433,-142.128283,TRUE,Natural
62.327584,-146.758654,6/30/2019 18:53,100,53,Lightning,0-25,NW,2501-3500,Dead White Spruce,62.328067,-146.769783,TRUE,Natural
61.520333,-149.54785,6/30/2019 18:20,0.1,0.1,Investigated but cause Undetermined,0-25,SW,0-500,Grass,53,-148,TRUE,Human
61.572665,-149.547653,6/30/2019 17:47,0.1,0.3,Equipment,0-25,SW,0-500,Black Spruce,61.572665,-149.547653,TRUE,Human
60.474667,-150.641833,6/30/2019 15:20,0.5,0.5,Investigated but cause Undetermined,0-25,N,0-500,Dead White Spruce,60.474667,-150.641833,TRUE,Human
63.34405,-143.0158,6/30/2019 12:20,0.1,0.1,Equipment,0-25,N,1501-2500,Other,63.34405,-143.0158,TRUE,Human
66.2700278,-145.8336944,6/29/2019 22:53,1,25.2,Debris Burning,0-25,Flat,0-500,,66.26308,-145.8215,TRUE,Human
60.514017,-151.120783,6/29/2019 17:23,0.1,0.1,Campfire,0-25,S,0-500,Unknown,60.514017,-151.120783,TRUE,Human
62.209,-158.855333,6/29/2019 17:16,0.3,0.3,Lightning,0-25,E,0-500,Grass,62.209,-158.855333,TRUE,Natural
64.145,-146.281111,6/29/2019 17:03,50,18452.5,Lightning,0-25,N,501-1500,Dead White Spruce,64.1449,-146.281217,TRUE,Natural
66.4895,-143.5695833,6/29/2019 16:28,200,130960,Lightning,0-25,Flat,0501-1500,,66.4895,-143.5696,TRUE,Natural
66.7917778,-157.4821111,6/29/2019 10:55,0.1,91.6,Lightning,0-25,Flat,0-500,,66.79284,-157.483,TRUE,Natural
61.606117,-149.421917,6/28/2019 18:04,0.1,0.1,Debris Burning,0-25,N,0-500,Grass,61.606117,-149.421917,TRUE,Human
60.425617,-162.904833,6/28/2019 14:56,0.1,0.8,Lightning,0-25,N,0-500,Grass,60.425617,-162.904833,TRUE,Natural
61.8097,-150.09545,6/28/2019 14:09,0.1,0.1,Investigated but cause Undetermined,0-25,N,0-500,Black Spruce,61.8097,-150.09545,TRUE,Human
62.0104,-159.535,6/28/2019 11:10,0.3,0.3,Equipment,0-25,SW,0-500,Mixed (Hardwoods/Softwoods),62.0104,-159.535,TRUE,Human
61.5287,-149.0681,6/27/2019 18:19,0.1,1.3,Miscellaneous,0-25,SW,0-500,Hardwoods,61.528678,-149.068085,TRUE,Human
56.15,-132.06,6/27/2019 16:30,3,3,Lightning,0-25,Flat,0-500,Unknown,56.15,-132.06,TRUE,Natural
64.83375,-147.824883,6/27/2019 16:17,0.1,0.1,Campfire,0-25,N,0-500,Other,64.833878,-147.823075,TRUE,Human
64.9398333,-153.6634166,6/27/2019 15:03,0,0,,0-25,Flat,0-500,,64.93983,-153.6634,TRUE,False Alarm
63.89335,-145.281467,6/27/2019 13:12,1.5,1.5,Lightning,0-25,E,501-1500,Black Spruce,63.89335,-145.281467,TRUE,Natural
61.524317,-149.074383,6/27/2019 13:12,0.1,0.1,Equipment,0-25,SE,0-500,Grass,61.600707,-149.117072,TRUE,Human
61.538382,-149.074538,6/27/2019 12:55,0.1,0.1,Equipment,0-25,W,0-500,Grass,61.538382,-149.074538,TRUE,Human
64.702,-146.5686111,6/26/2019 22:08,0.1,3.3,Miscellaneous,0-25,Flat,0501-1500,,64.70248,-146.5721,TRUE,Human
64.5962222,-146.2041111,6/26/2019 19:30,20,69.6,Lightning,0-25,South,0501-1500,,64.5988,-146.1919,TRUE,Natural
65.4078889,-142.5975,6/26/2019 18:41,0.1,3513.3,Lightning,26-40,South,0501-1500,,65.40789,-142.5975,TRUE,Natural
63.5,-151.7495,6/26/2019 16:21,0.1,49527.8,Lightning,0-25,Flat,0501-1500,,63.49999,-151.7495,TRUE,Natural
63.889917,-145.3117,6/26/2019 16:00,0.1,8,Lightning,0-25,N,501-1500,Black Spruce,65.9,-145.283333,TRUE,Natural
61.50555,-149.6213,6/26/2019 15:46,0.1,0.1,Investigated but cause Undetermined,0-25,SW,0-500,Grass,61.505542,-149.621293,TRUE,Human
64.7557778,-146.4631944,6/26/2019 15:21,0.1,12969.7,Miscellaneous,0-25,Flat,0501-1500,,64.7597,-146.4376,TRUE,Human
60.494167,-151.04495,6/26/2019 15:08,0.1,0.1,Equipment,0-25,SE,0-500,Grass,60.494167,-151.04495,TRUE,Human
65.6194722,-150.9003055,6/26/2019 14:23,0,0,,0-25,Flat,1501-2500,,65.61949,-150.9006,TRUE,Natural
63.9423056,-146.2551111,6/26/2019 13:42,0,0,Miscellaneous,0-25,Flat,1501-2500,,63.94231,-146.2551,TRUE,Human
60.03075,-151.6284,6/26/2019 12:10,0.1,0.1,Miscellaneous,0-25,NW,0-500,Black Spruce,60.03075,-151.6284,TRUE,Human
67.5049722,-145.4293889,6/26/2019 10:05,0,0,,0-25,North East,1501-2500,,67.8148,-115.6526,TRUE,Human
65.4829444,-156.6894167,6/25/2019 19:54,0.5,0.5,Lightning,0-25,Flat,0-500,,65.48295,-156.6894,TRUE,Natural
67.493,-145.3968055,6/25/2019 16:10,0.1,147,Lightning,0-25,East,1501-2500,,67.493,-145.3968,TRUE,Natural
64.0261389,-150.6456111,6/25/2019 15:59,0.3,0.3,Lightning,0-25,Flat,0501-1500,,64.02615,-150.6459,TRUE,Natural
63.771622,-144.545783,6/25/2019 12:35,0.1,0.1,Lightning,0-25,N,501-1500,Other,63.7723,-144.5465,TRUE,Natural
65.4878889,-160.3241111,6/25/2019 12:29,600,2540.6,Lightning,0-25,Flat,0501-1500,,65.4879,-160.3241,TRUE,Natural
60.461083,-151.139333,6/25/2019 9:58,0.1,0.1,Debris Burning,0-25,NW,0-500,Grass,60.461083,-151.139333,TRUE,Human
61.844767,-149.92335,6/24/2019 17:09,1,1.1,Lightning,0-25,S,0-500,Black Spruce,61.844767,-149.92335,TRUE,Natural
64.7018611,-146.5695,6/24/2019 15:52,0,0,,0-25,Flat,0501-1500,,64.70187,-146.5698,TRUE,Human
61.490283,-148.91855,6/24/2019 15:18,0.1,0.1,Equipment,0-25,NE,0-500,Grass,61.490283,-148.91855,TRUE,Human
61.616233,-149.5416,6/24/2019 15:00,0.1,0.1,Equipment,0-25,S,0-500,Grass,61.616233,-149.5416,TRUE,Human
65.8133333,-160.1066944,6/24/2019 13:30,2,2,Lightning,0-25,Flat,0-500,,65.81333,-160.1067,TRUE,Natural
61.5835,-149.545783,6/24/2019 12:56,0.1,0.1,Equipment,0-25,SW,0-500,Unknown,61.583742,-149.545393,TRUE,Human
66.9999445,-146.4985,6/24/2019 10:39,0,0,,0-25,Flat,0501-1500,,66.99993,-146.4985,TRUE,Natural
66.8441389,-142.9384167,6/24/2019 8:24,0.1,237494,Lightning,0-25,Flat,0501-1500,,66.84415,-142.9384,TRUE,Natural
64.6537778,-155.0726111,6/23/2019 19:42,3,3,Lightning,0-25,Flat,0-500,,64.65379,-155.0729,TRUE,Natural
65.9983056,-144.1448056,6/23/2019 19:11,0,0,Lightning,0-25,Flat,0501-1500,,65.9983,-144.1448,TRUE,Natural
60.2205,-150.727,6/23/2019 16:54,3,36.1,Lightning,Unknown,Unknown,Unknown,Grass,60.222,-150.727,TRUE,Natural
62.859722,-142.236667,6/23/2019 16:44,1,14912.8,Lightning,41-55,NW,4501-5500,Other,62.883333,-142.333333,TRUE,Natural
64.6519444,-151.4848889,6/23/2019 16:43,15,34328.2,Lightning,0-25,Flat,0501-1500,,64.65194,-151.4849,TRUE,Natural
61.528533,-149.883817,6/23/2019 16:17,0.1,0.1,Debris Burning,0-25,NW,0-500,Mixed (Hardwoods/Softwoods),61.528533,-149.883817,TRUE,Human
66.79,-141.2196944,6/23/2019 13:53,0.1,208.3,Lightning,0-25,Flat,1501-2500,,66.78999,-141.2197,TRUE,Natural
65.3549444,-147.2135,6/23/2019 12:45,10,46.9,Lightning,0-25,Flat,1501-2500,,65.35271,-147.2209,TRUE,Natural
64.7575833,-141.0138889,6/23/2019 11:12,0.1,68.3,Lightning,0-25,South,1501-2500,,64.78664,-141.0853,TRUE,Natural
67.2027778,-152.2978056,6/23/2019 10:59,0.1,0.1,Lightning,0-25,South West,0501-1500,,67.20278,-152.2978,TRUE,Natural
66.6391667,-144.7723055,6/22/2019 21:02,1,1,Lightning,0-25,Flat,0-500,,66.64034,-144.7782,TRUE,Natural
66.5813889,-143.2771945,6/22/2019 20:50,0,0,,0-25,Flat,0501-1500,,66.58126,-143.2772,TRUE,Natural
63.0165,-157.339333,6/22/2019 20:31,330,85260.5,Lightning,0-25,SW,501-1500,Black Spruce,63.0165,-157.339333,TRUE,Natural
66.4775556,-146.9263056,6/22/2019 19:05,0,0,,0-25,Flat,0-500,,66.47755,-146.9263,TRUE,False Alarm
66.9805,-146.5709167,6/22/2019 18:58,1,13122.1,Lightning,0-25,Flat,0501-1500,,66.98055,-146.5716,TRUE,Natural
63.326667,-155.564444,6/22/2019 18:45,10,51455.1,Lightning,41-55,E,1501-2500,Mixed (Hardwoods/Softwoods),63.32,-155.56,TRUE,Natural
66.4177222,-143.9431111,6/22/2019 18:36,1,1.4,Lightning,0-25,Flat,0501-1500,,66.41776,-143.943,TRUE,Natural
66.3098611,-144.0533056,6/22/2019 18:30,1,96783.8,Lightning,0-25,Flat,0501-1500,,66.30993,-144.0534,TRUE,Natural
65.049583,-147.770383,6/22/2019 18:24,1,3,Lightning,Unknown,Unknown,Unknown,Black Spruce,65.092193,-147.751124,TRUE,Natural
65.3499722,-147.4991111,6/22/2019 18:05,0,0,Lightning,0-25,Flat,1501-2500,,65.34997,-147.4991,TRUE,Natural
66.6399722,-143.303,6/22/2019 17:29,0.1,10.2,Lightning,0-25,Flat,0501-1500,,66.6306,-143.2947,TRUE,Natural
66.5725833,-143.1076111,6/22/2019 17:18,5,45.2,Lightning,0-25,Flat,0501-1500,,66.57339,-143.1017,TRUE,Natural
60.458767,-151.097267,6/22/2019 17:15,0.1,0.1,Equipment,0-25,S,0-500,Other,60.458767,-151.097267,TRUE,Human
66.6276667,-143.2771945,6/22/2019 17:12,0,0,,0-25,North East,0501-1500,,66.6414,-143.2946,TRUE,False Alarm
64.68325,-156.3573055,6/22/2019 16:40,0.5,2,Miscellaneous,0-25,Flat,0-500,,64.668,-156.3714,TRUE,Human
66.6605555,-143.4343889,6/22/2019 16:19,0.1,7,Lightning,0-25,Flat,0501-1500,,66.65996,-144.6307,TRUE,Natural
67.0572222,-152.2253056,6/22/2019 15:59,1,152.1,Lightning,0-25,Flat,0501-1500,,67.05721,-152.2253,TRUE,Natural
66.6061945,-146.5993055,6/22/2019 15:46,30,60633,Lightning,0-25,Flat,0-500,,66.59148,-146.694,TRUE,Natural
61.13,-163.24,6/22/2019 14:52,75,178.8,Lightning,0-25,N,0-500,Grass,61.13,-163.24,TRUE,Natural
64.455967,-146.312617,6/22/2019 14:44,1,3.1,Lightning,26-40,S,501-1500,Unknown,64.5,-146.25,TRUE,Natural
65.2740833,-145.9559167,6/22/2019 14:18,0,0,,0-25,Flat,2501-3500,,65.27407,-145.9559,TRUE,Human
64.219722,-147.318333,6/22/2019 13:46,3,12208.4,Lightning,0-25,N,501-1500,Other,64.219833,-147.318333,TRUE,Natural
65.40599,-148.6837,6/22/2019 13:01,1,1,Lightning,0-25,Flat,0-500,,65.40599,-148.6837,TRUE,Natural
66.0198056,-145.2245833,6/22/2019 12:39,0,0,,0-25,Flat,0501-1500,,66.01999,-145.2253,TRUE,Human
65.6998333,-148.6323889,6/22/2019 10:45,0,0,,0-25,Flat,0501-1500,,65.69999,-148.6331,TRUE,Human
65.8293056,-146.9521944,6/22/2019 10:24,20,20922.9,Lightning,0-25,East,0501-1500,,66.3166,-146.9318,TRUE,Natural
65.614,-148.5291944,6/22/2019 8:45,0,0,,0-25,Flat,0501-1500,,65.61416,-148.5299,TRUE,Human
65.1814722,-149.0218056,6/21/2019 21:38,0.1,17.3,Lightning,0-25,Flat,0-500,,65.18149,-149.0228,TRUE,Natural
65.407,-146.9253889,6/21/2019 20:45,4,29.4,Lightning,0-25,Flat,1501-2500,,65.40899,-146.9301,TRUE,Natural
65.6983333,-148.3647222,6/21/2019 20:14,52,182908,Lightning,0-25,Flat,0501-1500,,65.6925,-148.385,TRUE,Natural
64.87397,-146.55537,6/21/2019 20:04,1,17498.7,Lightning,41-55,S,501-1500,Mixed (Hardwoods/Softwoods),64.873967,-146.555367,TRUE,Natural
66.1360833,-146.2535833,6/21/2019 19:08,1,90.3,Lightning,0-25,Flat,0501-1500,,66.13539,-146.2557,TRUE,Natural
65.8129722,-146.1614167,6/21/2019 18:49,100,78132.2,Lightning,0-25,South,1501-2500,,65.81301,-146.1625,TRUE,Natural
64.0916667,-150.7091944,6/21/2019 17:41,3,21.8,Lightning,0-25,Flat,0-500,,64.10181,-150.6982,TRUE,Natural
64.98694,-148.415283,6/21/2019 17:22,0.1,22487.5,Lightning,Unknown,Unknown,Unknown,Dead White Spruce,64.995833,-148.421,TRUE,Natural
64.7485833,-150.3456945,6/21/2019 16:58,0.5,17.6,Lightning,0-25,Flat,0501-1500,,64.75016,-150.3494,TRUE,Natural
64.625,-150.9064166,6/21/2019 16:49,0.1,10312.2,Lightning,0-25,Flat,0501-1500,,64.6255,-150.9081,TRUE,Natural
65.8298611,-160.0778056,6/21/2019 15:06,1,0.1,Lightning,0-25,Flat,0501-1500,,65.82986,-160.0778,TRUE,Natural
64.9051666,-153.2816945,6/21/2019 14:31,0.1,97568.1,Lightning,0-25,Flat,0501-1500,,64.80666,-153.3104,TRUE,Natural
60.539833,-151.077633,6/21/2019 12:38,0.1,0.1,Miscellaneous,0-25,Flat,0-500,Grass,60.539833,-151.077633,TRUE,Human
63.9469167,-146.3134167,6/21/2019 12:22,0.1,5,Miscellaneous,0-25,Flat,1501-2500,,63.93642,-146.3137,TRUE,Human
66.3058333,-153.4311111,6/21/2019 11:56,0.1,40670.7,Lightning,0-25,Flat,0501-1500,,66.56755,-152.9917,TRUE,Natural
65.3538889,-162.2865,6/20/2019 22:40,600,892,Lightning,0-25,Flat,0-500,,65.35388,-162.2865,TRUE,Natural
64.3176667,-152.171,6/20/2019 18:05,0.1,52497,Lightning,0-25,Flat,0501-1500,,64.55058,-151.2449,TRUE,Natural
65.8024722,-159.981,6/20/2019 17:55,3,1.1,Lightning,0-25,Flat,0-500,,65.80044,-159.9665,TRUE,Natural
65.7664167,-154.9259167,6/20/2019 17:45,50,50,Lightning,0-25,Flat,0-500,,65.76637,-154.9258,TRUE,Natural
62.850833,-142.121111,6/20/2019 17:44,0.1,93.4,Lightning,0-25,NW,1501-2500,Dead White Spruce,62.916667,-141.5,TRUE,Natural
65.7595,-159.8856944,6/20/2019 17:30,30,3237.8,Lightning,0-25,Flat,0-500,,65.7151,-159.906,TRUE,Natural
67.7609444,-162.5386111,6/20/2019 16:58,100,384.4,Lightning,0-25,Flat,0-500,,67.58938,-162.9075,TRUE,Natural
65.064633,-147.968817,6/20/2019 16:54,0.1,2.5,Lightning,0-25,E,501-1500,Black Spruce,64.9958,-147.689197,TRUE,Natural
60.403767,-149.627133,6/20/2019 15:31,0.1,0.2,Campfire,0-25,NE,0-500,Grass,60.403767,-149.627133,TRUE,Human
63.88975,-146.986,6/20/2019 13:35,20,24.7,Lightning,0-25,NE,1501-2500,Unknown,63.88975,-146.986,TRUE,Natural
63.88975,-146.986,6/20/2019 13:35,0,0,Lightning,0-25,Flat,1501-2500,,63.87646,-146.9577,TRUE,Natural
65.1803333,-165.1603889,6/20/2019 13:17,0.3,0.3,Lightning,0-25,Flat,0-500,,65.18034,-165.1604,TRUE,Natural
65.9449722,-164.3205556,6/20/2019 12:42,0.5,0.5,Lightning,0-25,Flat,0-500,,65.94374,-164.3216,TRUE,Natural
65.9305278,-165.8431944,6/20/2019 12:38,60,128.4,Lightning,0-25,Flat,0-500,,65.93052,-165.8432,TRUE,Natural
65.9544722,-164.3616111,6/20/2019 12:29,0.2,0.2,Lightning,0-25,Flat,0-500,,65.95757,-164.3643,TRUE,Natural
66.0208333,-160.4603889,6/19/2019 22:50,5,5,Lightning,0-25,Flat,0501-1500,,66.02084,-160.4604,TRUE,Natural
66.1990833,-160.8838055,6/19/2019 22:46,0.1,4.8,Lightning,0-25,Flat,0-500,,66.19701,-160.891,TRUE,Natural
66.0208333,-160.4605,6/19/2019 22:45,0.1,2855.1,Lightning,0-25,Flat,0501-1500,,66.16,-161.2401,TRUE,Natural
66.16,-161.2402222,6/19/2019 22:44,20,1541.3,Lightning,0-25,Flat,0-500,,66.16,-161.2402,TRUE,Natural
64.6973056,-146.5527222,6/19/2019 20:32,0,0,,0-25,North West,0501-1500,,64.69731,-146.5527,TRUE,Human
65.9783889,-161.3433056,6/19/2019 20:19,1,13.2,Lightning,0-25,Flat,0501-1500,,65.966667,-161.4,TRUE,Natural
65.3467778,-164.0059167,6/19/2019 19:03,0.1,2,Lightning,0-25,Flat,0-500,,65.28,-164.050667,TRUE,Natural
65.4073056,-162.5131944,6/19/2019 18:58,2,1232.4,Lightning,0-25,Flat,0501-1500,,65.40736,-162.5139,TRUE,Natural
65.2115278,-164.4393056,6/19/2019 18:54,0.1,0.1,Lightning,0-25,Flat,0501-1500,,65.21152,-164.4393,TRUE,Natural
65.4533611,-163.9059166,6/19/2019 18:52,0.1,20.5,Lightning,0-25,Flat,0-500,,65.449167,-163.9065,TRUE,Natural
65.3175,-164.4928889,6/19/2019 18:51,0.3,0.3,Lightning,0-25,Flat,0-500,,65.31753,-164.4928,TRUE,Natural
65.40725,-162.5125,6/19/2019 18:49,0.3,1,Lightning,0-25,Flat,0501-1500,,65.31636,-164.5018,TRUE,Natural
65.3466945,-164.0071111,6/19/2019 18:39,2,2,Lightning,0-25,Flat,0-500,,65.449167,-164.007667,TRUE,Natural
60.255267,-151.2433,6/19/2019 18:25,0.1,0.1,Investigated but cause Undetermined,0-25,SE,0-500,Grass,60.255267,-151.2433,TRUE,Human
65.2770278,-164.5006944,6/19/2019 18:25,0.5,0.5,Lightning,0-25,Flat,0-500,,65.31751,-164.493,TRUE,Natural
65.3749167,-164.4069167,6/19/2019 18:19,0.3,23.9,Lightning,0-25,Flat,0-500,,65.37511,-164.4017,TRUE,Natural
65.8134167,-162.8546945,6/19/2019 17:51,0.5,32.7,Lightning,0-25,Flat,0501-1500,,65.86203,-162.8856,TRUE,Natural
65.8621389,-162.7548056,6/19/2019 17:28,42,45.3,Lightning,0-25,Flat,0-500,Grass,65.86212,-162.7496,TRUE,Natural
65.8467778,-162.6035,6/19/2019 17:27,0.5,13.7,Lightning,0-25,Flat,0501-1500,,65.84628,-162.607,TRUE,Natural
65.8262222,-162.6011111,6/19/2019 17:26,0.5,25.2,Lightning,0-25,Flat,0501-1500,,65.82679,-162.5967,TRUE,Natural
65.799,-162.8453889,6/19/2019 17:25,0.5,0.2,Lightning,0-25,Flat,0501-1500,,65.79886,-162.845,TRUE,Natural
60.3875,-151.179617,6/19/2019 16:52,0.1,0.1,Investigated but cause Undetermined,0-25,NW,0-500,Grass,60.3875,-151.179617,TRUE,Human
61.5145,-148.8385,6/19/2019 16:19,0.1,0.1,Campfire,0-25,N,0-500,Live White Spruce,61.5145,-148.8385,TRUE,Human
65.9291111,-162.3300833,6/19/2019 15:57,0.1,130.9,Lightning,0-25,Flat,0-500,,65.83328,-162.4997,TRUE,Natural
65.7945,-162.3105833,6/19/2019 15:55,0.1,2707.2,Lightning,0-25,Flat,0501-1500,,65.83328,-162.4997,TRUE,Natural
60.575283,-161.862783,6/19/2019 9:14,3,23.9,Lightning,0-25,SW,0-500,Grass,60.62,-161.855,TRUE,Natural
61.516111,-144.164167,6/19/2019 8:09,0.1,0.1,Campfire,0-25,SW,501-1500,Black Spruce,61.516067,-144.1641,TRUE,Human
62.30125,-161.6321945,6/18/2019 21:47,10,673.7,Lightning,0-25,Flat,0-500,,62.30163,-161.6253,TRUE,Natural
60.415609,-163.067861,6/18/2019 19:39,75,46.5,Lightning,0-25,N,0-500,Grass,60.413788,-163.06657,TRUE,Natural
60.638533,-162.830867,6/18/2019 18:56,12,16.5,Lightning,0-25,S,0-500,Grass,60.639333,-162.821667,TRUE,Natural
65.5249444,-146.6346111,6/18/2019 17:53,0,0,,0-25,North West,2501-3500,,65.52513,-146.6354,TRUE,Human
66.0726944,-142.2246944,6/18/2019 13:20,0.1,103268,Lightning,0-25,Flat,0501-1500,,66.06886,-142.2035,TRUE,Natural
64.6613611,-146.5677222,6/17/2019 18:17,0.1,0.1,Lightning,0-25,Flat,1501-2500,,64.66138,-146.5683,TRUE,Natural
64.0217222,-159.1013889,6/17/2019 17:15,5,15.3,Lightning,0-25,Flat,0-500,,64.02151,-159.0924,TRUE,Natural
64.993883,-146.950833,6/16/2019 17:49,15,257.6,Lightning,26-40,S,501-1500,Mixed (Hardwoods/Softwoods),68.86128,-147.040073,TRUE,Natural
61.9907778,-161.8502222,6/14/2019 20:06,0.1,0.1,Lightning,0-25,Flat,0-500,,61.99079,-161.8502,TRUE,Natural
61.9704166,-161.8861944,6/14/2019 20:06,0.1,0.1,Lightning,0-25,Flat,0-500,,61.97042,-161.8862,TRUE,Natural
60.418067,-151.192583,6/14/2019 19:30,0.1,0.1,Miscellaneous,0-25,NW,0-500,Grass,60.4416667,-151.1933333,TRUE,Human
63.4,-155.035967,6/14/2019 19:23,55,21849.6,Lightning,41-55,W,501-1500,Black Spruce,63.39065,-155.044367,TRUE,Natural
61.200583,-149.85895,6/14/2019 16:04,0.5,0.5,Campfire,0-25,SW,0-500,Hardwoods,61.201825,-149.86166,TRUE,Human
65.3454445,-141.3571944,6/14/2019 14:49,80,185.5,Lightning,0-25,Flat,0501-1500,,65.34553,-141.3583,TRUE,Natural
64.6849722,-146.5630833,6/14/2019 14:32,0.1,131.2,Miscellaneous,26-40,North West,1501-2500,,64.2349,-146.5649,TRUE,Human
64.815333,-147.488,6/14/2019 14:25,0.1,3.5,Investigated but cause Undetermined,0-25,N,0-500,Grass,64.815333,-147.488,TRUE,Human
60.950982,-160.955755,6/13/2019 20:46,80,78.6,Lightning,0-25,NW,0-500,Black Spruce,60.95325,-160.956717,TRUE,Natural
60.884356,-162.710623,6/13/2019 19:32,15,48,Lightning,0-25,N,0-500,Grass,60.845217,-162.847617,TRUE,Natural
63.200788,-154.435403,6/13/2019 16:50,10,23.5,Lightning,0-25,E,0-500,Mixed (Hardwoods/Softwoods),63.203,-154.436167,TRUE,Natural
60.5003333,-161.6521666,6/12/2019 19:13,0.3,1.5,Lightning,0-25,Flat,0-500,Grass,60.500333,-161.652167,TRUE,Natural
60.690556,-160.746111,6/12/2019 18:26,5,4408.8,Lightning,0-25,W,0-500,Grass,60.6905,-160.746,TRUE,Natural
60.1007,-155.168933,6/12/2019 18:13,1,2.6,Lightning,0-25,N,0-500,Mixed (Hardwoods/Softwoods),60.103333,-155.166167,TRUE,Natural
59.833333,-161.25,6/12/2019 14:47,0.1,2,Lightning,0-25,NW,0-500,Hardwoods,59.833333,-161.25,TRUE,Natural
60.093167,-155.179833,6/12/2019 14:37,0.1,51.3,Lightning,0-25,NW,501-1500,Dead White Spruce,60.090767,-155.206383,TRUE,Natural
59.208095,-156.047735,6/11/2019 20:48,0.5,30.3,Lightning,0-25,NW,0-500,Grass,59.183611,-156.079722,TRUE,Natural
64.441333,-149.483167,6/11/2019 19:54,0.1,2,Lightning,0-25,NE,0-500,Grass,64.431198,-149.57428,TRUE,Natural
61.48765,-149.93815,6/11/2019 18:50,0.1,0.3,Lightning,0-25,NE,0-500,Black Spruce,61.485322,-149.948552,TRUE,Natural
64.8345278,-160.5775,6/11/2019 18:17,5,82.5,Lightning,0-25,Flat,0-500,,64.83451,-160.5777,TRUE,Natural
59.910717,-154.706483,6/11/2019 17:34,0.3,2,Lightning,0-25,SE,501-1500,Grass,59.912833,-154.736411,TRUE,Natural
60.34055,-155.282667,6/11/2019 17:26,0.5,9,Lightning,0-25,SW,501-1500,Grass,60.34055,-155.282667,TRUE,Natural
61.085545,-157.881249,6/11/2019 14:21,20,782.4,Lightning,0-25,N,501-1500,Black Spruce,61.08875,-157.884067,TRUE,Natural
61.5103,-150.192467,6/11/2019 14:14,0.2,0.2,Lightning,0-25,SW,0-500,Hardwoods,61.509283,-150.193383,TRUE,Natural
61.85463,-155.478488,6/11/2019 14:13,100,145.3,Lightning,26-40,SW,501-1500,Mixed (Hardwoods/Softwoods),61.86,-155.49,TRUE,Natural
66.5488334,-145.1805,6/11/2019 13:36,0.1,0.4,Lightning,0-25,Flat,0-500,,66.54888,-145.1812,TRUE,Natural
65.0185,-147.642583,6/11/2019 10:26,0.1,0.1,Debris Burning,0-25,NW,501-1500,Grass,65.024153,-147.652222,TRUE,Human
62.028,-161.5513056,6/11/2019 10:25,0.1,5083.5,Lightning,0-25,Flat,0-500,,62.03334,-161.5332,TRUE,Natural
60.493317,-151.167967,6/10/2019 20:10,0.1,0.1,Debris Burning,0-25,W,0-500,Mixed (Hardwoods/Softwoods),60.493317,-151.167967,TRUE,Human
66.9465833,-155.0359167,6/10/2019 17:04,0.1,22.8,Campfire,0-25,Flat,0501-1500,,65.94991,-155.0328,TRUE,Human
60.486217,-151.061217,6/10/2019 16:11,0.1,0.1,Campfire,56-75,S,0-500,Grass,60.486217,-151.061217,TRUE,Human
65.3238611,-142.5554167,6/10/2019 10:28,0.1,3219.4,Lightning,0-25,Flat,0501-1500,,65.41109,-142.6217,TRUE,Natural
64.982,-161.6656944,6/10/2019 10:00,5,21.4,Lightning,0-25,Flat,0-500,,65.03328,-161.7161,TRUE,Natural
65.2437778,-160.1018056,6/10/2019 9:11,60,111898,Lightning,0-25,Flat,0501-1500,,65.51661,-159.4827,TRUE,Natural
66.7803611,-150.4313055,6/9/2019 21:39,0.1,36.7,Lightning,0-25,Flat,0501-1500,,66.74982,-150.5822,TRUE,Natural
64.856167,-148.893833,6/9/2019 17:42,1,3,Lightning,0-25,N,0-500,Grass,64.856167,-148.893833,TRUE,Natural
65.8889444,-152.006,6/9/2019 16:47,0.1,1.3,Lightning,0-25,Flat,1501-2500,,65.88599,-152.0086,TRUE,Natural
63.11315,-157.573667,6/9/2019 16:22,25,96.1,Lightning,0-25,S,0-500,Grass,63.118033,-157.55705,TRUE,Natural
65.8021945,-145.8085,6/9/2019 15:59,0.1,23039.7,Lightning,26-40,North East,2501-3500,,65.80301,-145.9459,TRUE,Natural
67.7899167,-160.7735,6/9/2019 15:40,0.1,9.9,Lightning,0-25,Flat,0501-1500,,67.80003,-160.7994,TRUE,Natural
58.5402778,-134.8505556,6/9/2019 13:00,0.1,0.1,Debris/Open Burning,0-25,Flat,0-500,Grass,58.5402778,-134.8505556,TRUE,Human
63.835,-160.5146944,6/9/2019 12:58,0.1,156.5,Lightning,0-25,Flat,0-500,,63.86668,-160.6831,TRUE,Natural
58.5869444,-134.9,6/9/2019 12:30,0.1,0.1,Camping,0-25,West,0-500,Slash,58.6369444,-134.9,TRUE,Human
62.94595,-156.659283,6/9/2019 12:14,1.5,1.5,Lightning,0-25,N,1501-2500,Mixed (Hardwoods/Softwoods),62.950833,-156.6545,TRUE,Natural
62.955,-156.6355,6/9/2019 11:52,0.1,2,Lightning,0-25,SE,501-1500,Mixed (Hardwoods/Softwoods),62.955,-156.6355,TRUE,Natural
59.12765,-159.68965,6/8/2019 19:43,5,6.3,Lightning,0-25,E,0-500,Grass,59.127333,-159.690133,TRUE,Natural
59.137933,-159.74455,6/8/2019 19:36,20,55.4,Lightning,56-75,SE,501-1500,Grass,59.137883,-159.74375,TRUE,Natural
65.1511389,-149.3584167,6/8/2019 16:56,0,0,,0-25,Flat,0-500,,65.15123,-149.3588,TRUE,Human
60.831944,-159.339722,6/8/2019 16:45,0.1,330.2,Lightning,56-75,E,501-1500,Mixed (Hardwoods/Softwoods),60.831833,-159.339667,TRUE,Natural
65.303889,-146.588889,6/8/2019 16:04,0.1,181.8,Lightning,41-55,W,1501-2500,Mixed (Hardwoods/Softwoods),65.307333,-146.598667,TRUE,Natural
63.6246389,-157.9706944,6/8/2019 15:58,25,112.9,Lightning,0-25,Flat,0-500,,63.59991,-157.9828,TRUE,Natural
66.8827778,-141.7698889,6/8/2019 15:41,0,0,Lightning,0-25,South East,1501-2500,,66.88277,-141.7699,TRUE,Natural
62.9815,-156.697,6/8/2019 14:59,0.1,0.1,Lightning,0-25,NW,501-1500,Black Spruce,62.9815,-156.697,TRUE,Natural
65.2396389,-149.1893056,6/8/2019 14:34,0.1,1.7,Lightning,0-25,Flat,0501-1500,,65.33018,-149.2638,TRUE,Natural
62.405278,-156.716389,6/8/2019 13:50,20,173,Lightning,0-25,SE,501-1500,Black Spruce,62.4025,-156.703333,TRUE,Natural
60.362633,-151.075583,6/7/2019 15:20,0.1,14.2,Lightning,0-25,SW,0-500,Unknown,60.364017,-151.072883,TRUE,Natural
60.513517,-150.4424,6/7/2019 14:53,0.1,0.1,Lightning,0-25,W,0-500,Unknown,60.513517,-150.4424,TRUE,Natural
60.521983,-150.447883,6/7/2019 14:51,0.1,0.1,Lightning,0-25,W,0-500,Unknown,60.521983,-150.447883,TRUE,Natural
58.4125,-135.7286111,6/7/2019 13:30,0.1,0.1,Miscellaneous,0-25,Flat,0-500,Slash,58.4125,-135.7286111,TRUE,Human
60.543833,-164.902033,6/6/2019 22:12,1,4,Smoking,0-25,SW,0-500,Grass,60.5445,-164.897833,TRUE,Human
59.73235,-151.728633,6/6/2019 21:50,0.1,0.1,Equipment,0-25,NE,0-500,Unknown,59.73235,-151.728633,TRUE,Human
60.674333,-150.3463,6/6/2019 20:18,0.1,0.1,Lightning,0-25,E,0-500,Grass,60.674333,-150.3463,TRUE,Natural
61.081917,-151.2573,6/6/2019 20:10,0.5,0.5,Lightning,0-25,W,0-500,Mixed (Hardwoods/Softwoods),61.082167,-151.256,TRUE,Natural
61.4918,-150.146167,6/6/2019 18:13,1,3.5,Lightning,0-25,S,0-500,Mixed (Hardwoods/Softwoods),61.57488,-149.938073,TRUE,Natural
59.643117,-151.536183,6/6/2019 18:05,0.1,0.1,Campfire,0-25,S,0-500,Grass,59.643117,-151.536183,TRUE,Human
65.9816666,-152.0246944,6/6/2019 17:29,3,19.7,Lightning,0-25,Flat,0501-1500,,65.97117,-152.0537,TRUE,Natural
60.126,-151.0825,6/5/2019 19:23,1,1.2,Lightning,0-25,NE,501-1500,Other,60.126,-151.0825,TRUE,Natural
60.630556,-150.437778,6/5/2019 18:52,5,167182.9,Lightning,0-25,N,0-500,Dead White Spruce,60.630517,-150.437667,TRUE,Natural
60.082683,-151.18425,6/5/2019 18:00,3,126,Lightning,0-25,NE,501-1500,Other,60.082683,-151.18425,TRUE,Natural
60.5317,-150.426817,6/5/2019 17:48,0.1,0.1,Lightning,0-25,SW,0-500,Grass,60.531521,-150.420667,TRUE,Natural
60.530045,-150.439383,6/5/2019 17:31,0.2,0.2,Lightning,0-25,N,0-500,Unknown,60.530812,-150.451569,TRUE,Natural
59.44,-159.564333,6/5/2019 16:34,0.5,7.8,Lightning,0-25,SE,0-500,Grass,59.44,-159.564333,TRUE,Natural
59.401111,-159.588889,6/5/2019 13:06,10,2540.4,Lightning,0-25,NW,0-500,Other,59.402,-159.582667,TRUE,Natural
63.30755,-157.387883,6/5/2019 11:53,20,308922.7,Lightning,0-25,W,0-500,Black Spruce,63.30755,-157.387883,TRUE,Natural
62.960619,-156.657,6/4/2019 20:13,10,18.7,Lightning,26-40,E,501-1500,Black Spruce,62.959217,-156.655867,TRUE,Natural
63.0455,-155.169167,6/4/2019 15:19,0.5,5.5,Lightning,0-25,N,501-1500,Black Spruce,63.213136,-154.98547,TRUE,Natural
60.475883,-149.369967,6/4/2019 11:00,0.3,0.3,Debris Burning,26-40,Unknown,Unknown,Grass,60.475883,-149.369967,TRUE,Human
63.024444,-157.398889,6/4/2019 9:17,5,375.3,Lightning,0-25,W,501-1500,Other,63.022783,-157.411333,TRUE,Natural
66.3683333,-153.9996945,6/3/2019 13:07,40,51.1,Lightning,0-25,Flat,0501-1500,,66.36866,-153.9922,TRUE,Natural
61.441383,-150.59595,6/3/2019 8:07,0.1,0.1,Miscellaneous,0-25,E,0-500,Hardwoods,61.466,-150.627,TRUE,Human
66.1444445,-151.8551111,6/2/2019 19:04,0,0,Lightning,0-25,Flat,0501-1500,,53.51549,-130.5759,TRUE,Natural
58.6463889,-134.9630555,6/2/2019 19:00,0.1,0.1,Smoking,0-25,South West,0-500,Slash,58.6463889,-134.9630556,TRUE,Human
58.3991667,-135.725,6/1/2019 15:38,0.1,0.1,Debris Burning,0-25,Flat,0-500,Brush,58.3991667,-135.725,TRUE,Human
58.6037778,-134.9239445,5/31/2019 19:00,0.1,0.1,Campfire,0-25,Flat,0-500,White Spruce,58.6047222,-134.9244444,TRUE,Human
61.540739,-158.771673,5/31/2019 16:41,5,77.1,Investigated but cause Undetermined,0-25,N,0-500,Mixed (Hardwoods/Softwoods),61.536833,-158.6785,TRUE,Human
64.441567,-145.33555,5/30/2019 15:38,1.5,1,Lightning,56-75,NE,1501-2500,Mixed (Hardwoods/Softwoods),64.439833,-145.001717,TRUE,Natural
58.3719445,-134.7263889,5/30/2019 13:00,0.1,0.1,Camping,Unknown,North,0-500,Grass,58.3719444,-134.7263889,TRUE,Human
60.391033,-151.29585,5/29/2019 22:30,0.1,0.1,Campfire,0-25,W,0-500,Grass,53,-148,TRUE,Human
64.32725,-146.3957,5/28/2019 19:54,0.5,0.5,Lightning,0-25,S,1501-2500,Black Spruce,64.326667,-146.392667,TRUE,Natural
59.2711111,-135.6469444,5/27/2019 21:00,4,4,Miscellaneous,0-25,South,0-500,Brush,59.3088889,-135.7147222,TRUE,Human
64.470733,-146.918067,5/27/2019 13:06,0.1,0.1,Campfire,0-25,NE,501-1500,Hardwoods,64.470733,-146.918067,TRUE,Human
60.59685,-151.335967,5/26/2019 10:22,0.1,0.1,Debris Burning,0-25,W,0-500,Unknown,60.597443,-151.332397,TRUE,Human
59.704433,-151.3829,5/25/2019 17:05,0.3,0.3,Debris Burning,0-25,NE,501-1500,Grass,59.704183,-151.381967,TRUE,Human
58.3283333,-134.49,5/25/2019 16:00,0.1,0.1,Debris Burning,0-25,Flat,0-500,Brush,58.3283333,-134.49,TRUE,Human
63.906683,-145.322783,5/25/2019 14:53,4,24.5,Equipment,0-25,N,501-1500,Grass,63.906683,-145.322783,TRUE,Human
68.0367778,-141.9185,5/25/2019 14:36,1,529.7,Lightning,0-25,Flat,0501-1500,,68.03885,-141.9034,TRUE,Natural
66.8719445,-144.9905,5/24/2019 12:27,0,0,,0-25,Flat,0-500,,66.87195,-144.9905,TRUE,Human
63.367217,-141.552217,5/23/2019 13:57,3,11.4,Lightning,26-40,SW,1501-2500,Black Spruce,63.368333,-141.56285,TRUE,Natural
63.909633,-145.1036,5/23/2019 12:14,0.3,0.3,Debris Burning,0-25,N,501-1500,Grass,63.909633,-145.1036,TRUE,Human
63.9374722,-145.6021945,5/23/2019 1:17,0.1,0.1,Miscellaneous,0-25,Flat,0501-1500,,63.93752,-145.6028,TRUE,Human
63.6067,-141.659133,5/22/2019 19:09,100,981.5,Lightning,0-25,S,Unknown,Other,63.6075,-141.652417,TRUE,Natural
65.9762222,-144.3581944,5/22/2019 18:50,0.1,24.3,Lightning,0-25,Flat,0501-1500,,65.97648,-144.3591,TRUE,Natural
61.369625,-149.534987,5/22/2019 15:23,0.1,0.1,Equipment,0-25,Flat,0-500,Grass,61.369625,-149.534987,TRUE,Human
58.4586111,-134.7775,5/22/2019 14:30,0.1,0.1,Investigated but cause Undetermined,0-25,Flat,0-500,Unknown,58.4586111,-134.7775,TRUE,Human
62.106767,-145.93445,5/22/2019 13:54,0.1,0.1,Equipment,0-25,S,1501-2500,Grass,62.106767,-145.93445,TRUE,Human
61.68555,-149.26055,5/22/2019 13:44,0.1,0.1,Campfire,0-25,S,501-1500,Grass,61.684285,-149.260753,TRUE,Human
61.5922,-149.138917,5/21/2019 19:20,0.1,0.1,Investigated but cause Undetermined,0-25,SE,0-500,Grass,61.5922,-149.138917,TRUE,Human
62.996944,-141.060278,5/21/2019 15:54,3,20081,Lightning,26-40,N,1501-2500,Dead White Spruce,63,-142,TRUE,Natural
65.3381667,-154.597,5/21/2019 10:21,0.1,1661,Lightning,0-25,Flat,0501-1500,TUNDRA,65.38766,-154.59,TRUE,Natural
64.814133,-147.114967,5/20/2019 18:31,0.1,0.1,Campfire,0-25,SE,501-1500,Mixed (Hardwoods/Softwoods),64.813972,-147.113874,TRUE,Human
61.3993,-149.844533,5/19/2019 17:01,0.1,0.1,Equipment,0-25,S,0-500,Grass,61.3993,-149.8445333,TRUE,Human
59.061083,-160.384617,5/18/2019 17:53,2,2,Children <12 yoa,0-25,N,0-500,Grass,59.06125,-160.378683,TRUE,Human
64.890617,-147.712533,5/18/2019 13:54,1,1,Debris Burning,0-25,SW,501-1500,Grass,64.890172,-147.709663,TRUE,Human
63.9073333,-145.8685,5/17/2019 15:20,0.1,0.1,Miscellaneous,0-25,South,1501-2500,,63.9083,-145.9796,TRUE,Human
64.9169,-147.8778,5/17/2019 14:13,0.5,0.5,Campfire,0-25,SE,501-1500,Grass,64.916717,-147.877353,TRUE,Human
64.7395,-146.7721944,5/16/2019 21:27,0.1,0.3,Miscellaneous,0-25,South East,1501-2500,,64.74247,-146.7777,TRUE,Human
63.3459,-143.004117,5/16/2019 20:07,0.1,0.1,Miscellaneous,0-25,E,1501-2500,Black Spruce,63.3459,-143.004117,TRUE,Human
64.407783,-146.808383,5/16/2019 16:20,0.1,0.1,Lightning,Unknown,Unknown,Unknown,Unknown,64.42275,-146.856633,TRUE,Natural
64.85865,-147.671183,5/16/2019 15:45,0.3,1.3,Investigated but cause Undetermined,0-25,N,0-500,Grass,64.85865,-147.671183,TRUE,Human
60.5274,-150.889433,5/16/2019 14:33,0.1,0.1,Investigated but cause Undetermined,0-25,NE,0-500,Unknown,60.5274,-150.889433,TRUE,Human
62.78915,-141.311983,5/16/2019 10:16,0.1,0.1,Campfire,0-25,N,1501-2500,Black Spruce,62.80665,-141.361277,TRUE,Human
60.65505,-151.253633,5/15/2019 15:39,0.3,0.4,Debris Burning,0-25,W,0-500,Grass,60.65505,-151.253633,TRUE,Human
63.926667,-145.174517,5/15/2019 15:34,0.1,0.1,Smoking,0-25,N,501-1500,Grass,63.926317,-145.156217,TRUE,Human
63.9901111,-146.4291944,5/15/2019 8:21,15,21.2,Miscellaneous,0-25,Flat,1501-2500,,63.9901,-146.4292,TRUE,Human
61.6566,-149.2139,5/13/2019 13:04,0.1,0.1,Debris Burning,0-25,SE,501-1500,Grass,61.656507,-149.213723,TRUE,Human
60.225983,-151.4026,5/12/2019 13:11,1,0.7,Miscellaneous,0-25,NW,0-500,Grass,60.232198,-151.385927,TRUE,Human
64.13385,-146.13385,5/12/2019 12:40,0.1,0.1,Campfire,0-25,W,501-1500,Other,64.134533,-146.1142,TRUE,Human
61.585033,-149.019033,5/12/2019 11:31,0.1,0.1,Equipment,0-25,SW,0-500,Grass,61.585033,-149.019033,TRUE,Human
62.056423,-145.427391,5/11/2019 17:44,0.1,0.1,Investigated but cause Undetermined,0-25,S,501-1500,Grass,62.0422,-145.42825,TRUE,Human
64.8956667,-150.7546944,5/10/2019 17:09,3,23.8,Lightning,0-25,Flat,0-500,,64.89832,-150.7504,TRUE,Natural
64.8996,-147.409567,5/10/2019 17:05,0.1,0.1,Miscellaneous,0-25,SW,501-1500,Grass,64.901495,-147.409457,TRUE,Human
64.094667,-145.754467,5/10/2019 15:55,0.1,0.1,Debris Burning,0-25,NE,501-1500,Grass,64.094667,-145.754467,TRUE,Human
62.31895,-150.107667,5/10/2019 13:34,0.1,0.1,Miscellaneous,0-25,N,0-500,Grass,62.317667,-150.10775,TRUE,Human
63.900417,-145.291267,5/9/2019 11:37,0.1,4,Prescribed,Unknown,Unknown,Unknown,Unknown,63.900417,-145.291267,TRUE,Prescribed
62.0456944,-145.4661667,5/8/2019 15:13,0.1,0.1,Miscellaneous,0-25,Flat,0501-1500,Grass,62.045683,-145.466167,TRUE,Human
64.047817,-145.727517,5/7/2019 22:35,0.1,0.1,Miscellaneous,0-25,N,501-1500,Mixed (Hardwoods/Softwoods),64.047817,-145.727517,TRUE,Human
64.661383,-148.952083,5/7/2019 18:26,1,0.5,Investigated but cause Undetermined,0-25,N,0-500,Mixed (Hardwoods/Softwoods),64.658583,-148.964233,TRUE,Undetermined
61.61555,-149.493483,5/7/2019 16:54,0.2,0.2,Debris Burning,0-25,N,0-500,Grass,61.615747,-149.492822,TRUE,Human
64.6794722,-146.5601945,5/7/2019 15:02,0.1,0.1,Miscellaneous,0-25,South East,1501-2500,,64.6795,-146.5608,TRUE,Human
64.817923,-147.398592,5/7/2019 13:24,0.5,0.5,Debris Burning,0-25,N,0-500,Mixed (Hardwoods/Softwoods),64.817923,-147.398592,TRUE,Human
64.6999444,-146.5498889,5/5/2019 15:47,0.1,0.1,Miscellaneous,0-25,North West,0501-1500,,64.69994,-146.5499,TRUE,Human
61.478283,-148.8925,5/5/2019 14:34,1.5,2.2,Miscellaneous,0-25,NE,0-500,Grass,61.478217,-148.890675,TRUE,Human
63.8611389,-145.892,5/4/2019 14:56,0.1,0.1,Miscellaneous,0-25,Flat,1501-2500,,63.39245,-146.396,TRUE,Human
64.029033,-145.736433,5/2/2019 16:30,0.2,0.2,Miscellaneous,0-25,NW,501-1500,Mixed (Hardwoods/Softwoods),64.029033,-145.736433,TRUE,Human
61.607567,-149.299983,5/2/2019 15:46,0.1,0.1,Investigated but cause Undetermined,0-25,S,0-500,Grass,61.607567,-149.299983,TRUE,Human
63.8609167,-145.898,5/2/2019 14:49,0.1,0.1,Miscellaneous,0-25,Flat,1501-2500,,63.86097,-145.898,TRUE,Human
61.61935,-149.392267,5/1/2019 15:03,0.2,0.2,Debris Burning,0-25,SW,0-500,Grass,61.61935,-149.392267,TRUE,Human
64.7000278,-146.5498889,5/1/2019 14:15,0.1,3,Miscellaneous,0-25,North West,0501-1500,,64.70005,-146.5501,TRUE,Human
61.632813,-149.36249,5/1/2019 9:55,0.1,0.1,Miscellaneous,0-25,Flat,1501-2500,Unknown,62.0554,-149.604633,TRUE,Human
63.9272222,-146.5101944,5/1/2019 9:37,0,0,,0-25,Flat,1501-2500,,63.92723,-146.5102,TRUE,False Alarm
62.080278,-145.519167,4/30/2019 14:06,0.1,3.4,Investigated but cause Undetermined,0-25,SE,501-1500,Mixed (Hardwoods/Softwoods),62.080333,-145.519167,TRUE,Human
63.9063055,-146.0021111,4/30/2019 12:59,0.1,34740.5,Miscellaneous,0-25,Flat,1501-2500,,63.90094,-146.0236,TRUE,Human
63.327433,-143.0182,4/30/2019 11:58,0.1,0.1,Debris Burning,0-25,Flat,1501-2500,Black Spruce,63.3274333,-143.0182,TRUE,Human
61.5745,-149.388917,4/30/2019 11:08,0.1,0.1,Debris Burning,0-25,NW,0-500,Other,61.54095,-149.2515,TRUE,Human
64.6900833,-146.8223056,4/29/2019 23:07,0.1,0.1,Miscellaneous,0-25,Flat,1501-2500,,64.683333,-146.95,TRUE,Human
64.6900833,-146.8223056,4/29/2019 20:51,0.1,0.1,Miscellaneous,0-25,Flat,1501-2500,Grass,64.683333,-146.95,TRUE,Human
64.6900833,-146.8223056,4/29/2019 20:08,0.1,0.1,Miscellaneous,0-25,Flat,1501-2500,,64.683333,-146.95,TRUE,Human
64.6900833,-146.8223056,4/29/2019 18:50,0.1,0.1,Miscellaneous,0-25,Flat,1501-2500,Spruce,64.683333,-146.583333,TRUE,Human
56.145833,-132.583333,4/29/2019 16:50,0.1,0.1,Under Investigation,Unknown,Unknown,Unknown,Unknown,56.1458333,-132.5833333,TRUE,Human
64.80225,-147.647,4/29/2019 16:29,0.1,0.1,Miscellaneous,0-25,Flat,0-500,Grass,64.80225,-147.647,TRUE,Human
63.865333,-148.755333,4/29/2019 14:33,1.5,1.5,Coal Seam,26-40,NW,1501-2500,Grass,63.865333,-148.755333,TRUE,Natural
63.9935,-148.747,4/29/2019 12:29,3,3,Investigated but cause Undetermined,41-55,S,1501-2500,Grass,63.9825,-148.759167,TRUE,Human
60.4773,-151.186617,4/29/2019 10:39,0.1,0.1,Debris Burning,0-25,W,0-500,Unknown,60.4773,-151.186617,TRUE,Human
61.601408,-149.042732,4/28/2019 21:20,0.1,0.1,Debris Burning,0-25,SW,0-500,Unknown,61.601408,-149.042732,TRUE,Human
60.383783,-151.163183,4/28/2019 17:43,0.1,0.1,Undetermined,0-25,N,0-500,Unknown,60.383783,-151.163183,TRUE,Undetermined
60.478483,-151.033167,4/28/2019 16:12,0.1,0.1,Undetermined,0-25,N,0-500,Grass,60.478483,-151.033167,TRUE,Undetermined
60.288,-151.24325,4/28/2019 15:54,0.1,0.4,Campfire,0-25,N,0-500,Unknown,60.288,-151.24325,TRUE,Human
61.539826,-149.251929,4/28/2019 15:02,0.1,0.1,Investigated but cause Undetermined,0-25,N,0-500,Grass,61.592983,-149.318417,TRUE,Human
63.8359722,-160.7456111,4/28/2019 14:36,0.1,196.2,Equipment Use,0-25,Flat,0-500,,63.85735,-160.7788,TRUE,Human
60.699932,-151.280053,4/27/2019 19:20,2,0.9,Debris Burning,0-25,N,0-500,Unknown,60.699932,-151.280053,TRUE,Human
61.633212,-149.623242,4/27/2019 18:00,0.3,0.1,Debris Burning,0-25,NW,0-500,Unknown,61.633212,-149.623242,TRUE,Human
62.9724,-141.839283,4/27/2019 17:06,0.5,0.5,Debris Burning,0-25,Flat,1501-2500,Grass,62.9724,-141.839283,TRUE,Human
64.0163333,-146.3113056,4/27/2019 16:41,0.1,0.1,Miscellaneous,0-25,Flat,0501-1500,,63.74207,-146.4624,TRUE,Human
58.981833,-159.050667,4/27/2019 15:56,0.1,6.5,Investigated but cause Undetermined,41-55,W,0-500,Grass,58.981833,-159.050667,TRUE,Human
61.63506,-149.62896,4/27/2019 14:52,0.1,0.3,Debris Burning,0-25,W,0-500,Mixed (Hardwoods/Softwoods),61.63506,-149.62896,TRUE,Human
60.0355,-151.660983,4/27/2019 13:18,6,2.5,Debris Burning,0-25,SW,0-500,Grass,60.0355,-151.6609833,TRUE,Human
61.59031,-149.340538,4/27/2019 13:01,0.1,0.1,Debris Burning,0-25,N,0-500,Grass,61.59031,-149.340538,TRUE,Human
61.5818,-149.077667,4/27/2019 12:19,0.2,0.5,Debris Burning,0-25,SW,0-500,Grass,61.581327,-149.079177,TRUE,Human
59.47,-135.3086111,4/27/2019 10:53,0.1,0.2,Equipment,0-25,East,0-500,Grass,59.47,-135.3086111,TRUE,Human
60.652,-151.328117,4/26/2019 18:45,0.2,0.2,Debris Burning,0-25,N,0-500,Grass,60.652,-151.328117,TRUE,Human
63.9243611,-145.6085834,4/26/2019 17:20,0.1,0.1,Miscellaneous,0-25,Flat,0501-1500,,63.92437,-145.6086,TRUE,Human
60.4828,-151.180783,4/26/2019 16:16,0.1,0.1,Debris Burning,0-25,W,0-500,Grass,60.483433,-151.178457,TRUE,Human
61.4806,-149.955267,4/26/2019 13:54,0.2,0.3,Debris Burning,41-55,NE,0-500,Mixed (Hardwoods/Softwoods),61.479418,-149.953335,TRUE,Human
61.556883,-149.770633,4/26/2019 11:49,0.1,0.1,Debris Burning,0-25,E,0-500,Grass,61.556883,-149.770633,TRUE,Human
62.266983,-145.409817,4/26/2019 10:47,0.1,0.1,Miscellaneous,0-25,S,1501-2500,Other,62.266007,-145.409788,TRUE,Human
64.8063889,-147.6138056,4/25/2019 13:18,0.1,0.1,Miscellaneous,0-25,Flat,0-500,Grass,64.80624,-147.6138,TRUE,Human
60.497167,-151.014583,4/24/2019 13:38,0.1,0.1,Undetermined,0-25,Flat,0-500,Grass,60.497167,-151.014583,TRUE,Undetermined
63.9340833,-145.6026111,4/24/2019 8:43,0.1,0.1,Miscellaneous,0-25,Flat,0501-1500,,63.93394,-145.6026,TRUE,Human
64.8069445,-147.6076111,4/22/2019 12:49,0.1,0.1,Miscellaneous,0-25,Flat,0-500,,64.80688,-147.6076,TRUE,Human
64.8068333,-147.6076111,4/22/2019 12:27,0.1,0.1,Miscellaneous,0-25,Flat,0-500,,64.80683,-147.6076,TRUE,Human
64.8068333,-147.6078889,4/22/2019 11:59,0.1,0.1,Miscellaneous,0-25,Flat,0-500,,64.80684,-147.6079,TRUE,Human
61.254495,-149.693353,4/19/2019 14:34,362,1554,Prescribed,0-25,N,0-500,Unknown,61.254495,-149.693353,TRUE,Prescribed
55.761111,-132.491944,4/19/2019 12:00,0.1,0.1,Under Investigation,Unknown,Unknown,Unknown,Unknown,55.7611111,-132.4919444,TRUE,Human
64.974817,-146.232683,4/17/2019 18:29,0.1,0.1,Equipment,0-25,E,501-1500,Grass,64.974817,-146.232683,TRUE,Human
60.476067,-151.187233,4/16/2019 17:08,0.1,0.1,Campfire,0-25,NW,0-500,Grass,60.476067,-151.187233,TRUE,Human
64.8068889,-147.6059167,4/16/2019 11:44,0.1,0.1,Miscellaneous,0-25,Flat,0-500,Grass,64.80696,-147.6075,TRUE,Human
60.8335555,-161.6325556,4/15/2019 18:32,0.1,0.1,Investigated but cause Undetermined,0-25,Flat,0-500,Grass,60.833557,-161.632546,TRUE,Human
64.8068333,-147.6078889,4/15/2019 14:59,0.1,0.1,Miscellaneous,0-25,Flat,0-500,Grass,64.80672,-147.6083,TRUE,Human
64.8067222,-147.6083056,4/15/2019 14:00,0.1,0.1,Miscellaneous,0-25,Flat,0-500,Grass,64.80672,-147.6083,TRUE,Human
61.502733,-149.6611,4/14/2019 17:20,0.1,0.1,Debris Burning,0-25,SE,0-500,Grass,61.502733,-149.6611,TRUE,Human
60.486917,-150.994367,4/14/2019 15:32,0.1,0.1,Debris Burning,0-25,SW,0-500,Other,60.486917,-150.994367,TRUE,Human
61.664781,-149.032279,4/13/2019 16:07,5,34,Debris Burning,0-25,N,0-500,Grass,61.659948,-149.039664,TRUE,Human
61.732717,-148.77285,4/11/2019 14:27,0.1,0.1,Miscellaneous,0-25,E,501-1500,Grass,61.732887,-148.7725,TRUE,Human
63.9646111,-145.7838056,4/9/2019 15:41,0.1,1.2,Miscellaneous,0-25,Flat,0501-1500,,63.96462,-145.7838,TRUE,Human
61.502313,-149.58716,4/9/2019 15:15,0.1,0.1,Debris Burning,26-40,SE,0-500,Grass,61.502313,-149.58716,TRUE,Human
63.9657778,-145.7718889,4/9/2019 14:50,0.1,0.1,Miscellaneous,0-25,Flat,0501-1500,Grass,63.96578,-145.7719,TRUE,Human
64.0564,-145.741833,4/9/2019 12:35,0.2,0.2,Equipment,0-25,W,501-1500,Grass,64.0564,-145.741833,TRUE,Human
61.61565,-149.5105,4/8/2019 17:20,0.1,0.2,Debris Burning,0-25,NW,0-500,Unknown,61.615543,-149.510673,TRUE,Human
62.932367,-143.684383,4/7/2019 16:51,0.1,0.1,Miscellaneous,0-25,Flat,1501-2500,Black Spruce,62.932367,-143.684383,TRUE,Human
61.593948,-149.31807,4/7/2019 13:39,0.3,0.3,Debris Burning,0-25,NW,0-500,Grass,61.593948,-149.31807,TRUE,Human
58.829968,-159.540754,4/7/2019 10:22,0.5,136.1,Campfire,0-25,SW,0-500,Grass,58.9,-159.383333,TRUE,Human
64.908617,-146.4535,4/6/2019 15:44,0.2,3.2,Miscellaneous,0-25,N,501-1500,Grass,64.908617,-146.4535,TRUE,Human
61.588683,-149.366617,4/6/2019 10:05,0.1,0.1,Miscellaneous,0-25,N,0-500,Grass,61.588298,-149.368655,TRUE,Human
60.462683,-151.17775,4/5/2019 23:31,0.1,0.1,Miscellaneous,0-25,NW,0-500,Grass,60.462683,-151.17775,TRUE,Human
61.613967,-149.0666,4/4/2019 11:59,0.1,0.1,Campfire,0-25,SW,501-1500,Unknown,61.613967,-149.0666,TRUE,Human
61.554,-149.305367,4/3/2019 13:05,0.1,0.1,Debris Burning,0-25,SW,0-500,Grass,61.554,-149.305367,TRUE,Human
57.713352,-152.555692,4/2/2019 18:48,0.5,0.8,Miscellaneous,0-25,N,0-500,Grass,57.713352,-152.555692,TRUE,Human
58.530556,-134.828889,3/31/2019 15:30,0.1,0.1,Under Investigation,Unknown,Unknown,Unknown,Unknown,58.530556,-134.828889,TRUE,Human
57.05,-158.61,3/30/2019 20:00,0.5,0.5,Investigated but cause Undetermined,0-25,E,0-500,Grass,57.05,-158.61,TRUE,Human
63.8644722,-145.8993889,3/28/2019 16:26,0.1,0.1,Miscellaneous,0-25,Flat,1501-2500,,63.86432,-145.8994,TRUE,Human
63.8635278,-145.9073889,3/28/2019 16:26,0.1,0.1,Miscellaneous,0-25,Flat,1501-2500,Grass,63.8634,-145.9074,TRUE,Human
63.8648056,-145.9051944,3/25/2019 10:30,0.1,0.1,Miscellaneous,0-25,Flat,1501-2500,,63.86466,-145.9052,TRUE,Human
63.8637222,-145.9003889,3/25/2019 10:00,0.1,0.1,Miscellaneous,0-25,Flat,1501-2500,Grass,63.86372,-145.9004,TRUE,Human
63.8499444,-145.8998889,3/25/2019 8:59,0.1,0.1,Miscellaneous,0-25,Flat,1501-2500,Grass,63.84994,-145.8999,TRUE,Human
63.8629167,-145.9006111,3/25/2019 8:47,0.1,0.1,Miscellaneous,0-25,Flat,1501-2500,Grass,63.86291,-145.9006,TRUE,Human
63.8641945,-145.9078055,3/22/2019 17:07,0.1,0.1,Miscellaneous,0-25,Flat,1501-2500,,63.8642,-145.9078,TRUE,Human
63.8629722,-145.9006944,3/22/2019 12:53,0.1,0.1,Miscellaneous,0-25,Flat,1501-2500,Grass,63.86227,-145.9034,TRUE,Human
63.8625,-145.8939167,3/21/2019 12:18,0.1,0.1,Miscellaneous,0-25,Flat,1501-2500,Grass,63.86227,-145.9034,TRUE,Human
55.410556,-131.724167,2/28/2019 16:15,0.1,0.1,Under Investigation,Unknown,Unknown,Unknown,Unknown,55.4105556,-131.7241667,TRUE,Human
63.934,-145.6026667,2/8/2019 11:50,0.1,13646.1,Prescribed,0-25,Flat,0501-1500,Unknown,63.934,-145.6026667,TRUE,Prescribed
65.0267778,-141.25025,1/1/2019 0:01,0.1,0.1,Lightning,26-40,West,1501-2500,Unknown,65.0267778,-141.25025,TRUE,Natural
60.91,-149.613333,11/16/2018 11:51,,0,Prescribed,Unknown,Unknown,Unknown,Unknown,60.91,-148.613333,TRUE,Prescribed
63.934,-145.6026667,10/26/2018 8:21,0.1,45,Prescribed,0-25,Flat,0501-1500,,63.934,-145.6026667,TRUE,Prescribed
64.9104,-147.06835,10/16/2018 10:18,0.1,0.1,Debris Burning,0-25,NE,501-1500,Grass,64.902833,-147.056833,TRUE,Human
64.299067,-146.683117,10/10/2018 16:08,0.5,0.5,Miscellaneous,0-25,S,501-1500,Mixed (Hardwoods/Softwoods),64.299067,-146.683117,TRUE,Human
58.6280556,-134.9413889,10/10/2018 15:00,0.1,0.1,Camping,0-25,Flat,0-500,Unknown,58.6280556,-134.9413889,TRUE,Human
59.2080556,-135.3638889,10/9/2018 12:30,0.1,0.1,Camping,0-25,South East,0-500,Unknown,59.2080556,-135.3638889,TRUE,Human
63.368733,-143.374583,10/8/2018 8:45,2.3,2.3,Campfire,0-25,N,1501-2500,Grass,63.368733,-143.374583,TRUE,Human
59.3325,-135.532222,10/4/2018 14:00,,0,Under Investigation,Unknown,Unknown,Unknown,Unknown,59.3325,-135.5322222,TRUE,Human
63.95,-146.2833333,10/2/2018 17:30,0.1,0.1,Firearms/Weapons,0-25,Flat,1501-2500,Grass,63.95,-146.2833333,TRUE,Human
64.666917,-148.992683,10/2/2018 16:00,6,6,Equipment,0-25,Flat,0-500,Grass,64.666917,-148.992683,TRUE,Human
64.09035,-145.762917,10/1/2018 14:40,0.1,0.1,Miscellaneous,0-25,NE,501-1500,Black Spruce,64.09035,-145.762917,TRUE,Human
64.031033,-145.516833,10/1/2018 14:33,0.1,0.1,Debris Burning,0-25,N,501-1500,Mixed (Hardwoods/Softwoods),64.031033,-145.516833,TRUE,Human
64.8458333,-147.6205556,9/27/2018 9:23,0.1,41.5,Prescribed,0-25,Flat,0-500,,64.8458333,-147.6205556,TRUE,Prescribed
58.0925,-135.4736111,9/26/2018 10:37,0.1,0.1,Camping,0-25,South,0-500,White Spruce,58.0925,-135.4736111,TRUE,Human
58.386944,-134.765278,9/24/2018 1:45,0.1,0.1,Under Investigation,Unknown,Unknown,Unknown,Unknown,58.3869444,-134.7652778,TRUE,Human
65.71,-144.3325,9/19/2018 11:07,0.1,0.1,Camping,0-25,Flat,0501-1500,,65.6666667,-144.4166667,TRUE,Human
59.384167,-136.051944,9/18/2018 11:24,0.3,0.3,Under Investigation,Unknown,Unknown,Unknown,Unknown,59.3841667,-136.0519444,TRUE,Human
58.608611,-134.924722,9/17/2018 14:50,0.1,0.1,Campfire,Unknown,Unknown,Unknown,Unknown,58.608611,-134.924722,TRUE,Human
66.2355,-147.8666667,9/15/2018 11:15,0.5,0.5,Other Human Cause,0-25,Flat,0-500,,66.2355,-147.8666667,TRUE,Human
61.13325,-149.894,9/15/2018 8:30,0.2,0.2,Debris Burning,0-25,NW,0-500,Grass,61.13325,-149.894,TRUE,Human
61.633643,-150.052813,9/13/2018 21:54,0.1,0.1,Miscellaneous,0-25,NW,0-500,Mixed (Hardwoods/Softwoods),61.633643,-150.052813,TRUE,Human
60.06695,-158.8525,9/13/2018 14:55,0.1,0.1,Miscellaneous,0-25,SW,0-500,Mixed (Hardwoods/Softwoods),60.066944,-158.8525,TRUE,Human
58.4059722,-134.5645833,9/13/2018 11:41,0.1,0.1,Prescribed,0-25,Flat,0-500,,58.4059722,-134.5645833,TRUE,Prescribed
58.313333,-134.666389,9/12/2018 10:00,0.1,0.1,Campfire,Unknown,Unknown,Unknown,Unknown,58.3133333,-134.6663889,TRUE,Human
60.05451,-150.48492,9/10/2018 12:03,0.5,5,Campfire,26-40,W,1501-2500,Other,60.05451,-150.48492,TRUE,Human
66.4899444,-151.2680833,9/8/2018 20:12,1,1,Camping,0-25,Flat,0501-1500,Tundra,66.4899444,-151.2680833,TRUE,Human
55.453889,-133.097778,9/4/2018 13:15,0.2,0.2,Debris Burning,Unknown,Unknown,Unknown,Other,55.4538889,-133.0977778,TRUE,Human
60.555513,-150.614208,9/3/2018 16:05,0.1,0.1,Debris Burning,0-25,W,0-500,Grass,60.555513,-150.614208,TRUE,Human
59.748917,-151.815313,8/31/2018 15:14,0.1,0.1,Miscellaneous,0-25,NW,0-500,Black Spruce,59.748917,-151.815313,TRUE,Human
55.576111,-131.66,8/20/2018 15:55,2,2.1,Debris Burning,Unknown,Unknown,Unknown,Unknown,55.5761111,-131.66,TRUE,Human
60.615667,-149.775833,8/18/2018 9:45,0.1,0.1,Miscellaneous,Unknown,Unknown,Unknown,Unknown,60.616667,-149.75,TRUE,Human
61.73855,-144.944417,8/13/2018 11:19,0.1,0.1,Miscellaneous,0-25,Flat,501-1500,Mixed (Hardwoods/Softwoods),61.744627,-144.953072,TRUE,Human
64.910283,-147.935617,8/12/2018 19:09,0.5,0.5,Undetermined,0-25,N,501-1500,Black Spruce,64.910283,-147.935617,TRUE,Undetermined
60.653433,-151.3463,8/10/2018 5:57,0.1,0.5,Debris Burning,0-25,NE,0-500,Unknown,60.653433,-151.3463,TRUE,Human
58.598889,-134.913333,8/1/2018 13:10,0.1,0.1,Campfire,Unknown,Unknown,Unknown,Unknown,58.5988889,-134.9133333,TRUE,Human
64.9554,-148.19685,7/31/2018 14:10,0.1,0.1,Smoking,0-25,NW,501-1500,Other,64.978277,-148.012857,TRUE,Human
61.469333,-148.629167,7/31/2018 8:03,0.1,1.3,Campfire,56-75,S,501-1500,Grass,61.517846,-148.672129,TRUE,Human
59.420556,-135.335556,7/30/2018 12:40,0.1,0.1,Smoking,Unknown,Unknown,Unknown,Unknown,59.4205556,-135.3355556,TRUE,Human
62.1707,-150.052917,7/29/2018 17:20,0.1,0.1,Debris Burning,0-25,SE,0-500,Grass,62.172453,-150.052548,TRUE,Human
61.430833,-143.716833,7/29/2018 11:51,0.1,0.1,Campfire,0-25,SW,501-1500,Other,61.430833,-143.716833,TRUE,Human
61.81365,-147.955167,7/27/2018 14:06,0.1,0.1,Campfire,26-40,SE,1501-2500,Hardwoods,61.81365,-147.955167,TRUE,Human
60.728333,-149.281667,7/27/2018 12:27,0.2,0.2,Campfire,Unknown,Unknown,501-1500,Unknown,60.725,-149.285,TRUE,Human
65.6185278,-157.6680556,7/25/2018 19:12,20,55.5,Lightning,0-25,Flat,0-500,Black Spruce,65.6191667,-157.6701667,TRUE,Natural
61.575283,-149.63535,7/24/2018 19:27,0.1,0.1,Debris Burning,0-25,S,0-500,Other,61.580177,-149.632052,TRUE,Human
65.3571667,-143.454,7/24/2018 17:45,5,148.6,Lightning,0-25,Flat,0501-1500,,65.3571667,-143.454,TRUE,Natural
63.9666666,-146.4521667,7/24/2018 14:57,0.5,0.5,Firearms/Weapons,0-25,Flat,1501-2500,,63.9666666,-146.4521667,TRUE,Human
58.603333,-134.93,7/24/2018 13:00,0.1,0.1,Campfire,Unknown,Unknown,Unknown,Unknown,58.6033333,-134.93,TRUE,Human
65.3324444,-142.9405,7/24/2018 11:59,0.5,7869,Lightning,0-25,Flat,0501-1500,,65.3321667,-142.946,TRUE,Natural
65.3681111,-143.2271667,7/24/2018 11:50,2,270,Lightning,0-25,South,0501-1500,,65.3693333,-143.2285,TRUE,Natural
66.0735,-156.5985278,7/24/2018 11:45,0.1,3.2,Lightning,0-25,Flat,0-500,Black Spruce,66.0741667,-156.6025,TRUE,Natural
66.6643611,-157.4138056,7/23/2018 20:23,9,9.1,Lightning,0-25,Flat,0501-1500,,66.0666389,-157.0416111,TRUE,Natural
65.3151111,-143.2623056,7/23/2018 19:00,0.1,813.3,Lightning,0-25,South,1501-2500,,65.303,-143.2833333,TRUE,Natural
67.1009444,-157.09025,7/23/2018 18:49,2,5.2,Lightning,0-25,Flat,0501-1500,Tundra,67.0933333,-157.1216667,TRUE,Natural
65.3866667,-155.0755,7/23/2018 18:40,200,3044.5,Lightning,0-25,Flat,0501-1500,Black Spruce,65.3866667,-155.0755,TRUE,Natural
62.830467,-142.359967,7/23/2018 12:47,0.1,27193.6,Undetermined,0-25,N,1501-2500,Mixed (Hardwoods/Softwoods),63.202887,-142.799407,TRUE,Undetermined
64.9586111,-143.5275,7/23/2018 11:44,0.1,560.4,Cause and Origin Not Identified,0-25,Flat,1501-2500,,64.9526667,-143.5165833,TRUE,?
66.0358333,-154.4133333,7/23/2018 8:57,25,32.4,Lightning,0-25,South East,0501-1500,,66.0358333,-154.4133333,TRUE,Natural
61.671233,-144.675583,7/22/2018 14:10,0.1,0.1,Equipment,0-25,N,501-1500,Grass,61.671233,-144.675583,TRUE,Human
63.9526667,-146.5692778,7/21/2018 12:26,0.1,0.1,Firearms/Weapons,0-25,South,1501-2500,,63.9526667,-146.5692778,TRUE,Human
60.444543,-151.108702,7/20/2018 15:28,0.1,0.1,Debris Burning,0-25,NE,0-500,Other,60.444543,-151.108702,TRUE,Human
61.605867,-149.5462,7/19/2018 22:56,0.2,0.2,Undetermined,0-25,SE,0-500,Grass,61.605867,-149.5462,TRUE,Undetermined
63.2196,-143.04005,7/19/2018 8:30,0.1,0.1,Campfire,0-25,S,1501-2500,Other,63.2196,-143.04005,TRUE,Human
61.734488,-150.046978,7/18/2018 19:10,0.1,0.1,Equipment,0-25,NW,0-500,Hardwoods,61.734488,-150.046978,TRUE,Human
63.376533,-143.3373,7/18/2018 14:43,0.1,0.1,Campfire,0-25,N,1501-2500,Grass,63.376533,-143.3373,TRUE,Human
62.107733,-145.545183,7/18/2018 12:53,0.1,0.1,Campfire,0-25,S,501-1500,Black Spruce,62.1077333,-145.5451833,TRUE,Human
61.562233,-149.740783,7/16/2018 21:30,0.1,0.1,Children,0-25,N,0-500,Mixed (Hardwoods/Softwoods),61.562233,-149.740783,TRUE,Human
61.447667,-148.798733,7/16/2018 13:22,1,5.7,Undetermined,0-25,NE,0-500,Grass,61.44495,-148.804517,TRUE,Undetermined
64.704117,-148.301883,7/14/2018 21:51,0.1,0.1,Miscellaneous,41-55,S,501-1500,Grass,64.75,-148.230556,TRUE,Human
63.389383,-143.788733,7/14/2018 9:33,0.1,0.1,Miscellaneous,26-40,NE,1501-2500,Black Spruce,63.383833,-143.789167,TRUE,Human
62.939933,-143.35745,7/13/2018 17:10,0.2,0.2,Campfire,0-25,NW,1501-2500,Black Spruce,62.939933,-143.35745,TRUE,Human
60.485,-150.275833,7/13/2018 13:44,0.1,0.1,Campfire,0-25,E,0-500,Unknown,60.485,-150.275833,TRUE,Human
61.565992,-149.591008,7/12/2018 16:35,0.1,0.1,Undetermined,0-25,SE,0-500,Grass,61.565992,-149.591008,TRUE,Undetermined
60.255667,-151.173467,7/12/2018 11:49,0.1,0.1,Undetermined,0-25,S,0-500,Grass,53,-148,TRUE,Undetermined
58.603333,-134.921111,7/12/2018 9:26,0.1,0.1,Campfire,Unknown,Unknown,Unknown,Unknown,58.6033333,-134.9211111,TRUE,Human
66.7725,-144.7118889,7/11/2018 15:00,0.3,0.3,Lightning,0-25,Flat,0-500,Tundra,66.7665556,-144.7013333,TRUE,Natural
60.478583,-150.214333,7/11/2018 9:13,0.1,0.1,Campfire,41-55,S,0-500,Black Spruce,60.478583,-150.214333,TRUE,Human
58.597222,-134.914167,7/10/2018 13:51,0.1,0.1,Campfire,Unknown,Unknown,Unknown,Unknown,58.5972222,-134.9141667,TRUE,Human
64.0119,-145.48215,7/9/2018 17:33,0.1,9,Miscellaneous,0-25,N,501-1500,Other,64.011533,-145.48195,TRUE,Human
58.603056,-134.921667,7/9/2018 13:22,0.1,0.1,Campfire,Unknown,Unknown,Unknown,Unknown,58.6030556,-134.9216667,TRUE,Human
61.724317,-150.08595,7/9/2018 8:55,0.1,0.1,Miscellaneous,0-25,NW,0-500,Hardwoods,61.724317,-150.08595,TRUE,Human
61.673883,-149.956417,7/7/2018 20:26,0.1,0.1,Miscellaneous,0-25,W,0-500,Hardwoods,61.673883,-149.956417,TRUE,Human
61.563383,-148.9329,7/7/2018 16:05,2,0.9,Miscellaneous,0-25,SW,0-500,Grass,61.584995,-149.012997,TRUE,Human
64.780867,-148.06245,7/7/2018 16:02,1,1,Debris Burning,0-25,E,501-1500,Black Spruce,64.78175,-148.060667,TRUE,Human
61.697958,-148.828602,7/6/2018 19:52,0.1,0.1,Campfire,0-25,SW,0-500,Other,61.6981333,-148.8253667,TRUE,Human
61.438059,-143.718588,7/6/2018 14:08,0.1,0.1,Campfire,26-40,W,501-1500,Other,61.438059,-143.718588,TRUE,Human
61.581848,-149.657822,7/6/2018 8:20,0.1,0.1,Undetermined,0-25,NW,0-500,Grass,61.581848,-149.657822,TRUE,Undetermined
65.6981667,-160.398,7/5/2018 20:40,0.1,0.1,Lightning,0-25,Flat,0-500,,65.6981667,-160.398,TRUE,Natural
65.3452778,-164.9369444,7/5/2018 20:24,15.1,15.1,Lightning,0-25,Flat,0-500,,65.345,-164.935,TRUE,Natural
64.8066667,-160.2161111,7/5/2018 20:20,75.8,75.8,Lightning,0-25,West,0501-1500,,64.8063611,-160.2208333,TRUE,Natural
61.611602,-149.064097,7/5/2018 19:48,0.2,0.2,Debris Burning,0-25,S,0-500,Grass,61.61053,-149.064158,TRUE,Human
65.5016667,-164.433,7/5/2018 19:03,2,49.7,Other Human Cause,0-25,Flat,0501-1500,Tundra,65.5402778,-164.7116944,TRUE,Human
55.3552778,-132.5036111,7/5/2018 18:20,0.3,0.3,Miscellaneous,0-25,North,0-500,Unknown,55.3552778,-132.5036111,TRUE,Human
60.438133,-150.217333,7/5/2018 16:16,0.1,0.1,Campfire,0-25,SE,0-500,Other,60.438133,-150.217333,TRUE,Human
58.56333,-134.87611,7/5/2018 14:24,0.1,0.1,Debris Burning,Unknown,Unknown,Unknown,Unknown,58.5633333,-134.8761111,TRUE,Human
61.610383,-149.112967,7/4/2018 19:34,0.1,0.1,Miscellaneous,0-25,S,0-500,Grass,61.610223,-149.112132,TRUE,Human
60.9313,-149.542583,7/4/2018 15:00,0.1,0.1,Campfire,Unknown,Unknown,Unknown,Unknown,60.9313,-149.542583,TRUE,Human
61.45615,-149.3669,7/4/2018 13:49,0.1,0.3,Undetermined,0-25,N,0-500,Grass,61.456643,-149.368122,TRUE,Undetermined
61.575983,-149.817917,7/4/2018 9:02,0.1,0.1,Debris Burning,0-25,SW,0-500,Grass,61.576618,-149.820278,TRUE,Human
61.6088,-149.1046,7/3/2018 21:44,0.1,0.3,Debris Burning,0-25,SW,0-500,Grass,61.608682,-149.104245,TRUE,Human
61.488117,-149.985167,7/3/2018 21:20,0.1,0.1,Miscellaneous,0-25,NW,0-500,Grass,61.489317,-149.987217,TRUE,Human
61.595433,-149.11355,7/3/2018 15:56,0.2,0.2,Undetermined,0-25,S,0-500,Grass,61.595433,-149.11355,TRUE,Undetermined
68.5580556,-164.4516667,7/3/2018 0:00,0.1,690,Lightning,0-25,Flat,0501-1500,,68.5580556,-164.4516667, ,Natural
61.555783,-149.2426,7/2/2018 17:41,0.3,0.3,Undetermined,0-25,NW,0-500,Grass,61.552767,-149.226843,TRUE,Undetermined
66.6333333,-144.0989444,7/2/2018 12:52,2.5,100.6,Lightning,0-25,Flat,0-500,,66.6333333,-144.0989444,TRUE,Natural
66.4131667,-143.6461667,7/2/2018 11:39,0.1,2370.3,Lightning,0-25,Flat,0501-1500,,66.4,-143.6,TRUE,Natural
58.48,-134.787778,7/1/2018 20:15,0.1,0.1,Campfire,Unknown,Unknown,Unknown,Unknown,58.48,-134.7877778,TRUE,Human
67.1601667,-150.9778333,7/1/2018 15:29,0.1,736.3,Lightning,0-25,East,0501-1500,,67.1666667,-151.4166667,TRUE,Natural
66.8638334,-142.2068611,7/1/2018 14:40,2,28652.6,Lightning,0-25,Flat,0501-1500,,66.8638334,-142.2068611,TRUE,Natural
61.53849,-149.593412,7/1/2018 13:49,0.1,0.2,Children,0-25,SW,0-500,Unknown,61.53849,-149.593412,TRUE,Human
61.521963,-149.510077,6/30/2018 19:02,0.1,0.1,Debris Burning,0-25,S,0-500,Grass,61.521963,-149.510077,TRUE,Human
66.6325833,-144.9716666,6/29/2018 23:05,0.1,0.1,Camping,0-25,Flat,0-500,Mixed Trees,66.6031667,-144.972,TRUE,Human
61.731483,-148.747783,6/28/2018 17:40,0.1,0.1,Campfire,26-40,NW,501-1500,Mixed (Hardwoods/Softwoods),61.731483,-148.747783,TRUE,Human
61.16232,-149.92063,6/28/2018 15:12,0.3,0.3,Miscellaneous,0-25,NE,0-500,Black Spruce,61.159133,-149.921918,TRUE,Human
64.7049167,-146.5576945,6/28/2018 14:29,50,1,Firearms/Weapons,0-25,Flat,0501-1500,Tundra,64.7108889,-146.5846111,TRUE,Human
64.6970833,-146.548,6/27/2018 19:28,0.2,15,Firearms/Weapons,0-25,North West,0501-1500,Tundra,64.6926389,-146.57,TRUE,Human
64.7023055,-146.57175,6/27/2018 19:25,0.3,0.3,Firearms/Weapons,0-25,Flat,0501-1500,Tussock,64.6997778,-146.5823056,TRUE,Human
64.7369,-148.633783,6/27/2018 15:37,0.2,0.1,Undetermined,0-25,N,0-500,Hardwoods,64.730967,-148.600067,TRUE,Undetermined
64.781347,-147.306703,6/27/2018 15:32,0.1,0.1,Debris Burning,0-25,Flat,0-500,Black Spruce,64.781347,-147.306703,TRUE,Human
66.4768889,-157.5844166,6/27/2018 14:05,10,65.2,Lightning,0-25,Flat,0-500,Tundra,66.4758333,-157.5845,TRUE,Natural
66.3136667,-158.7325,6/27/2018 13:42,3,3,Lightning,0-25,Flat,0-500,Tundra,66.3136667,-158.7325,TRUE,Natural
66.3063333,-158.7188333,6/27/2018 13:40,0.1,0.1,Lightning,0-25,Flat,0-500,,66.3063333,-158.7188333,TRUE,Natural
65.8315,-158.1376667,6/26/2018 23:44,3,3,Lightning,0-25,Flat,0-500,Black Spruce,65.8315,-158.1376667,TRUE,Natural
66.9266667,-160.2621667,6/26/2018 22:52,0.1,0.1,Lightning,0-25,Flat,0-500,,66.9266667,-160.2621667,TRUE,Natural
66.8853333,-160.3853333,6/26/2018 22:43,0.1,0.1,Lightning,0-25,Flat,0-500,,66.8853333,-160.3853333,TRUE,Natural
65.3473333,-148.2753333,6/26/2018 21:33,0.1,0.4,Lightning,0-25,Flat,0501-1500,Black Spruce,65.3483333,-148.2763889,TRUE,Natural
66.8841667,-160.4141667,6/26/2018 20:40,0.1,0.1,Lightning,0-25,North,0-500,,66.9,-160.55,TRUE,Natural
63.5308333,-162.3011111,6/26/2018 18:40,10,25,Cause and Origin Not Identified,26-40,West,0-500,,63.5308333,-162.3011111,TRUE,?
63.753333,-155.625917,6/26/2018 17:39,36.5,36.5,Lightning,0-25,NW,501-1500,Black Spruce,63.753333,-155.625917,TRUE,Natural
64.7016111,-146.56975,6/26/2018 10:28,0.1,5,Incendiary,0-25,Flat,0501-1500,,64.7041944,-146.562,TRUE,Human
58.604722,-134.924444,6/25/2018 13:17,0.1,0.1,Campfire,Unknown,Unknown,Unknown,Unknown,58.6047222,-134.9244444,TRUE,Human
63.5507222,-156.9973333,6/25/2018 11:07,15.4,15.4,Lightning,0-25,Flat,0-500,Tundra,63.5507222,-156.9973333,TRUE,Natural
61.8118,-148.14385,6/24/2018 14:31,0.2,0.2,Equipment,0-25,NE,1501-2500,Hardwoods,61.8118,-148.14385,TRUE,Human
60.524567,-150.60665,6/23/2018 11:39,0.1,0.1,Undetermined,0-25,S,0-500,Other,60.524567,-150.60665,TRUE,Undetermined
56.2827778,-132.3422222,6/21/2018 21:30,0.1,0.1,Campfire,0-25,West,0501-1500,Tundra,56.2827778,-132.3422222,TRUE,Human
63.465333,-142.539817,6/21/2018 17:48,0.1,0.1,Lightning,0-25,NE,1501-2500,Mixed (Hardwoods/Softwoods),63.463167,-142.563167,TRUE,Natural
64.025167,-141.300513,6/21/2018 17:20,10,31.3,Lightning,26-40,S,2501-3500,Black Spruce,64.080962,-141.016278,TRUE,Natural
63.713933,-142.541417,6/21/2018 15:57,10,123,Lightning,0-25,NE,1501-2500,Black Spruce,63.7296667,-142.5541667,TRUE,Natural
60.913833,-149.4648,6/21/2018 13:19,0.1,0.1,Campfire,Unknown,Unknown,Unknown,Unknown,60.913833,-149.4648,TRUE,Human
64.069867,-145.717067,6/21/2018 11:30,0.1,0.1,Debris Burning,0-25,NW,501-1500,Other,64.069867,-145.717067,TRUE,Human
58.603056,-134.920278,6/21/2018 10:34,0.1,0.1,Campfire,Unknown,Unknown,Unknown,Other,58.6030556,-134.9202778,TRUE,Human
64.802633,-147.745917,6/20/2018 20:30,0.5,0.5,Equipment,0-25,Flat,0-500,Black Spruce,64.802633,-147.745917,TRUE,Human
64.443667,-146.626183,6/20/2018 17:59,2.5,2.5,Lightning,0-25,SE,501-1500,Black Spruce,64.47765,-146.781783,TRUE,Natural
58.399167,-134.546111,6/20/2018 16:02,0.1,0.1,Children,Unknown,Unknown,Unknown,Unknown,58.3991667,-134.5461111,TRUE,Human
64.6746945,-148.1896389,6/20/2018 12:21,0.3,1.3,Other Human Cause,0-25,Flat,0-500,Unknown,64.667433,-148.2974,TRUE,Human
55.411389,-131.7275,6/20/2018 11:06,0.3,0.3,Debris Burning,Unknown,Unknown,Unknown,Other,55.4113889,-131.7275,TRUE,Human
61.982067,-145.329467,6/19/2018 17:20,0.1,0.1,Miscellaneous,0-25,E,501-1500,Hardwoods,61.982067,-145.329467,TRUE,Human
62.542833,-154.199167,6/19/2018 12:14,4.5,4.5,Lightning,0-25,SW,501-1500,Black Spruce,62.542833,-154.199167,TRUE,Natural
63.927778,-148.873611,6/19/2018 9:59,5,763.1,Miscellaneous,41-55,SE,1501-2500,Unknown,63.935278,-148.872222,TRUE,Human
62.353233,-145.17035,6/18/2018 18:00,0.1,0.1,Miscellaneous,0-25,N,1501-2500,Black Spruce,62.353233,-145.17035,TRUE,Human
64.0165,-146.3118333,6/18/2018 16:56,0.3,0.3,Firearms/Weapons,0-25,Flat,0501-1500,,64.0165,-146.3118333,TRUE,Human
64.136683,-145.82725,6/18/2018 16:10,0.1,0.1,Miscellaneous,0-25,W,501-1500,Mixed (Hardwoods/Softwoods),64.136683,-145.82725,TRUE,Human
64.111883,-145.776367,6/18/2018 15:40,0.1,0.1,Miscellaneous,0-25,N,501-1500,Mixed (Hardwoods/Softwoods),64.111883,-145.776367,TRUE,Human
64.1323,-145.75115,6/18/2018 15:05,0.1,0.1,Miscellaneous,0-25,N,501-1500,Mixed (Hardwoods/Softwoods),64.1323,-145.75115,TRUE,Human
64.1565,-145.8275,6/18/2018 14:23,0.1,0.1,Miscellaneous,0-25,N,501-1500,Black Spruce,64.1565,-145.8275,TRUE,Human
64.09755,-145.761167,6/18/2018 13:39,0.1,0.2,Miscellaneous,0-25,NE,501-1500,Mixed (Hardwoods/Softwoods),64.09755,-145.761167,TRUE,Human
64.092667,-145.765683,6/18/2018 12:25,0.1,0.1,Miscellaneous,0-25,NE,501-1500,Mixed (Hardwoods/Softwoods),64.092667,-145.765683,TRUE,Human
65.4491667,-148.0633333,6/15/2018 14:31,15,57.9,Lightning,0-25,Flat,0501-1500,,65.4491667,-148.0633333,TRUE,Natural
66.6091389,-145.4606944,6/15/2018 10:34,0.3,1.1,Camping,0-25,Flat,0-500,White Spruce,66.6078611,-145.4548611,TRUE,Human
63.2868333,-152.4951667,6/14/2018 20:40,250,17798.9,Lightning,0-25,Flat,0501-1500,,63.2581667,-152.611,TRUE,Natural
65.3268333,-164.7625,6/13/2018 17:00,58.9,58.9,Lightning,0-25,Flat,0501-1500,,65.3268333,-164.7625,TRUE,Natural
65.3143333,-164.7776667,6/13/2018 17:00,20,67.5,Lightning,0-25,Flat,0501-1500,,65.3143333,-164.7776667,TRUE,Natural
65.1517778,-164.7805555,6/13/2018 16:26,5.2,5.2,Lightning,0-25,Flat,0-500,,65.1515,-164.7836667,TRUE,Natural
65.5497223,-163.4773333,6/13/2018 16:00,2.9,2.9,Lightning,0-25,Flat,0501-1500,,65.5505,-163.4773333,TRUE,Natural
59.96482,-162.917906,6/13/2018 8:30,0.1,26.5,Debris Burning,0-25,N,0-500,Grass,59.965833,-162.921389,TRUE,Human
63.013056,-154.375556,6/12/2018 16:28,0.1,0.1,Undetermined,0-25,SE,0-500,Black Spruce,63.013056,-154.375556,TRUE,Undetermined
59.7834,-154.9171,6/12/2018 15:15,0.5,0.5,Undetermined,26-40,NE,1501-2500,Grass,60.309444,-155.536389,TRUE,Undetermined
61.9614722,-162.9423611,6/11/2018 20:33,0.1,0.1,Debris/Open Burning,0-25,Flat,0-500,,61.9614722,-162.9423611,TRUE,Human
63.6776667,-154.034,6/11/2018 18:15,0.1,29714.4,Lightning,26-40,South West,1501-2500,,63.6791667,-154.0202778,TRUE,Natural
66.5725,-155.0916667,6/11/2018 14:00,545,545.7,Lightning,0-25,Flat,0501-1500,Black Spruce,66.5666667,-155.0833333,TRUE,Natural
63.7259722,-158.2532222,6/10/2018 18:24,10,295.2,Lightning,0-25,Flat,0-500,,63.7259722,-158.2532222,TRUE,Natural
61.59105,-149.537083,6/10/2018 16:39,0.1,0.2,Children,0-25,SW,0-500,Mixed (Hardwoods/Softwoods),61.590807,-149.536787,TRUE,Human
61.400938,-143.011933,6/10/2018 16:34,0.1,0.1,Miscellaneous,0-25,SE,501-1500,Live White Spruce,61.400938,-143.011933,TRUE,Human
61.5713,-149.133568,6/10/2018 15:28,0.3,0.3,Equipment,0-25,S,0-500,Grass,61.570917,-149.133568,TRUE,Human
64.792167,-147.68945,6/10/2018 10:44,0.1,1,Miscellaneous,0-25,Flat,0-500,Grass,64.792167,-147.68945,TRUE,Human
61.634267,-149.474183,6/10/2018 10:19,0.1,0.1,Equipment,0-25,NE,0-500,Other,61.638608,-149.481388,TRUE,Human
64.2490278,-159.7856389,6/9/2018 21:20,15,3409.6,Lightning,0-25,Flat,0501-1500,,64.2490278,-159.7856389,TRUE,Natural
64.9485,-151.4825,6/9/2018 16:47,5,277.9,Lightning,0-25,Flat,0-500,,64.9485,-151.4825,TRUE,Natural
64.2342778,-150.8449722,6/9/2018 16:28,0.1,2551.5,Lightning,0-25,Flat,0501-1500,Tundra,64.2342778,-150.8449722,TRUE,Natural
62.582183,-154.050383,6/8/2018 20:12,32.2,32.2,Lightning,0-25,W,501-1500,Grass,62.5845,-154.052667,TRUE,Natural
60.4971,-151.014533,6/8/2018 19:15,0.1,0.1,Campfire,0-25,W,0-500,Unknown,60.4971,-151.014533,TRUE,Human
63.7556667,-152.766,6/8/2018 17:02,0.1,311.1,Lightning,0-25,Flat,0501-1500,,63.7556667,-152.766,TRUE,Natural
63.8516667,-152.3846667,6/8/2018 16:04,0.1,35.4,Lightning,0-25,Flat,0501-1500,,63.847,-152.3123889,TRUE,Natural
64.366,-151.2451667,6/8/2018 14:32,0.1,3.2,Lightning,0-25,Flat,0501-1500,,64.3833333,-151.2,TRUE,Natural
65.5813333,-160.5895,6/8/2018 13:50,20,50.5,Lightning,0-25,Flat,0-500,,65.5813333,-160.5895,TRUE,Natural
65.049167,-147.720833,6/8/2018 13:34,0.1,0.1,Lightning,0-25,Flat,501-1500,Black Spruce,65.06305,-147.758889,TRUE,Natural
66.7113333,-158.2051667,6/8/2018 13:20,0,0,Cause and Origin Not Identified,0-25,Flat,0-500,,66.7113333,-158.2051667,TRUE,?
61.429267,-158.999933,6/8/2018 13:08,1.5,1.9,Lightning,0-25,W,0-500,Grass,61.431667,-158.998333,TRUE,Natural
64.6395,-163.0976667,6/8/2018 11:55,12,318.4,Lightning,0-25,Flat,0-500,,64.6395,-163.0976667,TRUE,Natural
59.68465,-151.39415,6/8/2018 11:16,1,0.4,Debris Burning,0-25,SE,0-500,Grass,59.68465,-151.39415,TRUE,Human
66.7129167,-158.2094722,6/7/2018 18:28,350,837.2,Lightning,0-25,Flat,0-500,,66.7129167,-158.2094722,TRUE,Natural
64.8143333,-151.1413333,6/7/2018 16:09,150,54930.9,Lightning,0-25,Flat,0501-1500,Black Spruce,64.8143333,-151.1413333,TRUE,Natural
63.2018333,-159.8556667,6/7/2018 15:07,0.1,2.4,Lightning,0-25,East,0-500,Mixed Trees,63.2001667,-159.8556667,TRUE,Natural
63.4977778,-158.9523333,6/7/2018 14:45,0.1,317.3,Lightning,0-25,Flat,0-500,Black Spruce,63.4993333,-158.9523333,TRUE,Natural
63.734333,-155.645,6/6/2018 23:08,200,170.8,Lightning,0-25,SE,501-1500,Mixed (Hardwoods/Softwoods),63.734333,-155.645,TRUE,Natural
63.714217,-154.70345,6/6/2018 23:03,3,1.9,Lightning,0-25,NW,501-1500,Dead White Spruce,63.714333,-154.703,TRUE,Natural
63.9615,-154.0138333,6/6/2018 22:48,0.5,0.5,Lightning,0-25,Flat,0-500,White Spruce,63.9615,-154.0138333,TRUE,Natural
65.63,-153.28,6/6/2018 22:13,30,28,Lightning,0-25,Flat,0501-1500,,65.63,-153.28,TRUE,Natural
66.4161111,-157.4646111,6/6/2018 20:53,50,2676,Lightning,0-25,Flat,0501-1500,Tundra,66.6833333,-157.55,TRUE,Natural
67.0748333,-157.4725,6/6/2018 20:47,15,876.4,Lightning,0-25,Flat,0-500,Tundra,67.0748333,-157.4725,TRUE,Natural
65.6231667,-159.764,6/6/2018 20:15,0.1,0.1,Lightning,0-25,Flat,0501-1500,Tundra,65.6231667,-159.764,TRUE,Natural
65.1666667,-166.4166667,6/6/2018 20:01,0,0,Cause and Origin Not Identified,0-25,Flat,0-500,,65.1666667,-166.4166667,TRUE,?
62.170446,-159.157117,6/6/2018 17:42,50,336.6,Lightning,0-25,N,0-500,Grass,62.216667,-159.716667,TRUE,Natural
62.875167,-155.910167,6/6/2018 17:19,0.1,0.1,Lightning,0-25,N,501-1500,Grass,62.875167,-155.910167,TRUE,Natural
64.9831666,-156.9126666,6/6/2018 16:52,2,4.8,Lightning,0-25,Flat,0-500,Black Spruce,64.9831666,-156.9126666,TRUE,Natural
61.49775,-158.683783,6/6/2018 16:38,0.5,306.4,Lightning,0-25,N,0-500,Black Spruce,61.486533,-158.684833,TRUE,Natural
61.373167,-159.143,6/6/2018 16:37,0.1,75.8,Lightning,0-25,NE,0-500,Other,61.373167,-159.143,TRUE,Natural
61.378983,-159.106083,6/6/2018 16:36,0.1,2.5,Lightning,0-25,W,0-500,Other,61.379167,-159.104667,TRUE,Natural
61.394167,-159.068167,6/6/2018 16:21,0.1,0.1,Lightning,0-25,N,0-500,Other,61.394167,-159.068167,TRUE,Natural
61.41315,-159.127067,6/6/2018 16:21,0.1,7.4,Lightning,0-25,NE,0-500,Other,61.412167,-159.126,TRUE,Natural
61.426433,-159.127083,6/6/2018 16:20,0.1,17.3,Lightning,0-25,N,0-500,Black Spruce,61.426333,-159.126,TRUE,Natural
61.508364,-159.222532,6/6/2018 16:14,0.5,213,Lightning,0-25,NE,0-500,Other,61.507333,-159.211833,TRUE,Natural
63.8336666,-150.8638889,6/6/2018 15:00,4,4.5,Lightning,0-25,Flat,0501-1500,,63.8335555,-150.8648334,TRUE,Natural
63.1251,-143.00845,6/6/2018 14:53,0.1,0.1,Lightning,0-25,S,2501-3500,Black Spruce,63.1252,-143.0083167,TRUE,Natural
66.7520556,-145.9309445,6/6/2018 14:03,8,63,Lightning,0-25,Flat,0-500,Mixed Trees,66.7492778,-145.9315,TRUE,Natural
65.2858333,-155.3441667,6/6/2018 12:50,10,44363.6,Lightning,0-25,Flat,0501-1500,,65.2858333,-155.3441667,TRUE,Natural
65.9098333,-151.7646667,6/6/2018 12:30,600,11305.6,Lightning,0-25,Flat,2501-3500,Tundra,65.8666667,-151.4666667,TRUE,Natural
62.1331667,-161.3069445,6/6/2018 11:45,2,451.9,Lightning,0-25,Flat,0-500,Black Spruce,62.1275833,-161.3262222,TRUE,Natural
65.4713333,-153.6875,6/6/2018 11:35,50,28017.9,Lightning,0-25,Flat,1501-2500,Tundra,65.4713333,-153.6875,TRUE,Natural
61.286167,-161.839333,6/6/2018 10:32,5,446.1,Lightning,0-25,SE,0-500,Other,61.286167,-161.839333,TRUE,Natural
61.163817,-164.92475,6/6/2018 9:52,0.1,0.1,Lightning,0-25,SE,0-500,Grass,61.163817,-164.92475,TRUE,Natural
61.36975,-155.92145,6/6/2018 9:44,50,81.2,Lightning,0-25,W,501-1500,Black Spruce,61.36975,-155.92145,TRUE,Natural
61.269483,-156.247233,6/6/2018 8:35,5,10453.7,Lightning,0-25,E,501-1500,Dead White Spruce,61.270083,-156.247133,TRUE,Natural
62.1585,-155.157167,6/6/2018 8:06,30,105.8,Lightning,0-25,E,501-1500,Dead White Spruce,62.1585,-155.157167,TRUE,Natural
63.9463056,-160.6917222,6/5/2018 23:05,0.1,0.1,Lightning,0-25,Flat,0-500,,63.6833333,-160.0833333,TRUE,Natural
65.6651666,-159.7656667,6/5/2018 21:38,1,186.2,Lightning,0-25,Flat,0-500,Tundra,65.6651666,-159.7656667,TRUE,Natural
63.981333,-149.938667,6/5/2018 20:50,60.5,60.5,Lightning,0-25,Flat,1501-2500,Black Spruce,63.981333,-149.938667,TRUE,Natural
63.9702222,-150.8142778,6/5/2018 20:18,40,420.5,Lightning,0-25,Flat,0501-1500,,63.9726666,-150.8096667,TRUE,Natural
62.004867,-158.618083,6/5/2018 19:50,10,2.1,Lightning,0-25,E,501-1500,Black Spruce,62.004667,-158.613633,TRUE,Natural
64.884333,-148.041,6/5/2018 19:44,0.1,0.2,Lightning,41-55,E,1501-2500,Hardwoods,64.88045,-148.037283,TRUE,Natural
62.06975,-158.6883,6/5/2018 19:37,1,0.2,Lightning,0-25,E,0-500,Black Spruce,62.06945,-158.683783,TRUE,Natural
62.072633,-158.420167,6/5/2018 19:36,5,2.5,Lightning,0-25,N,501-1500,Black Spruce,62.0698,-158.416633,TRUE,Natural
65.2708056,-158.3125833,6/5/2018 19:22,0.1,8,Lightning,0-25,Flat,0501-1500,Black Spruce,65.2608333,-158.216,TRUE,Natural
62.10005,-158.114633,6/5/2018 19:20,100,66,Lightning,0-25,W,501-1500,Black Spruce,62.099633,-158.116583,TRUE,Natural
62.51345,-157.935467,6/5/2018 19:18,5,1.1,Lightning,0-25,NW,501-1500,Black Spruce,62.511283,-157.937633,TRUE,Natural
62.571783,-158.165083,6/5/2018 19:07,25,2631,Lightning,0-25,NE,0-500,Dead White Spruce,62.571783,-158.165083,TRUE,Natural
64.7048889,-147.8555834,6/5/2018 18:56,20,20.3,Lightning,0-25,Flat,0-500,Grass,64.6058334,-148.0538889,TRUE,Natural
65.9513333,-154.9768333,6/5/2018 18:40,1,1.6,Lightning,0-25,Flat,0501-1500,Black Spruce,65.9513333,-154.9768333,TRUE,Natural
64.093917,-145.55575,6/5/2018 18:01,1,0.1,Lightning,0-25,NE,501-1500,Mixed (Hardwoods/Softwoods),64.095,-145.56055,TRUE,Natural
65.3241111,-148.0988056,6/5/2018 17:44,0.1,0.1,Lightning,0-25,Flat,0501-1500,,65.3241111,-148.0988056,TRUE,Natural
65.6855,-156.2719445,6/5/2018 16:24,2,9.6,Lightning,0-25,Flat,0-500,Black Spruce,65.7166666,-156.5,TRUE,Natural
65.5853333,-155.3749722,6/5/2018 16:20,5,13.6,Lightning,0-25,Flat,0-500,Tundra,65.5853333,-155.5853333,TRUE,Natural
62.622869,-146.837559,6/5/2018 15:49,0.3,1.9,Lightning,0-25,SE,2501-3500,Black Spruce,62.631417,-146.848567,TRUE,Natural
63.061,-155.828,6/5/2018 15:36,0.1,0.8,Lightning,0-25,E,0-500,Black Spruce,63.061,-155.828,TRUE,Natural
64.455,-146.7275,6/5/2018 14:53,0.3,0.3,Lightning,0-25,SW,501-1500,Black Spruce,64.449717,-146.855633,TRUE,Natural
63.92,-153.49,6/5/2018 14:42,0.1,0.1,Lightning,0-25,Flat,0501-1500,Black Spruce,63.92,-153.49,TRUE,Natural
64.821667,-148.147333,6/5/2018 13:15,0.1,0.1,Lightning,26-40,S,501-1500,Black Spruce,64.80343,-148.194303,TRUE,Natural
65.3568333,-141.6195,6/5/2018 12:53,0.1,0.1,Lightning,0-25,South,1501-2500,Black Spruce,65.3568333,-141.6195,TRUE,Natural
62.37735,-154.48195,6/5/2018 12:15,1300,1427.1,Lightning,0-25,N,501-1500,Mixed (Hardwoods/Softwoods),62.4,-154.45,TRUE,Natural
62.082467,-156.393017,6/5/2018 9:30,3,180.7,Lightning,0-25,SE,501-1500,Mixed (Hardwoods/Softwoods),62.0825,-156.38775,TRUE,Natural
64.2111667,-152.2501667,6/5/2018 8:22,300,421.4,Lightning,0-25,Flat,1501-2500,Tundra,64.215,-152.2580556,TRUE,Natural
61.841833,-158.923167,6/5/2018 8:04,50,650.7,Lightning,0-25,S,501-1500,Mixed (Hardwoods/Softwoods),61.841833,-158.923167,TRUE,Natural
62.426667,-154.46895,6/5/2018 8:03,0.1,85.3,Lightning,0-25,N,501-1500,Black Spruce,62.4,-154.45,TRUE,Natural
65.7665,-161.0291667,6/4/2018 22:26,20,1908.4,Lightning,0-25,Flat,0-500,Tundra,65.7665,-161.0291667,TRUE,Natural
65.3603333,-143.5323333,6/4/2018 21:28,5,6852.5,Lightning,0-25,North West,0501-1500,,65.3603333,-143.5323333,TRUE,Natural
65.6977778,-160.8161111,6/4/2018 21:02,10,146.1,Lightning,0-25,Flat,0-500,,65.6666667,-161.2833333,TRUE,Natural
64.7725,-150.7226666,6/4/2018 20:46,1,71941.9,Lightning,0-25,Flat,0-500,Black Spruce,64.7725,-150.731,TRUE,Natural
65.6629166,-144.4342222,6/4/2018 19:56,0.1,9.3,Lightning,0-25,Flat,0501-1500,,65.6666667,-144.8333333,TRUE,Natural
61.5981,-149.403383,6/4/2018 19:26,0.1,0.1,Debris Burning,0-25,E,0-500,Grass,61.5981,-149.403383,TRUE,Human
60.389183,-151.19085,6/4/2018 19:11,0.1,0.1,Miscellaneous,0-25,Flat,0-500,Grass,60.3891833,-151.19085,TRUE,Human
68.0036944,-163.8278333,6/4/2018 17:20,135,323.1,Lightning,0-25,Flat,0-500,Tundra,68.0028333,-163.8296667,TRUE,Natural
67.4538333,-163.6153334,6/4/2018 17:02,25,48.3,Lightning,0-25,Flat,0-500,Tundra,67.4538333,-163.6153334,TRUE,Natural
65.0978333,-141.6356667,6/4/2018 15:10,0.1,0.1,Lightning,26-40,East,1501-2500,,65.0978333,-141.6356667,TRUE,Natural
62.64318,-148.962817,6/4/2018 15:09,5,32.5,Lightning,0-25,NE,2501-3500,Dead White Spruce,62.666667,-148.002083,TRUE,Natural
64.71555,-148.874017,6/4/2018 14:54,1,0.4,Lightning,0-25,Flat,0-500,Black Spruce,64.713167,-148.878167,TRUE,Natural
67.6929722,-163.8578334,6/4/2018 13:08,3,2.3,Lightning,0-25,Flat,0-500,Tundra,67.7075,-163.9146666,TRUE,Natural
67.7082778,-163.9141389,6/4/2018 13:07,40,76.5,Lightning,0-25,Flat,0-500,Tundra,67.7125,-163.9146666,TRUE,Natural
67.716,-163.8961667,6/4/2018 13:06,35,113.1,Lightning,0-25,Flat,0-500,Tundra,67.716,-163.8961667,TRUE,Natural
68.2190833,-159.8446944,6/4/2018 12:31,0.1,517.6,Lightning,0-25,Flat,0501-1500,Tundra,68.2238333,-159.8333333,TRUE,Natural
63.5964444,-156.7326111,6/4/2018 12:18,0.1,1717.8,Lightning,0-25,Flat,0-500,Tundra,63.9,-155.9166667,TRUE,Natural
65.9466389,-155.1750556,6/4/2018 10:15,0.1,21417.5,Lightning,0-25,Flat,0-500,Black Spruce,65.9441667,-155.1661667,TRUE,Natural
68.334,-166.0428333,6/4/2018 9:45,2000,14547.4,Lightning,0-25,Flat,0-500,Tundra,68.4166667,-166.2833333,TRUE,Natural
64.725833,-148.233333,6/3/2018 17:18,40,150,Lightning,0-25,Flat,0-500,Black Spruce,64.755807,-148.093298,TRUE,Natural
67.7416667,-163.8955555,6/3/2018 16:53,0.1,42.8,Lightning,0-25,Flat,0-500,Tundra,67.7280555,-164.4441667,TRUE,Natural
67.4579444,-163.8160278,6/3/2018 15:55,0.1,4,Lightning,0-25,Flat,0-500,Tundra,67.5855,-163.7688333,TRUE,Natural
59.674583,-151.4459,6/3/2018 12:10,0.2,0.1,Equipment,0-25,SE,0-500,Grass,59.674583,-151.4459,TRUE,Human
62.523083,-150.25935,6/2/2018 13:37,1,1.1,Undetermined,0-25,SW,501-1500,Mixed (Hardwoods/Softwoods),61.676463,-149.964112,TRUE,Undetermined
60.510557,-150.706012,6/2/2018 12:46,0.2,0.2,Miscellaneous,0-25,E,0-500,Grass,60.510557,-150.706012,TRUE,Human
61.511,-149.012,6/1/2018 20:20,0.1,0.1,Campfire,0-25,Flat,4501-5500,Grass,61.511,-148.011903,TRUE,Human
65.5122778,-148.7291389,6/1/2018 15:20,0.1,0.1,Lightning,0-25,Flat,1501-2500,Tundra,65.5127222,-148.5812222,TRUE,Natural
58.7855556,-134.9402778,5/31/2018 13:00,17.6,56,Campfire,0-25,S,0-500,Grass,58.7855556,-134.9402778,TRUE,Human
60.6874,-151.310383,5/31/2018 11:50,0.1,0.1,Equipment,0-25,S,0-500,Grass,60.6874,-151.310383,TRUE,Human
63.9488333,-146.3139167,5/30/2018 18:19,0.1,0.1,Firearms/Weapons,0-25,Flat,1501-2500,,63.9488333,-146.3139167,TRUE,Human
66.7602222,-157.3837778,5/29/2018 16:48,1,4.3,Lightning,0-25,North,0-500,Tundra,66.75,-157.3666667,TRUE,Natural
63.922333,-148.6475,5/29/2018 13:53,10,10,Miscellaneous,41-55,SW,1501-2500,Mixed (Hardwoods/Softwoods),63.922333,-148.6475,TRUE,Human
59.712833,-151.390383,5/29/2018 10:05,0.1,0.1,Miscellaneous,0-25,NE,501-1500,Other,59.712833,-151.390383,TRUE,Human
64.780183,-148.198,5/28/2018 16:54,2,2,Undetermined,26-40,W,501-1500,Hardwoods,64.77555,-148.213883,TRUE,Undetermined
64.54155,-146.962083,5/28/2018 16:09,0.1,0.1,Debris Burning,0-25,SW,501-1500,Grass,64.54155,-146.962083,TRUE,Human
64.860917,-146.95605,5/28/2018 14:56,1.2,1.2,Miscellaneous,0-25,Flat,0-500,Black Spruce,64.860747,-146.957508,TRUE,Human
59.7174,-151.324367,5/27/2018 17:59,5,2.1,Undetermined,0-25,S,0-500,Mixed (Hardwoods/Softwoods),59.714622,-151.320887,TRUE,Undetermined
59.829083,-151.16955,5/27/2018 16:37,1.5,3.1,Undetermined,0-25,SE,501-1500,Grass,59.829083,-151.16955,TRUE,Undetermined
61.603217,-149.34435,5/27/2018 16:00,0.3,0.3,Debris Burning,0-25,SE,0-500,Mixed (Hardwoods/Softwoods),61.604302,-149.343233,TRUE,Human
61.6753,-149.03055,5/27/2018 11:25,0.1,0.1,Equipment,0-25,S,501-1500,Grass,61.682383,-148.994167,TRUE,Human
62.002083,-149.94045,5/26/2018 19:37,0.1,0.1,Miscellaneous,0-25,W,0-500,Mixed (Hardwoods/Softwoods),62.002083,-149.94045,TRUE,Human
61.549267,-149.026467,5/26/2018 13:18,0.5,0.5,Debris Burning,0-25,S,0-500,Mixed (Hardwoods/Softwoods),61.549267,-149.026467,TRUE,Human
64.5851666,-163.0221667,5/25/2018 18:30,0.1,1,Other Human Cause,0-25,Flat,0-500,Tundra,64.6666667,-163.0166667,TRUE,Human
62.228167,-150.450833,5/25/2018 17:27,1,2.5,Undetermined,0-25,N,0-500,Grass,62.228167,-150.450833,TRUE,Undetermined
61.604917,-149.107867,5/25/2018 17:15,0.1,0.1,Incendiary,0-25,SW,0-500,Grass,61.604917,-149.107867,TRUE,Human
61.602717,-149.445683,5/25/2018 14:35,0.1,0.1,Debris Burning,0-25,W,0-500,Grass,61.6027167,-149.4456833,TRUE,Human
60.517917,-150.912861,5/24/2018 11:03,0.1,0.1,Debris Burning,0-25,NE,0-500,Mixed (Hardwoods/Softwoods),60.517917,-150.912861,TRUE,Human
62.032833,-150.06085,5/22/2018 17:48,0.2,0.1,Miscellaneous,0-25,N,0-500,Grass,62.053033,-150.061923,TRUE,Human
59.0688,-160.400383,5/21/2018 19:43,0.1,0.1,Children,0-25,SE,0-500,Grass,59.0688,-160.400383,TRUE,Human
65.06115,-146.0704,5/20/2018 18:47,0.1,0.1,Equipment,41-55,SW,1501-2500,Dead White Spruce,65.027617,-146.215633,TRUE,Human
61.5125,-160.3617,5/20/2018 16:00,2,0.1,Children,0-25,N,0-500,Grass,61.512583,-160.36125,TRUE,Human
61.528583,-149.880517,5/19/2018 19:01,0.1,0.1,Debris Burning,26-40,NW,0-500,Grass,61.528583,-149.880517,TRUE,Human
64.86865,-147.134367,5/19/2018 15:26,0.1,0.1,Miscellaneous,0-25,SE,501-1500,Hardwoods,64.868028,-147.136228,TRUE,Human
61.6419,-149.277767,5/19/2018 14:56,0.1,0.1,Equipment,0-25,SE,501-1500,Grass,61.6419,-149.277767,TRUE,Human
63.928667,-148.817833,5/19/2018 12:59,8,76.5,Miscellaneous,41-55,S,1501-2500,Grass,64.897961,-151.127917,TRUE,Human
62.942617,-155.558733,5/18/2018 11:54,0.1,0.1,Debris Burning,0-25,N,0-500,Grass,62.941383,-155.559433,TRUE,Human
58.5402778,-134.8502778,5/17/2018 16:00,0.1,0.1,Campfire,0-25,Flat,0-500,Slash,58.5402778,-134.8502778,TRUE,Human
64.8023333,-147.6473333,5/16/2018 16:10,0.1,0.1,Cause and Origin Not Identified,0-25,Flat,0-500,,64.8023333,-147.6473333,TRUE,?
61.6104167,-149.7887778,5/16/2018 13:41,0.3,0.3,Campfire,0-25,Flat,0-500,Grass,61.610423,-149.788787,TRUE,Human
58.603333,-134.918889,5/16/2018 11:34,0.1,0.1,Campfire,Unknown,Unknown,Unknown,Other,58.6033333,-134.9188889,TRUE,Human
61.5835,-149.6306667,5/15/2018 17:50,0.1,0.1,Incendiary,0-25,Flat,0-500,Grass,61.583493,-149.63066,TRUE,Human
60.4946389,-151.0412778,5/15/2018 8:06,0.1,0.1,Undetermined,0-25,Flat,0-500,Grass,60.49463,-151.041258,TRUE,Human
59.813,-151.607,5/14/2018 16:03,2,10.8,Miscellaneous,0-25,Flat,0501-1500,Grass,59.816667,-151.608333,TRUE,Human
59.9171389,-151.7385,5/14/2018 13:40,1.5,3.6,Debris Burning,0-25,Flat,0-500,Grass,59.921313,-151.73878,TRUE,Human
64.8540278,-147.8276111,5/14/2018 10:39,0.1,0.1,Smoking,0-25,Flat,0-500,Grass,64.854017,-147.827617,TRUE,Human
64.0300833,-145.5107222,5/13/2018 23:09,0.1,0.1,Miscellaneous,0-25,Flat,0501-1500,Mixed (Hardwoods/Softwoods),64.002259,-145.517419,TRUE,Human
64.85375,-147.3926111,5/12/2018 15:55,0.1,0.1,Miscellaneous,0-25,Flat,0-500,Black Spruce,64.85375,-147.392617,TRUE,Human
64.9349167,-147.6078056,5/12/2018 12:13,0.1,0.1,Debris Burning,0-25,South West,0501-1500,Unknown,64.934925,-147.607808,TRUE,Human
61.8804722,-162.0849722,5/11/2018 19:00,0.1,0.1,Debris/Open Burning,0-25,Flat,0-500,Grass,61.8804722,-162.0849722,TRUE,Human
63.3296389,-143.0565278,5/11/2018 17:28,0.1,0.1,Miscellaneous,0-25,Flat,1501-2500,Black Spruce,63.329633,-143.056517,TRUE,Human
64.8716945,-147.1680556,5/11/2018 16:33,0.1,0.1,Miscellaneous,0-25,Flat,0501-1500,Mixed (Hardwoods/Softwoods),64.872053,-147.16872,TRUE,Human
64.73,-147.165,5/11/2018 16:09,2.8,2.8,Miscellaneous,0-25,Flat,0501-1500,Black Spruce,64.7343,-147.25135,TRUE,Human
64.8107222,-147.9599722,5/11/2018 14:08,0.1,0.1,Miscellaneous,0-25,Flat,0-500,Hardwoods,64.810727,-147.959978,TRUE,Human
64.08025,-145.6678334,5/11/2018 13:14,0.1,117,Undetermined,0-25,Flat,0501-1500,Mixed (Hardwoods/Softwoods),64.089283,-145.654333,TRUE,Human
64.0725556,-145.7343611,5/11/2018 12:34,0.3,0.3,Miscellaneous,0-25,Flat,0501-1500,Mixed (Hardwoods/Softwoods),64.072817,-145.734967,TRUE,Human
64.0734167,-145.6561111,5/11/2018 12:10,0.3,0.3,Miscellaneous,0-25,Flat,0501-1500,Mixed (Hardwoods/Softwoods),53,-148,TRUE,Human
64.6641944,-146.6348889,5/11/2018 8:00,0.1,5500,Cause and Origin Not Identified,0-25,Flat,0501-1500,,64.6641944,-146.6348889,TRUE,Prescribed
58.608889,-134.928611,5/10/2018 15:54,0.1,0.1,Campfire,Unknown,Unknown,Unknown,Unknown,58.6088889,-134.9286111,TRUE,Human
60.4991667,-151.0796944,5/10/2018 14:11,0.1,0.1,Miscellaneous,0-25,Flat,0-500,Grass,53,-148,TRUE,Human
61.5414445,-148.9890556,5/10/2018 12:01,0.2,0.2,Debris Burning,0-25,Flat,0-500,Grass,61.539992,-148.988197,TRUE,Human
63.8213889,-145.0110278,5/10/2018 9:50,280,280,Prescribed,0-25,Flat,0501-1500,Mixed (Hardwoods/Softwoods),63.821392,-145.011016,TRUE,Prescribed
61.815,-150.7016667,5/9/2018 16:26,0.1,0.4,Miscellaneous,0-25,Flat,0-500,Grass,61.806944,-150.661667,TRUE,Human
58.605,-134.924444,5/9/2018 15:46,0.1,0.1,Campfire,Unknown,Unknown,Unknown,Unknown,58.605,-134.9244444,TRUE,Human
63.8592222,-144.8563889,5/9/2018 14:50,1,1,Debris Burning,0-25,Flat,0501-1500,Grass,63.859233,-144.8564,TRUE,Human
64.6966667,-146.9966667,5/9/2018 14:11,0.1,0.1,Cause and Origin Not Identified,0-25,Flat,0501-1500,,64.6966667,-146.9966667,TRUE,?
64.6966667,-146.976,5/9/2018 12:26,0.1,0.1,Cause and Origin Not Identified,0-25,Flat,0501-1500,,64.6966667,-146.976,TRUE,?
61.5949444,-149.4955555,5/9/2018 11:17,0.1,0.1,Debris Burning,0-25,Flat,0-500,Other,61.59495,-149.495567,TRUE,Human
64.6966667,-146.9966667,5/9/2018 11:03,0.1,0.1,Incendiary,0-25,Flat,0501-1500,,64.6966667,-146.9966667,TRUE,Human
63.8885,-145.3288333,5/9/2018 10:19,450,450,Prescribed,0-25,Flat,0501-1500,Mixed (Hardwoods/Softwoods),53,-148,TRUE,Prescribed
64.6963056,-146.9738611,5/9/2018 10:04,0.1,0.1,Cause and Origin Not Identified,0-25,Flat,0501-1500,,64.6966667,-146.9966667,TRUE,?
64.6960556,-146.9811666,5/8/2018 17:41,0.1,0.5,Incendiary,0-25,Flat,0501-1500,,64.6966667,-146.9966667,TRUE,Human
64.9520555,-147.7697222,5/8/2018 13:47,0.1,0.1,Miscellaneous,0-25,Flat,0501-1500,Black Spruce,64.952067,-147.769733,TRUE,Human
64.1395556,-145.8088611,5/8/2018 11:50,0.1,0.1,Debris Burning,0-25,Flat,0501-1500,Black Spruce,64.1411,-145.8088,TRUE,Human
64.8128333,-147.6103334,5/8/2018 8:00,0.1,1968,Cause and Origin Not Identified,0-25,Flat,0-500,,64.8128333,-147.6103334,TRUE,Prescribed
64.6833333,-146.95,5/8/2018 8:00,0.1,346,Cause and Origin Not Identified,0-25,Flat,0501-1500,,64.6833333,-146.95,TRUE,Prescribed
61.5380556,-149.92475,5/7/2018 18:49,0.1,0.1,Debris Burning,0-25,Flat,0-500,Grass,61.538052,-149.924765,TRUE,Human
59.7936667,-151.0743333,5/7/2018 14:57,0.8,1,Undetermined,0-25,Flat,0-500,Grass,59.791667,-151.075,TRUE,Human
64.6836944,-146.5585278,5/7/2018 10:32,0.1,0.1,Incendiary,0-25,West,1501-2500,,64.6836944,-146.5585278,TRUE,Human
57.6978889,-152.5878055,5/6/2018 17:02,0.2,0.2,Miscellaneous,0-25,East,0-500,Grass,57.697888,-152.587797,TRUE,Human
61.7972778,-148.5041111,5/6/2018 15:26,1,3.4,Debris Burning,0-25,Flat,0501-1500,Grass,61.797233,-148.502077,TRUE,Human
61.5919444,-149.47475,5/5/2018 14:08,0.1,0.1,Debris Burning,0-25,Flat,0-500,Grass,61.591912,-149.474577,TRUE,Human
61.5348056,-149.4581389,5/5/2018 12:58,0.3,0.3,Debris Burning,0-25,Flat,0-500,Mixed (Hardwoods/Softwoods),61.534817,-149.458127,TRUE,Human
64.6981111,-146.9821389,5/3/2018 12:45,0.1,0.1,Incendiary,0-25,Flat,0501-1500,,64.6981111,-146.9821389,TRUE,Human
61.3060278,-149.4395833,4/29/2018 18:09,0.5,0.3,Undetermined,26-40,South West,0501-1500,Mixed (Hardwoods/Softwoods),61.306368,-149.443718,TRUE,Human
64.0128889,-146.3451389,4/27/2018 10:00,0.1,25851,Cause and Origin Not Identified,0-25,Flat,1501-2500,,64.0128889,-146.3451389,TRUE,Prescribed
60.5231944,-150.8009445,4/25/2018 15:44,0.1,0.1,Miscellaneous,0-25,Flat,0-500,Grass,60.5232,-150.800933,TRUE,Human
63.9645,-145.7828333,4/21/2018 8:00,0.1,150,Cause and Origin Not Identified,0-25,Flat,0501-1500,,63.9645,-145.7828333,TRUE,Prescribed
64.0510556,-145.73975,4/20/2018 8:33,0.1,0.1,Campfire,0-25,Flat,0501-1500,Mixed (Hardwoods/Softwoods),64.051067,-145.739767,TRUE,Human
64.0542778,-145.7398333,4/20/2018 8:22,0.1,0.1,Miscellaneous,0-25,Flat,0501-1500,Other,64.054267,-145.739833,TRUE,Human
60.5022778,-150.99975,4/20/2018 7:39,0.1,0.1,Debris Burning,0-25,Flat,0-500,Other,60.502269,-150.999733,TRUE,Human
60.553,-149.584833,4/20/2018 7:19,0.1,0.1,Undetermined,0-25,Flat,501-1500,Unknown,60.553,-149.584833,TRUE,Undetermined
61.2739722,-149.76475,4/18/2018 10:03,230,680,Prescribed,0-25,Flat,0-500,Unknown,61.273976,-149.764762,TRUE,Prescribed
63.9833333,-145.6666667,4/17/2018 8:00,0.1,679,Cause and Origin Not Identified,0-25,Flat,0501-1500,,63.9833333,-145.6666667,TRUE,Prescribed
63.846,-145.9311667,4/16/2018 16:47,0.1,158,Cause and Origin Not Identified,0-25,Flat,1501-2500,,63.846,-145.9311667,TRUE,Prescribed
57.7582222,-152.4804167,4/16/2018 8:52,0.5,0.5,Campfire,0-25,South East,0-500,Grass,57.7585,-152.480367,TRUE,Human
61.5699722,-149.1170278,4/15/2018 16:44,0.1,0.1,Equipment,0-25,Flat,0-500,Grass,61.569965,-149.11703,TRUE,Human
61.5318611,-149.0316389,4/14/2018 10:35,0.1,0.1,Debris Burning,0-25,Flat,0-500,Grass,61.531862,-149.031632,TRUE,Human
61.5267778,-149.6111111,4/13/2018 12:49,0.1,0.1,Incendiary,0-25,Flat,0-500,Grass,61.526767,-149.611117,TRUE,Human
59.7320555,-151.21075,4/9/2018 10:55,0.1,0.1,Campfire,0-25,South East,0-500,Other,59.732067,-151.210733,TRUE,Human
58.405,-135.723611,4/3/2018 13:49,0.1,0.1,Debris Burning,Unknown,Unknown,Unknown,Unknown,58.405,-135.7236111,TRUE,Human
59.6676667,-151.6806667,4/3/2018 9:28,0.1,0.1,Debris Burning,0-25,Flat,0501-1500,Grass,59.668222,-151.679363,TRUE,Human
58.7683333,-134.9341667,4/3/2018 8:45,0.4,0.4,Campfire,0-25,Flat,0-500,White Spruce,58.7683333,-134.9341667,TRUE,Human
60.550517,-149.588883,3/19/2018 10:17,70,70,Prescribed,0-25,NE,501-1500,Unknown,60.550517,-149.588883,TRUE,Prescribed
54.1330278,-165.7880834,2/26/2018 15:04,0.5,0.5,Debris Burning,0-25,South West,0-500,Grass,54.13302,-165.78808,TRUE,Human
60.7056944,-150.43025,2/23/2018 9:25,56,56,Prescribed,0-25,Flat,0-500,Unknown,60.7057,-150.430267,TRUE,Prescribed
54.1330833,-165.7885834,2/20/2018 9:00,25,17.9,Debris Burning,0-25,South West,0-500,Grass,54.133071,-165.788581,TRUE,Human
64.8366666,-147.6161111,2/8/2018 13:29,0.1,96.6,,0-25,Flat,0-500,Slash,64.8366666,-147.6161111,TRUE,Prescribed
58.243333,-134.331112,2/4/2018 15:30,1.1,1.1,Debris Burning,0-25,Flat,0-500,Unknown,58.2433333,-134.3311111,TRUE,Human
65.0267778,-141.25025,1/1/2018 0:01,0.1,19.8,Coal Seam,26-40,West,1501-2500,,67.0298056,-141.2518611,TRUE,Natural
59.474733,-151.511533,10/19/2017 20:24,0.3,0.3,Miscellaneous,0-25,N,0-500,Grass,59.474733,-151.511533,TRUE,Human
63.9768055,-146.4681389,10/3/2017 12:00,1,1,Human,0-25,Flat,1501-2500,,63.9768055,-146.4681389,TRUE,Human
64.8645834,-147.5685278,10/2/2017 13:51,0.1,70.5,Prescribed,0-25,Flat,0501-1500,,64.8645834,-147.5685278,TRUE,Prescribed
63.83595,-144.9881,9/27/2017 15:25,0.1,0.1,Campfire,0-25,N,501-1500,Black Spruce,63.83595,-144.9881,TRUE,Human
64.634917,-148.737267,9/27/2017 9:11,0.5,0.5,Campfire,0-25,Flat,0-500,Live White Spruce,64.634917,-148.737267,TRUE,Human
64.86645,-147.7711,9/24/2017 9:21,0.1,0.1,Campfire,0-25,Flat,501-1500,Hardwoods,64.86645,-147.7711,TRUE,Human
64.748083,-148.220583,9/20/2017 14:41,0.1,0.1,Campfire,0-25,SE,501-1500,Live White Spruce,64.748083,-148.220583,TRUE,Human
64.6830556,-146.5464723,9/18/2017 8:47,0.1,0.1,Human,0-25,South East,1501-2500,,64.6830556,-146.5464723,TRUE,Human
61.9525,-145.32725,9/17/2017 18:33,0.1,0.1,Debris Burning,0-25,N,501-1500,Other,62.9507,-145.330033,TRUE,Human
62.081033,-142.006817,9/16/2017 17:00,1,1,Campfire,26-40,S,2501-3500,Black Spruce,62.072188,-141.978111,TRUE,Human
64.74712,-149.11415,9/14/2017 10:05,0.1,0.1,Campfire,0-25,N,0-500,Grass,64.74712,-149.11415,TRUE,Human
63.8478611,-145.9280278,9/1/2017 22:20,0.1,0.1,Human,0-25,Flat,1501-2500,,63.8478611,-145.9280278,TRUE,Human
61.58258,-149.710078,8/28/2017 17:46,0.1,0.1,Debris Burning,0-25,N,0-500,Other,61.58258,-149.710078,TRUE,Human
61.675629,-149.51847,8/27/2017 21:24,0.1,0.1,Campfire,0-25,SE,501-1500,Mixed (Hardwoods/Softwoods),61.675629,-149.51847,TRUE,Human
64.257983,-146.127333,8/25/2017 7:57,0.1,0.1,Campfire,0-25,SW,501-1500,Other,64.25778,-146.128957,TRUE,Human
63.264667,-143.116467,8/24/2017 19:31,3,3,Campfire,0-25,NE,1501-2500,Live White Spruce,63.264667,-143.116467,TRUE,Human
63.34805,-143.156417,8/15/2017 19:51,0.1,0.1,Equipment,0-25,N,1501-2500,Grass,63.34805,-143.156417,TRUE,Human
61.598317,-149.320333,8/15/2017 19:38,0.1,0.1,Human,0-25,W,0-500,Mixed (Hardwoods/Softwoods),61.598317,-149.320333,TRUE,?
64.741683,-148.22915,8/11/2017 10:26,0.1,0.1,Human,0-25,SE,501-1500,Other,64.741683,-148.22915,TRUE,?
62.40335,-146.193567,8/10/2017 17:39,5,2.7,Lightning,0-25,SE,1501-2500,Black Spruce,62.40335,-146.193567,TRUE,Natural
62.288983,-145.339483,8/10/2017 0:17,0.2,0.8,Miscellaneous,0-25,NW,1501-2500,Black Spruce,62.288983,-145.339483,TRUE,Human
68.7861111,-150.7066667,8/10/2017 0:00,1,28.7,Lightning,0-25,Flat,1501-2500,,68.7861111,-150.7066667, ,Natural
64.571833,-149.15,8/8/2017 18:47,0.1,0.1,Human,0-25,N,0-500,Live White Spruce,64.571833,-149.15,TRUE,?
61.520333,-149.526617,8/8/2017 9:13,0.1,0.1,Miscellaneous,41-55,SE,0-500,Grass,61.520333,-149.526617,TRUE,Human
60.5338,-150.5025,8/7/2017 16:42,0.1,0.1,Human,0-25,NW,0-500,Grass,60.5338,-150.5025,TRUE,?
61.526533,-149.012383,8/6/2017 18:38,0.1,0.1,Campfire,0-25,S,0-500,Black Spruce,61.526533,-149.012383,TRUE,Human
63.374358,-148.794957,8/6/2017 18:20,0.1,0.1,Lightning,0-25,Flat,1501-2500,Black Spruce,63.377153,-148.785684,TRUE,Natural
65.9176667,-144.6053334,8/6/2017 15:31,0.5,0.5,Lightning,0-25,Flat,0501-1500,Mixed Trees,65.9176667,-144.6053334,TRUE,Natural
62.61745,-144.619267,8/4/2017 15:02,1,98,Human,0-25,SE,1501-2500,Black Spruce,62.61745,-144.619267,TRUE,?
59.7155,-151.007333,8/3/2017 15:01,0.1,0.2,Human,26-40,SW,0-500,Hardwoods,59.7155,-151.0073333,TRUE,?
59.086111,-135.305278,8/1/2017 20:00,0.1,0.1,Under Investigation,26-40,SE,0-500,Unknown,59.0861111,-135.3052778,TRUE,Human
64.3686389,-147.3281667,8/1/2017 18:36,0.1,0.1,Human,0-25,Flat,0501-1500,,64.3686389,-147.3281667,TRUE,Human
60.9195,-149.62,8/1/2017 18:23,0.1,0.1,Miscellaneous,Unknown,Unknown,Unknown,Unknown,60.9195,-149.62,TRUE,Human
66.3200556,-148.2478333,7/30/2017 20:07,10,26.8,Lightning,0-25,Flat,0-500,Black Spruce,66.3230278,-148.2420833,TRUE,Natural
67.0141667,-146.9597778,7/30/2017 19:01,2,39,Lightning,0-25,Flat,0501-1500,Black Spruce,67.0133333,-146.9585555,TRUE,Natural
65.0716667,-142.4488889,7/30/2017 19:00,50,29.1,Lightning,0-25,North West,1501-2500,Black Spruce,65.0736389,-142.43825,TRUE,Natural
66.3968055,-144.4770278,7/30/2017 11:34,2,20,Lightning,0-25,Flat,0-500,White Spruce,66.3959722,-144.4869167,TRUE,Natural
65.187867,-147.288083,7/29/2017 19:11,0.1,0.1,Campfire,26-40,S,501-1500,Hardwoods,65.1875,-147.288056,TRUE,Human
66.74575,-145.3830278,7/29/2017 15:13,1,5,Lightning,0-25,Flat,0-500,,66.7473333,-145.3833333,TRUE,Natural
60.198833,-149.345833,7/26/2017 14:14,0.1,0.1,Campfire,Unknown,Unknown,Unknown,Unknown,60.198833,-149.345833,TRUE,Human
61.713533,-148.889683,7/26/2017 13:32,0.1,0.1,Miscellaneous,0-25,SW,501-1500,Grass,61.713533,-148.889683,TRUE,Human
66.8376944,-146.1686389,7/24/2017 19:48,50,1626.9,Lightning,0-25,Flat,0-500,White Spruce,66.8376944,-146.1686389,TRUE,Natural
59.463267,-151.534567,7/24/2017 9:26,0.1,0.1,Campfire,26-40,NE,0-500,Grass,59.463267,-151.534567,TRUE,Human
64.916422,-147.94623,7/23/2017 15:11,0.2,0.4,Miscellaneous,0-25,Flat,501-1500,Black Spruce,64.918128,-147.941933,TRUE,Human
66.327,-149.309,7/22/2017 17:22,1,408.2,Lightning,0-25,Flat,0-500,Grass,66.3265833,-149.2905,TRUE,Natural
64.6365278,-156.6633333,7/22/2017 15:22,0.1,0.4,Human,0-25,Flat,0-500,,64.6366667,-156.663,TRUE,Human
66.7772778,-147.7153333,7/21/2017 18:01,2,23819.6,Lightning,0-25,Flat,0501-1500,Black Spruce,66.7773333,-147.7695,TRUE,Natural
66.4308055,-146.8511111,7/21/2017 17:51,0.2,0.2,Lightning,0-25,Flat,0-500,Black Spruce,66.4321667,-146.8528334,TRUE,Natural
64.8023333,-147.6473333,7/21/2017 14:30,0.1,0.1,Human,0-25,Flat,0-500,Grass,64.8023333,-147.6473333,TRUE,Human
65.9365556,-143.1130278,7/20/2017 20:25,4,4,Lightning,0-25,Flat,0501-1500,Mixed Trees,65.9365556,-143.1130278,TRUE,Natural
67.6289167,-143.2123333,7/20/2017 18:30,3,31.8,Lightning,0-25,Flat,1501-2500,Tundra,67.6232778,-143.2066944,TRUE,Natural
65.3423333,-147.6953333,7/20/2017 9:46,0.1,8.9,Lightning,0-25,Flat,0501-1500,Tundra,65.204,-148.049,TRUE,Natural
66.5291667,-146.4633333,7/20/2017 9:45,0.1,198.8,Lightning,0-25,Flat,0-500,Black Spruce,66.5166667,-146.7,TRUE,Natural
63.9553889,-145.5297222,7/19/2017 17:02,0.1,0.1,Human,0-25,Flat,0501-1500,,63.9553889,-145.5297222,TRUE,Human
60.468567,-150.2029,7/18/2017 18:00,0.1,0.1,Campfire,0-25,W,0-500,Mixed (Hardwoods/Softwoods),60.468567,-150.2029,TRUE,Human
65.9124722,-143.2654167,7/18/2017 15:45,3,4.4,Lightning,0-25,Flat,0501-1500,Tundra,65.9113333,-143.2696667,TRUE,Natural
64.9743333,-143.075,7/18/2017 15:09,5,5,Lightning,0-25,North East,3501-4500,,64.9743333,-143.075,TRUE,Natural
64.49,-146.356667,7/18/2017 13:46,0.1,0.1,Lightning,0-25,Flat,501-1500,Black Spruce,64.486667,-146.36,TRUE,Natural
55.9508333,-133.2344444,7/18/2017 11:00,0.1,0.1,Human,0-25,Flat,0-500,Unknown,55.9508333,-133.2344444,TRUE,Human
64.7476389,-152.8073889,7/17/2017 16:46,0.5,15.4,Lightning,0-25,Flat,0501-1500,,64.7471667,-152.8089167,TRUE,Natural
66.484,-151.1151667,7/16/2017 21:15,30,103.3,Lightning,0-25,Flat,0501-1500,Black Spruce,66.484,-151.1151667,TRUE,Natural
66.965,-151.28,7/16/2017 18:14,10,11.8,Lightning,0-25,Flat,1501-2500,,66.9666666,-151.3,TRUE,Natural
64.5636945,-153.2063889,7/16/2017 14:41,5,73.3,Lightning,0-25,East,0501-1500,Tundra,64.55,-153.1833333,TRUE,Natural
66.9251667,-144.097,7/15/2017 18:44,10,37.7,Lightning,0-25,Flat,0501-1500,Black Spruce,66.9251667,-144.097,TRUE,Natural
67.0286667,-152.1536667,7/15/2017 17:33,5,66.1,Lightning,0-25,Flat,0501-1500,Black Spruce,67.0286667,-152.1536667,TRUE,Natural
62.529034,-156.533152,7/14/2017 19:08,35,905.6,Lightning,0-25,NW,501-1500,Black Spruce,62.532833,-156.540833,TRUE,Natural
62.542577,-157.453353,7/14/2017 19:03,15,22,Lightning,41-55,SE,1501-2500,Mixed (Hardwoods/Softwoods),62.54247,-157.4539,TRUE,Natural
63.7170555,-153.3208611,7/14/2017 17:39,250,3759.5,Lightning,0-25,Flat,0501-1500,Black Spruce,63.7170555,-153.3208611,TRUE,Natural
66.9699166,-151.6166111,7/14/2017 13:51,0.1,3.6,Lightning,0-25,Flat,0501-1500,,66.9699166,-151.6166111,TRUE,Natural
64.3746945,-154.1182222,7/14/2017 13:41,1500,55273.5,Lightning,0-25,Flat,0-500,,64.3746945,-154.1182222,TRUE,Natural
67.0030278,-144.6955833,7/13/2017 17:15,1,411.2,Lightning,0-25,Flat,0501-1500,Black Spruce,67.0030278,-144.6955833,TRUE,Natural
61.5449,-149.60135,7/12/2017 10:30,0.1,0.1,Debris Burning,0-25,S,0-500,Hardwoods,61.5449,-149.60135,TRUE,Human
69.0805556,-150.7455556,7/10/2017 21:13,50,59.9,Lightning,0-25,Flat,0501-1500,,69.0710278,-150.7466945,TRUE,Natural
69.1461945,-150.7178611,7/10/2017 21:13,20,35.3,Lightning,0-25,Flat,0501-1500,,69.1461945,-150.7178611,TRUE,Natural
63.027883,-142.287167,7/10/2017 16:12,1,2.8,Lightning,0-25,N,1501-2500,Mixed (Hardwoods/Softwoods),63.1,-142.45,TRUE,Natural
61.505333,-150.065167,7/10/2017 8:13,0.1,0.1,Debris Burning,0-25,W,0-500,Mixed (Hardwoods/Softwoods),61.505333,-150.065167,TRUE,Human
65.57975,-145.7041667,7/9/2017 11:37,1,1,Lightning,0-25,West,1501-2500,Tundra,65.57975,-145.7041667,TRUE,Natural
65.9666666,-142.85,7/9/2017 8:45,1800,46714.6,Lightning,0-25,Flat,0501-1500,Black Spruce,65.9666666,-142.85,TRUE,Natural
65.95,-144.8,7/8/2017 12:26,1,110.8,Lightning,0-25,South West,0501-1500,Black Spruce,65.95,-144.8,TRUE,Natural
66.4856667,-143.6733334,7/8/2017 10:57,2,2.5,Lightning,0-25,Flat,0501-1500,Black Spruce,66.4856667,-143.6733334,TRUE,Natural
66.5726389,-146.85075,7/7/2017 20:38,0.2,0.2,Lightning,0-25,Flat,0-500,White Spruce,66.5726389,-146.85075,TRUE,Natural
63.087033,-141.338667,7/7/2017 15:25,1,1,Lightning,26-40,S,2501-3500,Mixed (Hardwoods/Softwoods),63.087033,-141.338667,TRUE,Natural
66.0366667,-148.0694444,7/7/2017 14:52,1,14.3,Lightning,0-25,Flat,0501-1500,Black Spruce,66.0363333,-148.0646667,TRUE,Natural
60.466667,-149.733333,7/6/2017 16:46,0.1,0.1,Under Investigation,Unknown,Unknown,Unknown,Unknown,53,-148,TRUE,Human
65.3315,-150.6751667,7/6/2017 16:29,0.5,29.9,Lightning,0-25,Flat,0501-1500,,65.3315,-150.6751667,TRUE,Natural
65.8865,-143.5688333,7/6/2017 15:26,0.5,1117,Lightning,0-25,Flat,0501-1500,Black Spruce,65.8886111,-143.565,TRUE,Natural
66.333,-148.129,7/6/2017 15:25,2,187.5,Lightning,0-25,Flat,0-500,Black Spruce,66.333,-148.129,TRUE,Natural
67.5596667,-144.0433333,7/6/2017 13:55,0.2,40201.5,Lightning,0-25,Flat,0501-1500,Black Spruce,67.5596667,-144.0433333,TRUE,Natural
62.054933,-150.43525,7/6/2017 8:07,0.2,0.2,Lightning,0-25,N,0-500,Black Spruce,62.02,-150.43,TRUE,Natural
65.4066667,-148.5056667,7/5/2017 17:35,0.1,0.1,Lightning,0-25,Flat,0501-1500,Black Spruce,65.4566667,-148.5081667,TRUE,Natural
66.4111111,-147.6177778,7/5/2017 17:30,2,5,Lightning,0-25,Flat,0-500,Black Spruce,66.4124167,-147.5483889,TRUE,Natural
65.4828333,-144.4725,7/5/2017 16:00,25,22.5,Lightning,0-25,Flat,0501-1500,,65.4828333,-144.4725,TRUE,Natural
68.062,-143.8425833,7/5/2017 15:22,8,431.8,Lightning,0-25,Flat,1501-2500,Tundra,68.062,-143.8425833,TRUE,Natural
61.925617,-145.428167,7/5/2017 11:02,0.1,0.1,Campfire,0-25,NW,501-1500,Mixed (Hardwoods/Softwoods),61.925617,-145.428167,TRUE,Human
67.8851389,-149.8075556,7/5/2017 11:00,0.1,322.5,Lightning,0-25,Flat,1501-2500,,67.8875,-149.8141667,TRUE,Natural
67.5953055,-144.0851667,7/4/2017 16:40,5,220.1,Lightning,0-25,Flat,0501-1500,Tundra,67.5953055,-144.0851667,TRUE,Natural
65.4581667,-151.1717778,7/4/2017 16:11,2,166,Lightning,0-25,South,1501-2500,Tundra,65.4581667,-151.1717778,TRUE,Natural
67.1705,-141.557,7/3/2017 17:31,0.1,2,Lightning,0-25,Flat,0501-1500,Black Spruce,67.1705,-141.557,TRUE,Natural
65.4401667,-150.1633333,7/3/2017 16:48,0.5,0.5,Lightning,0-25,Flat,1501-2500,Tundra,65.4401667,-150.1633333,TRUE,Natural
66.0261111,-148.6952778,7/3/2017 16:41,10,12,Lightning,0-25,Flat,0-500,Black Spruce,66.0275,-148.6958333,TRUE,Natural
67.4532778,-141.3181389,7/3/2017 14:09,5,78857.9,Lightning,0-25,Flat,0501-1500,Black Spruce,67.4616667,-141.3181389,TRUE,Natural
64.757317,-148.3757,7/2/2017 19:50,0.1,0.1,Campfire,0-25,E,501-1500,Other,64.757317,-148.3757,TRUE,Human
68.2916667,-142.0123333,7/2/2017 17:26,2,32714.6,Lightning,0-25,Flat,1501-2500,Tussock,68.2916667,-142.0123333,TRUE,Natural
68.0861667,-141.9171667,7/2/2017 17:18,0.1,0.1,Lightning,0-25,Flat,0501-1500,Tundra,68.0861667,-141.9171667,TRUE,Natural
68.0495556,-141.9646944,7/2/2017 17:15,5,3.1,Lightning,0-25,Flat,0501-1500,Tundra,68.0506667,-141.9688333,TRUE,Natural
67.5075,-142.1595,7/2/2017 16:07,1,2419.1,Lightning,0-25,Flat,0501-1500,Tundra,67.5075,-142.1595,TRUE,Natural
64.259483,-149.3553,7/2/2017 15:27,0.1,0.1,Human,0-25,W,501-1500,Black Spruce,64.258485,-149.355029,TRUE,?
67.45,-143.7333333,7/2/2017 15:12,300,40906.4,Lightning,0-25,Flat,1501-2500,Black Spruce,67.45,-143.7333333,TRUE,Natural
67.97,-145.17,7/1/2017 17:40,4,25,Lightning,0-25,Flat,2501-3500,Tundra,67.97,-145.17,TRUE,Natural
67.6928056,-142.2386944,6/30/2017 15:08,180,2876.5,Lightning,0-25,Flat,0501-1500,Tundra,67.6938889,-142.2522222,TRUE,Natural
62.029483,-150.07615,6/29/2017 16:19,0.1,0.1,Equipment,0-25,N,0-500,Hardwoods,62.029483,-150.07615,TRUE,Human
65.4047778,-142.4603889,6/29/2017 15:08,10,404.4,Lightning,0-25,South East,1501-2500,White Spruce,65.4333333,-142.4666667,TRUE,Natural
66.8833333,-142.4833333,6/29/2017 13:11,60,12510.1,Lightning,0-25,Flat,0501-1500,Black Spruce,66.8833333,-142.4833333,TRUE,Natural
66.1446945,-145.1881389,6/29/2017 12:46,1,7,Lightning,0-25,Flat,0501-1500,White Spruce,66.1426945,-145.1892222,TRUE,Natural
63.912,-146.0013333,6/28/2017 19:02,0.2,0.2,Lightning,0-25,Flat,1501-2500,Tundra,63.912,-146.0013333,TRUE,Natural
69.9508333,-157.8397222,6/28/2017 17:36,10,4.7,Lightning,0-25,Flat,0-500,Tundra,69.946,-157.8425,TRUE,Natural
69.679,-159.622,6/28/2017 17:24,30,1647.4,Lightning,0-25,Flat,0-500,Tundra,69.679,-159.622,TRUE,Natural
69.7545,-159.0356667,6/28/2017 17:24,200,2870.3,Lightning,0-25,Flat,0-500,Tundra,69.7545,-159.0356667,TRUE,Natural
63.9591667,-146.515,6/28/2017 16:19,0.3,0.3,Lightning,0-25,Flat,1501-2500,Tundra,63.9591667,-146.515,TRUE,Natural
65.6901667,-143.0935,6/28/2017 16:04,10,14.6,Lightning,0-25,Flat,0501-1500,Black Spruce,65.6901667,-143.0935,TRUE,Natural
69.6748056,-162.86575,6/28/2017 14:44,1,17.4,Lightning,0-25,Flat,0-500,Tundra,69.6833333,-162.7833334,TRUE,Natural
64.25645,-149.354467,6/28/2017 3:40,3,4.2,Debris Burning,0-25,NW,501-1500,Unknown,64.253568,-149.377504,TRUE,Human
66.6346667,-157.1596667,6/27/2017 21:15,20,3130,Lightning,0-25,Flat,0501-1500,Tundra,66.6346667,-157.1596667,TRUE,Natural
66.946,-155.6475,6/27/2017 20:15,2,491.6,Lightning,0-25,East,0501-1500,Mixed Trees,66.9544444,-155.6569444,TRUE,Natural
65.6925,-145.5515,6/27/2017 14:51,15,2549.3,Lightning,0-25,Flat,0501-1500,Black Spruce,65.6925,-145.5515,TRUE,Natural
60.920833,-149.499333,6/27/2017 12:41,0.1,0.1,Campfire,0-25,N,0-500,Unknown,60.920833,-149.499333,TRUE,Human
61.870333,-158.105167,6/27/2017 11:36,0.1,0.1,Miscellaneous,56-75,S,0-500,Grass,61.870333,-158.105167,TRUE,Human
64.794118,-147.695272,6/26/2017 18:37,0.1,0.1,Miscellaneous,0-25,Flat,0-500,Grass,64.794118,-147.695272,TRUE,Human
67.2183056,-141.0150278,6/26/2017 17:14,100,93520.3,Lightning,0-25,Flat,0501-1500,Black Spruce,67.2183056,-141.0150278,TRUE,Natural
61.7915,-150.1233,6/26/2017 15:35,0.1,0.1,Debris Burning,0-25,SE,0-500,Other,61.7915,-150.1233,TRUE,Human
61.019074,-157.429832,6/25/2017 19:53,100,127,Lightning,0-25,SW,0-500,Dead White Spruce,60.9675,-157.6325,TRUE,Natural
62.426433,-151.13915,6/25/2017 17:59,1,56,Lightning,0-25,SW,501-1500,Black Spruce,62.426433,-151.13915,TRUE,Natural
61.795317,-150.11285,6/25/2017 13:41,0.5,0.5,Human,0-25,NW,1501-2500,Black Spruce,61.795317,-150.11285,TRUE,?
62.644817,-141.03027,6/23/2017 18:33,0.1,8.5,Lightning,0-25,N,1501-2500,Grass,62.644817,-141.03027,TRUE,Natural
68.4175833,-141.3226944,6/23/2017 17:04,1200,23964.3,Lightning,0-25,Flat,0501-1500,Black Spruce,68.4175833,-141.3226944,TRUE,Natural
67.7876111,-144.0772778,6/22/2017 17:49,80,171.1,Lightning,0-25,Flat,1501-2500,Black Spruce,67.7859445,-144.0848333,TRUE,Natural
62.883617,-141.4054,6/22/2017 17:45,2,34.1,Lightning,0-25,W,1501-2500,Black Spruce,62.884533,-141.403783,TRUE,Natural
65.1022222,-141.6383333,6/21/2017 19:37,0.5,2980.3,Lightning,0-25,East,1501-2500,Mixed Trees,65.098,-141.64,TRUE,Natural
66.3633889,-143.3340833,6/21/2017 15:16,15,76,Lightning,0-25,Flat,0501-1500,Tundra,66.3633889,-143.3340833,TRUE,Natural
69.1358333,-152.9838889,6/20/2017 15:07,35,501,Lightning,0-25,Flat,0501-1500,Tundra,69.1348333,-152.9953333,TRUE,Natural
69.3066389,-148.0784444,6/20/2017 13:21,300,284.6,Lightning,0-25,Flat,0501-1500,Tundra,69.3005,-148.058,TRUE,Natural
61.637633,-149.487633,6/19/2017 12:07,0.1,0.1,Debris Burning,0-25,W,0-500,Mixed (Hardwoods/Softwoods),61.637633,-149.487633,TRUE,Human
66.8117778,-150.2853056,6/19/2017 10:29,2,2,Lightning,0-25,Flat,1501-2500,Tundra,66.8117778,-150.2853056,TRUE,Natural
65.0452778,-141.215,6/18/2017 13:34,9,21.8,Lightning,26-40,North East,1501-2500,Brush,65.0474444,-141.2224444,TRUE,Natural
61.5763,-149.663783,6/17/2017 21:33,0.1,0.1,Children,0-25,NW,0-500,Black Spruce,61.5763,-149.663783,TRUE,Human
63.1186667,-162.3986667,6/17/2017 19:54,2,2,Lightning,0-25,Flat,0501-1500,Tundra,63.1186667,-162.3986667,TRUE,Natural
53.81583,-167.075908,6/17/2017 19:49,100,100,Human,41-55,SW,0-500,Other,53.81583,-167.075908,TRUE,?
61.539783,-149.9658,6/17/2017 19:33,0.1,3.8,Human,0-25,E,0-500,Mixed (Hardwoods/Softwoods),61.531008,-149.97471,TRUE,?
67.1682778,-147.5113611,6/17/2017 13:34,2,2,Lightning,0-25,Flat,0501-1500,Black Spruce,67.1676389,-147.5182222,TRUE,Natural
67.1789167,-148.29575,6/17/2017 12:54,6,6,Lightning,0-25,Flat,0501-1500,Grass,67.1754722,-148.289,TRUE,Natural
61.9,-159.468333,6/17/2017 11:43,150,254,Lightning,0-25,NE,0-500,Black Spruce,61.9,-159.468333,TRUE,Natural
63.5308333,-162.3013333,6/16/2017 21:21,3,6,Human,26-40,West,0-500,Tundra,63.5308333,-162.3013333,TRUE,Human
62.090833,-157.2265,6/16/2017 20:17,5,7,Lightning,41-55,E,501-1500,Black Spruce,62.090833,-157.2265,TRUE,Natural
63.6799445,-153.4959444,6/16/2017 17:25,1,19.6,Lightning,0-25,Flat,0501-1500,Black Spruce,63.6798334,-153.4936667,TRUE,Natural
66.4624722,-150.1849167,6/16/2017 15:33,1,9,Lightning,0-25,Flat,1501-2500,Tundra,66.4674444,-150.1811667,TRUE,Natural
63.1725,-162.8369444,6/16/2017 15:12,1000,3114.9,Human,0-25,Flat,0-500,Tundra,63.1744444,-162.8175,TRUE,Human
64.7073889,-146.5471111,6/16/2017 12:56,0.4,0.4,Human,0-25,Flat,0501-1500,Grass,64.7073889,-146.5471111,TRUE,Human
59.7135,-151.291833,6/15/2017 19:34,0.5,1,Human,0-25,Flat,0-500,Dead White Spruce,59.7135,-151.2918333,TRUE,?
60.596333,-150.521167,6/15/2017 18:25,100,1016,Lightning,0-25,Flat,0-500,Dead White Spruce,60.833333,-150.666667,TRUE,Natural
65.7494167,-152.1708056,6/15/2017 18:05,4,9.1,Lightning,0-25,South East,1501-2500,Tundra,65.7489445,-152.1638889,TRUE,Natural
61.442883,-149.808967,6/15/2017 17:54,0.1,0.1,Equipment,0-25,NE,0-500,Mixed (Hardwoods/Softwoods),61.442485,-149.807412,TRUE,Human
64.7134444,-146.4496111,6/14/2017 13:16,0.1,0.1,Human,0-25,Flat,0501-1500,,64.7134444,-146.4496111,TRUE,Human
64.7084444,-146.4398333,6/13/2017 19:26,0.1,0.1,Human,0-25,Flat,0501-1500,,64.7084444,-146.4398333,TRUE,Human
58.385556,-134.753333,6/13/2017 13:06,0.3,0.1,Under Investigation,Unknown,Unknown,Unknown,Unknown,58.3855556,-134.7533333,TRUE,Human
64.0923333,-157.5441667,6/10/2017 21:56,3,3,Lightning,0-25,Flat,0501-1500,Mixed Trees,64.109,-157.5441667,TRUE,Natural
64.194,-144.453833,6/10/2017 16:56,3,3,Lightning,0-25,N,1501-2500,Black Spruce,64.194,-144.453833,TRUE,Natural
65.287033,-146.557783,6/10/2017 16:50,1,10.2,Human,26-40,SE,501-1500,Mixed (Hardwoods/Softwoods),65.287417,-146.554483,TRUE,?
60.409833,-149.368667,6/10/2017 10:02,0.1,0.1,Equipment,Unknown,Unknown,Unknown,Unknown,60.409833,-149.368667,TRUE,Human
64.324167,-146.734333,6/9/2017 18:25,0.1,15,Human,0-25,SE,501-1500,Mixed (Hardwoods/Softwoods),64.31805,-146.718346,TRUE,?
63.0913333,-162.6361667,6/9/2017 18:15,2,2,Lightning,0-25,Flat,0-500,Tundra,63.09,-162.6361667,TRUE,Natural
62.6071667,-163.1011667,6/8/2017 20:55,0.1,0.1,Lightning,0-25,Flat,0-500,Tundra,62.6071667,-163.1011667,TRUE,Natural
62.6378333,-163.0235,6/8/2017 20:48,0.1,0.1,Lightning,0-25,Flat,0-500,Tundra,62.6378333,-163.0235,TRUE,Natural
62.7086111,-163.0352778,6/8/2017 20:44,0.1,11.5,Lightning,0-25,Flat,0-500,Tundra,62.7103889,-163.032,TRUE,Natural
62.9537222,-162.8238333,6/8/2017 20:22,0.1,0.1,Lightning,0-25,Flat,0-500,Tundra,62.9537222,-162.8238333,TRUE,Natural
64.879317,-147.661617,6/8/2017 19:56,0.1,0.1,Miscellaneous,0-25,Flat,501-1500,Grass,64.849095,-147.701917,TRUE,Human
64.66835,-148.916117,6/8/2017 18:12,0.1,0.1,Miscellaneous,0-25,W,0-500,Unknown,64.666701,-148.93952,TRUE,Human
62.9295,-143.79705,6/8/2017 14:35,0.1,0.1,Miscellaneous,0-25,SE,1501-2500,Grass,62.9295,-143.79705,TRUE,Human
62.1606667,-163.1690833,6/8/2017 14:00,20,178.2,Lightning,0-25,Flat,0-500,Tundra,62.1605,-163.161,TRUE,Natural
62.2646667,-163.021,6/8/2017 12:45,15,512.2,Lightning,0-25,Flat,0-500,Tundra,62.2666667,-163.0166667,TRUE,Natural
64.443633,-145.553383,6/8/2017 11:09,100,8344.9,Lightning,26-40,E,1501-2500,Black Spruce,64.416667,-145.533333,TRUE,Natural
64.894467,-147.62255,6/7/2017 20:55,0.1,0.1,Miscellaneous,0-25,N,501-1500,Unknown,64.894467,-147.62255,TRUE,Human
64.0763889,-159.5341667,6/7/2017 19:17,1,51.6,Lightning,0-25,East,0501-1500,,64.0748333,-159.5483334,TRUE,Natural
64.935617,-147.58955,6/7/2017 16:19,0.1,0.1,Miscellaneous,26-40,SE,501-1500,Other,64.935617,-147.58955,TRUE,Human
60.414167,-160.869167,6/7/2017 15:07,0.5,567,Lightning,26-40,E,501-1500,Other,60.406117,-160.868833,TRUE,Natural
62.5551667,-163.1535,6/7/2017 8:03,0.1,2583.5,Lightning,0-25,Flat,0-500,,62.4598055,-163.1568056,TRUE,Natural
66.7,-157.05,6/6/2017 22:03,0.1,22234.2,Lightning,0-25,Flat,0-500,,66.6666667,-156.8333333,TRUE,Natural
64.2665,-160.1478333,6/6/2017 20:32,50,3078.8,Lightning,0-25,East,0501-1500,Black Spruce,64.2665,-160.1478333,TRUE,Natural
64.2022222,-159.9572222,6/6/2017 20:10,1,306.8,Lightning,0-25,West,1501-2500,Tundra,64.202,-159.9615,TRUE,Natural
63.1559445,-162.6008056,6/6/2017 19:55,0.3,6087.9,Lightning,0-25,Flat,0-500,Tundra,63.1581667,-162.2276667,TRUE,Natural
64.8424722,-156.2128056,6/6/2017 19:54,0.1,5.3,Lightning,0-25,Flat,0-500,,64.8333333,-156.2166667,TRUE,Natural
63.1891667,-162.2276667,6/6/2017 19:37,0.1,5,Lightning,0-25,Flat,0-500,Tundra,63.1891667,-162.2276667,TRUE,Natural
63.2202778,-162.0652778,6/6/2017 19:20,0.3,12156,Lightning,0-25,Flat,0-500,Tundra,63.2263889,-162.1438889,TRUE,Natural
63.2733333,-161.8021667,6/6/2017 18:47,0.1,0.8,Lightning,0-25,Flat,0501-1500,Tundra,63.3466667,-161.9813889,TRUE,Natural
63.4041667,-161.737,6/6/2017 18:34,1,1,Lightning,0-25,Flat,0-500,Tundra,63.4041667,-161.737,TRUE,Natural
63.3768333,-161.3243333,6/6/2017 18:20,5,16002.8,Lightning,0-25,Flat,0501-1500,Tundra,63.3768333,-161.3243333,TRUE,Natural
63.952,-146.3006667,6/6/2017 18:19,0.2,0.2,Human,0-25,Flat,1501-2500,Tundra,63.952,-146.3006667,TRUE,Human
64.3261111,-158.2422222,6/6/2017 18:05,2,20131.9,Lightning,0-25,Flat,0-500,Tundra,64.3261111,-158.2422222,TRUE,Natural
62.502867,-148.7145,6/6/2017 17:55,10,979.5,Lightning,26-40,N,1501-2500,Black Spruce,62.502867,-148.7145,TRUE,Natural
63.4041667,-161.2886667,6/6/2017 17:09,0.1,879.3,Lightning,0-25,Flat,0501-1500,Tundra,63.4361111,-161.0419444,TRUE,Natural
64.7448889,-157.4683611,6/6/2017 16:58,0.5,3.5,Lightning,0-25,Flat,0-500,Mixed Trees,64.7453333,-157.4655,TRUE,Natural
63.435,-161.0385,6/6/2017 16:55,0.3,3.8,Lightning,0-25,Flat,0501-1500,Tundra,63.4361111,-161.0419444,TRUE,Natural
64.5616667,-157.7538333,6/6/2017 16:47,3,3,Lightning,0-25,Flat,0-500,Tundra,64.5616667,-157.7538333,TRUE,Natural
64.4827778,-158.0355556,6/6/2017 15:30,0.5,0.5,Lightning,0-25,Flat,0-500,Black Spruce,64.4827778,-158.0355556,TRUE,Natural
64.5425,-157.7491667,6/6/2017 15:24,0.5,64.8,Lightning,0-25,Flat,0-500,Tundra,64.5506667,-157.7863334,TRUE,Natural
63.1129444,-162.3441945,6/6/2017 15:15,5,2690.8,Lightning,0-25,Flat,0-500,Tundra,63.155,-162.3151667,TRUE,Natural
64.83075,-156.5853889,6/6/2017 15:14,2,20.5,Lightning,0-25,Flat,0-500,Mixed Trees,64.8166667,-156.5833333,TRUE,Natural
60.481618,-160.495933,6/6/2017 14:03,0.5,616.5,Lightning,0-25,E,501-1500,Unknown,60.078333,-160.375,TRUE,Natural
62.614833,-155.484333,6/6/2017 12:50,8,8.3,Lightning,41-55,N,1501-2500,Dead White Spruce,62.6075,-155.635833,TRUE,Natural
64.029783,-148.56375,6/6/2017 12:18,0.1,1.5,Miscellaneous,0-25,SE,2501-3500,Other,64.0298,-148.5635,TRUE,Human
64.03205,-148.569467,6/6/2017 12:18,0.1,0.1,Lightning,0-25,NE,2501-3500,Other,64.029667,-148.563333,TRUE,Natural
64.036133,-148.564633,6/6/2017 10:01,0.1,0.5,Miscellaneous,0-25,Flat,2501-3500,Other,64.0297,-148.5635,TRUE,Human
61.195667,-161.692,6/5/2017 21:27,0.5,779,Lightning,0-25,SE,0-500,Other,61.1956667,-161.692,TRUE,Natural
60.747486,-161.086832,6/5/2017 19:08,0.1,90,Lightning,0-25,NE,0-500,Grass,60.766667,-161.333333,TRUE,Natural
61.617,-149.108033,6/5/2017 16:57,0.1,0.1,Campfire,0-25,SE,0-500,Grass,61.613872,-149.116368,TRUE,Human
64.7942,-147.954383,6/5/2017 12:41,0.1,0.1,Debris Burning,0-25,N,0-500,Mixed (Hardwoods/Softwoods),64.7942,-147.954383,TRUE,Human
62.468167,-157.64295,6/4/2017 20:53,30,13924,Lightning,0-25,SW,501-1500,Unknown,62.468167,-157.64295,TRUE,Natural
62.6342222,-160.2121944,6/4/2017 19:20,30,322.6,Lightning,0-25,Flat,0-500,Mixed Trees,62.6361667,-160.2408333,TRUE,Natural
62.758667,-154.293667,6/4/2017 19:06,5,352,Lightning,0-25,N,501-1500,Mixed (Hardwoods/Softwoods),62.758667,-154.293667,TRUE,Natural
61.918633,-158.081667,6/4/2017 19:05,40,2653,Lightning,41-55,W,501-1500,Mixed (Hardwoods/Softwoods),61.931667,-158.050833,TRUE,Natural
62.425,-154.057167,6/4/2017 17:18,0.1,16823.9,Lightning,0-25,NW,1501-2500,Black Spruce,62.454667,-154.015,TRUE,Natural
62.570333,-158.577333,6/4/2017 15:52,10,16514,Lightning,0-25,SW,0-500,Black Spruce,62.45,-158.566667,TRUE,Natural
63.173333,-156.842833,6/4/2017 14:59,3,12945,Lightning,56-75,N,1501-2500,Unknown,63.173333,-156.842833,TRUE,Natural
62.994683,-156.73234,6/4/2017 14:23,15,26,Lightning,0-25,N,501-1500,Black Spruce,63.049333,-156.651667,TRUE,Natural
63.112824,-156.484298,6/4/2017 13:57,0.1,42,Lightning,0-25,N,501-1500,Dead White Spruce,63.0445,-156.606333,TRUE,Natural
61.180401,-161.59961,6/4/2017 13:15,10,773,Lightning,0-25,N,0-500,Other,61.147337,-161.175173,TRUE,Natural
64.885917,-147.49175,6/4/2017 13:12,0.1,0.1,Debris Burning,0-25,SE,0-500,Unknown,64.885568,-147.492467,TRUE,Human
61.230167,-161.455167,6/4/2017 12:05,0.5,645,Lightning,0-25,N,0-500,Other,60.90995,-161.5435,TRUE,Natural
63.337267,-142.989333,6/4/2017 10:35,0.1,0.1,Campfire,0-25,NE,1501-2500,Other,63.337267,-142.989333,TRUE,Human
62.2952778,-161.4383333,6/3/2017 19:11,10,5.2,Lightning,0-25,Flat,0501-1500,Tundra,62.2986667,-161.4446667,TRUE,Natural
60.909783,-149.459383,6/3/2017 15:53,0.1,0.1,Human,Unknown,Unknown,Unknown,Unknown,60.909783,-149.459383,TRUE,?
59.559167,-158.123833,6/3/2017 14:22,25,1558,Lightning,0-25,N,0-500,Black Spruce,53,-148,TRUE,Natural
61.733617,-148.744567,6/3/2017 11:44,0.1,0.5,Human,0-25,S,501-1500,Mixed (Hardwoods/Softwoods),61.7595,-148.6735333,TRUE,?
64.04505,-145.591167,6/3/2017 11:34,0.1,0.3,Equipment,0-25,NE,501-1500,Other,64.046417,-145.595083,TRUE,Human
61.622267,-149.436833,6/2/2017 14:45,0.1,0.1,Miscellaneous,0-25,SW,0-500,Mixed (Hardwoods/Softwoods),61.631343,-149.443387,TRUE,Human
63.9422222,-146.4983333,6/2/2017 14:18,1.5,1.5,Human,0-25,Flat,1501-2500,Black Spruce,63.9422222,-146.4983333,TRUE,Human
61.606067,-149.109733,6/1/2017 19:06,0.1,0.1,Miscellaneous,0-25,SW,0-500,Grass,61.606787,-149.109938,TRUE,Human
64.3393333,-147.4405,6/1/2017 13:52,0.1,332,Human,0-25,Flat,0501-1500,Tundra,64.3390556,-147.4351667,TRUE,Human
63.52735,-143.916017,6/1/2017 10:21,2,832.4,Human,0-25,N,1501-2500,Dead White Spruce,63.553756,-143.885759,TRUE,?
62.98125,-141.958433,5/31/2017 19:30,0.1,0.1,Debris Burning,0-25,SW,1501-2500,Mixed (Hardwoods/Softwoods),62.98125,-141.958433,TRUE,Human
64.890167,-147.623117,5/31/2017 15:16,0.1,0.1,Debris Burning,0-25,W,501-1500,Unknown,64.890167,-147.623117,TRUE,Human
62.107767,-145.507933,5/31/2017 15:15,0.1,0.1,Campfire,0-25,W,501-1500,Black Spruce,62.107767,-145.5079333,TRUE,Human
64.8128333,-147.6103334,5/31/2017 12:59,0.1,0.1,Human,0-25,Flat,0-500,,64.8128333,-147.6103334,TRUE,Human
63.295167,-143.034083,5/28/2017 15:33,0.5,0.2,Debris Burning,0-25,NE,1501-2500,Black Spruce,63.295167,-143.034083,TRUE,Human
65.375,-146.154,5/28/2017 15:07,2,2,Human,26-40,SW,2501-3500,Grass,65.352333,-146.164867,TRUE,?
55.4347222,-131.6077778,5/27/2017 21:30,0.1,0.1,Human,0-25,North West,0501-1500,Other,55.4347222,-131.6077778,TRUE,Human
59.639533,-151.554733,5/27/2017 11:41,0.1,0.1,Campfire,0-25,Flat,Unknown,Other,59.639533,-151.554733,TRUE,Human
64.8222222,-147.6652778,5/26/2017 18:30,0.1,0.1,Human,0-25,Flat,0-500,Grass,64.8222222,-147.6652778,TRUE,Human
61.583717,-149.00455,5/26/2017 15:56,0.1,0.1,Miscellaneous,0-25,SW,0-500,Grass,61.584995,-149.012997,TRUE,Human
60.762267,-151.1743,5/24/2017 17:12,0.1,0.1,Miscellaneous,41-55,SE,0-500,Other,60.762267,-151.1743,TRUE,Human
62.323483,-145.353483,5/24/2017 15:11,0.1,0.1,Miscellaneous,0-25,NW,1501-2500,Other,62.323483,-145.353483,TRUE,Human
61.435968,-149.7891,5/23/2017 16:59,0.1,0.1,Miscellaneous,0-25,E,0-500,Grass,61.436483,-149.78805,TRUE,Human
64.753193,-147.272592,5/23/2017 12:10,0.1,0.1,Miscellaneous,0-25,N,0-500,Other,64.753193,-147.272592,TRUE,Human
64.0166389,-146.3136389,5/22/2017 17:11,0.1,0.1,Human,0-25,Flat,0501-1500,,64.0166389,-146.3136389,TRUE,Human
64.06515,-145.520683,5/22/2017 7:06,0.1,0.1,Miscellaneous,0-25,NW,501-1500,Live White Spruce,53,-148,TRUE,Human
63.9477778,-151.5994444,5/21/2017 12:57,1,78.8,Lightning,0-25,Flat,0501-1500,Black Spruce,63.9333333,-151.5833333,TRUE,Natural
60.70525,-151.2626,5/20/2017 19:28,0.1,0.1,Incendiary,0-25,Flat,0-500,Grass,60.703333,-151.251667,TRUE,Human
64.824917,-147.87545,5/19/2017 18:51,0.1,0.1,Debris Burning,0-25,N,0-500,Grass,64.824917,-147.87545,TRUE,Human
64.044317,-145.411117,5/19/2017 18:15,0.1,0.4,Debris Burning,0-25,N,501-1500,Other,64.0450833,-145.4125333,TRUE,Human
60.284667,-151.24655,5/19/2017 9:19,0.2,0.1,Miscellaneous,0-25,NW,0-500,Live White Spruce,60.286649,-151.250302,TRUE,Human
60.493717,-151.167967,5/18/2017 17:30,0.1,0.1,Debris Burning,0-25,Flat,0-500,Grass,60.493717,-151.167967,TRUE,Human
63.9405,-146.5726667,5/17/2017 19:08,3,3,Human,0-25,Flat,1501-2500,Brush,63.9405,-146.5726667,TRUE,Human
64.6811667,-146.5871666,5/17/2017 18:35,0.5,0.5,Human,26-40,North East,0501-1500,Grass,64.6811667,-146.5871666,TRUE,Human
63.9125,-146.5528333,5/17/2017 17:22,0.1,8,Human,0-25,Flat,1501-2500,Brush,63.9447222,-146.5663889,TRUE,Human
62.948383,-155.593117,5/17/2017 14:47,3,0.5,Miscellaneous,0-25,N,0-500,Grass,53,-148,TRUE,Human
64.8036111,-147.6063889,5/17/2017 8:41,0.1,0.1,Human,0-25,Flat,0-500,,64.8036111,-147.6063889,TRUE,Human
63.938833,-148.8345,5/16/2017 20:21,40,40,Miscellaneous,26-40,S,501-1500,Grass,63.910383,-148.822817,TRUE,Human
60.468717,-151.17085,5/16/2017 17:27,0.1,0.1,Human,56-75,Flat,0-500,Grass,57.557817,-152.676,TRUE,?
60.471283,-151.1713,5/16/2017 17:04,0.5,0.1,Human,0-25,Flat,0-500,Grass,60.471283,-151.1713,TRUE,?
62.037567,-145.406067,5/16/2017 16:46,0.5,0.5,Miscellaneous,0-25,SE,501-1500,Other,62.037567,-145.406067,TRUE,Human
62.943233,-155.559783,5/16/2017 16:34,2,2,Debris Burning,0-25,N,0-500,Grass,62.9417667,-155.5604667,TRUE,Human
64.8035278,-147.6063889,5/16/2017 15:43,0.1,0.1,Human,0-25,Flat,0-500,,64.8035278,-147.6063889,TRUE,Human
61.977317,-145.322983,5/16/2017 13:43,5,2,Debris Burning,0-25,E,501-1500,Grass,61.965214,-145.314494,TRUE,Human
62.045283,-145.406167,5/16/2017 13:20,0.1,0.1,Debris Burning,0-25,SE,501-1500,Other,62.045283,-145.406167,TRUE,Human
63.923,-146.5621667,5/16/2017 12:24,0.1,0.5,Human,0-25,Flat,1501-2500,Grass,63.9273056,-146.5513056,TRUE,Human
59.743383,-151.731867,5/14/2017 14:09,1,1,Miscellaneous,0-25,SW,0-500,Grass,53,-148,TRUE,Human
64.8323611,-157.0966389,5/13/2017 15:17,0.1,38.8,Lightning,0-25,Flat,0-500,Grass,64.9171389,-157.2198611,TRUE,Natural
64.8083333,-147.6583333,5/13/2017 14:37,0.1,0.1,Human,0-25,Flat,0-500,Grass,64.8083333,-147.6583333,TRUE,Human
61.678967,-150.727717,5/12/2017 16:01,0.3,0.3,Lightning,0-25,N,0-500,Mixed (Hardwoods/Softwoods),61.68,-150.73,TRUE,Natural
61.56565,-149.966133,5/11/2017 14:57,0.1,0.1,Miscellaneous,0-25,SW,0-500,Grass,61.568338,-149.936973,TRUE,Human
63.9238889,-145.5938889,5/11/2017 14:56,0.1,0.2,Human,0-25,Flat,0501-1500,Grass,63.9238889,-145.5938889,TRUE,Human
61.652383,-149.151683,5/11/2017 14:34,0.1,0.1,Miscellaneous,0-25,SW,501-1500,Grass,61.650513,-149.152423,TRUE,Human
64.8083333,-147.6583333,5/11/2017 14:31,0.1,0.1,Human,0-25,Flat,0-500,,64.8083333,-147.6583333,TRUE,Human
63.9238889,-145.5938889,5/11/2017 13:45,0.1,0.1,Human,0-25,Flat,0501-1500,Grass,63.9238889,-145.5938889,TRUE,Human
64.8114445,-147.659,5/11/2017 13:45,0.1,0.1,Human,0-25,Flat,0-500,,64.8114445,-147.659,TRUE,Human
64.8114445,-147.659,5/11/2017 13:20,0.1,0.1,Human,0-25,Flat,0-500,Grass,64.8114445,-147.659,TRUE,Human
64.8111111,-147.6588889,5/11/2017 12:50,0.1,0.1,Human,0-25,Flat,0-500,,64.8111111,-147.6588889,TRUE,Human
57.553533,-152.687217,5/11/2017 12:31,5,91,Incendiary,41-55,W,501-1500,Grass,57.626174,-152.716492,TRUE,Human
64.8113889,-147.6588889,5/11/2017 12:18,0.1,0.1,Human,0-25,Flat,0-500,,64.8113889,-147.6588889,TRUE,Human
63.9238889,-145.5905555,5/11/2017 11:49,0.1,0.1,Human,0-25,Flat,0501-1500,Grass,63.9238889,-145.5905555,TRUE,Human
61.6436,-149.220033,5/10/2017 16:06,0.1,0.3,Debris Burning,0-25,W,501-1500,Grass,61.649173,-149.213913,TRUE,Human
64.8114445,-147.6556666,5/10/2017 15:38,0.1,0.1,Human,0-25,Flat,0-500,Grass,63.934,-145.6026667,TRUE,Human
64.353667,-149.035417,5/10/2017 15:25,0.1,0.1,Miscellaneous,0-25,NE,501-1500,Grass,64.344516,-149.045472,TRUE,Human
64.8114445,-147.659,5/10/2017 10:14,0.1,0.1,Human,0-25,Flat,0-500,,64.8114445,-147.659,TRUE,Human
63.9423889,-146.4797222,5/9/2017 21:08,0.1,0.1,Human,0-25,Flat,1501-2500,,63.9423889,-146.4797222,TRUE,Human
61.675883,-149.244933,5/9/2017 15:58,0.1,0.1,Equipment,0-25,SW,501-1500,Grass,53,-148,TRUE,Human
61.623217,-149.403183,5/8/2017 20:13,0.1,0.1,Debris Burning,0-25,SE,0-500,Grass,61.623217,-149.403183,TRUE,Human
61.5968,-149.003617,5/8/2017 18:17,0.1,0.1,Human,0-25,S,0-500,Mixed (Hardwoods/Softwoods),61.596632,-149.002552,TRUE,?
64.7966667,-147.6116667,5/8/2017 16:00,0.1,0.1,Human,0-25,Flat,0-500,,64.7966667,-147.6116667,TRUE,Human
64.8083333,-147.61,5/8/2017 15:10,0.1,0.1,Human,0-25,Flat,0-500,,64.8166667,-147.6,TRUE,Human
64.8066667,-147.6083334,5/8/2017 14:16,0.1,0.1,Human,0-25,Flat,0-500,,64.8066667,-147.6083334,TRUE,Human
64.8128333,-147.61,5/8/2017 13:37,0.1,0.1,Human,0-25,Flat,0-500,,64.8128333,-147.61,TRUE,Human
64.069183,-145.599567,5/7/2017 19:41,0.2,0.2,Miscellaneous,0-25,NE,501-1500,Grass,64.05,-145.55,TRUE,Human
64.6836667,-146.5585,5/7/2017 14:18,3,3,Human,0-25,West,1501-2500,,64.6836667,-146.5585,TRUE,Human
64.6818889,-146.564,5/7/2017 10:00,0.1,18094.7,Prescribed,0-25,West,1501-2500,,64.6818889,-146.564,TRUE,Prescribed
61.640783,-149.062183,5/6/2017 16:41,1,1.2,Campfire,0-25,E,501-1500,Mixed (Hardwoods/Softwoods),61.64095,-149.06323,TRUE,Human
60.554317,-151.140267,5/6/2017 16:21,0.1,0.1,Miscellaneous,0-25,Flat,0-500,Grass,60.554317,-151.140267,TRUE,Human
61.586417,-149.410767,5/6/2017 11:53,0.1,0.1,Debris Burning,0-25,S,0-500,Grass,61.586417,-149.410767,TRUE,Human
64.8114445,-147.659,5/6/2017 11:30,0.1,0.1,Human,0-25,Flat,0-500,Grass,64.8114445,-147.659,TRUE,Human
61.614683,-149.3071,5/5/2017 15:59,0.1,0.1,Debris Burning,0-25,SW,0-500,Grass,61.614683,-149.3071,TRUE,Human
61.236967,-149.79175,5/5/2017 15:07,2,7.2,Human,0-25,W,0-500,Mixed (Hardwoods/Softwoods),61.236667,-149.788333,TRUE,?
64.8422,-147.8505,5/4/2017 16:04,0.1,0.1,Debris Burning,0-25,Flat,0-500,Grass,64.841667,-147.858333,TRUE,Human
64.0377,-145.591267,5/4/2017 12:01,0.1,25,Debris Burning,0-25,NE,501-1500,Grass,64.416667,-145.583333,TRUE,Human
63.9281389,-145.6081389,5/3/2017 20:40,0.1,0.1,Human,0-25,Flat,0501-1500,,63.9281389,-145.6081389,TRUE,Human
61.54695,-149.839783,5/3/2017 19:07,0.1,0.1,Debris Burning,0-25,Flat,0-500,Grass,61.54695,-149.839783,TRUE,Human
61.6328,-149.184683,5/3/2017 17:06,0.2,0.2,Debris Burning,0-25,S,0-500,Hardwoods,61.631667,-149.191,TRUE,Human
61.7643,-149.95955,5/3/2017 14:03,1,1,Debris Burning,0-25,SW,0-500,Mixed (Hardwoods/Softwoods),61.765662,-149.955947,TRUE,Human
64.507065,-146.974017,5/2/2017 18:39,0.1,0.1,Debris Burning,0-25,Flat,0-500,Grass,53,-148,TRUE,Human
64.8412,-147.846483,5/1/2017 22:09,0.1,0.1,Incendiary,0-25,SW,0-500,Grass,64.8412,-147.846483,TRUE,Human
64.824517,-147.4953,5/1/2017 19:04,0.1,0.1,Human,0-25,Flat,0-500,Hardwoods,64.824517,-147.4953,TRUE,?
61.591967,-149.21415,5/1/2017 17:36,0.2,0.2,Human,0-25,S,0-500,Grass,61.591967,-149.21415,TRUE,?
61.81025,-150.09835,4/30/2017 18:50,0.5,0.5,Campfire,0-25,Flat,0-500,Mixed (Hardwoods/Softwoods),61.810567,-150.099267,TRUE,Human
61.8846667,-162.0864722,4/30/2017 17:27,0.3,0.3,Human,0-25,Flat,0-500,Grass,61.8846667,-162.0864722,TRUE,Human
61.272333,-149.6035,4/30/2017 10:36,409,1222,Prescribed,0-25,NW,501-1500,Unknown,61.272333,-149.6035,TRUE,Prescribed
64.6833333,-146.95,4/30/2017 8:00,0.1,439.5,Prescribed,0-25,Flat,0501-1500,,64.6833333,-146.95,TRUE,Prescribed
60.492768,-149.845143,4/29/2017 12:25,0.2,0.4,Debris Burning,0-25,S,501-1500,Grass,60.492768,-149.845143,TRUE,Human
64.8128333,-147.6103334,4/29/2017 8:00,0.1,1100,Prescribed,0-25,Flat,0-500,,64.8,-147.6,TRUE,Prescribed
57.638917,-152.5197,4/27/2017 22:04,0.1,0.1,Campfire,0-25,N,0-500,Grass,57.638917,-152.5197,TRUE,Human
63.95,-145.7833334,4/27/2017 8:00,0.1,0.1,Human,0-25,Flat,0501-1500,,63.95,-145.7833334,TRUE,Human
63.9240834,-145.5940555,4/26/2017 17:09,10,10,Human,0-25,Flat,0501-1500,Mixed Trees,63.9277778,-145.6083334,TRUE,Human
63.9281945,-145.6084167,4/26/2017 12:49,0.1,0.1,Human,0-25,Flat,0501-1500,Grass,63.9281945,-145.6084167,TRUE,Human
61.574433,-149.37135,4/26/2017 12:28,0.1,0.1,Human,26-40,E,0-500,Grass,61.574433,-149.37135,TRUE,?
63.9318889,-145.5983611,4/25/2017 15:21,1,0.2,Human,0-25,Flat,0501-1500,Grass,63.9,-145.6,TRUE,Human
64.871767,-147.0954,4/25/2017 11:32,0.1,0.1,Miscellaneous,0-25,S,501-1500,Hardwoods,64.871767,-147.0954,TRUE,Human
64.0128889,-146.3451389,4/24/2017 14:06,0.1,48544.5,Prescribed,0-25,Flat,1501-2500,,64.0128889,-146.3451389,TRUE,Prescribed
63.9833333,-145.6666667,4/24/2017 14:05,0.1,0.1,Human,0-25,Flat,0501-1500,,63.9833333,-145.6666667,TRUE,Human
63.36205,-143.098217,4/24/2017 11:45,0.1,0.1,Campfire,0-25,N,1501-2500,Black Spruce,63.36205,-143.098217,TRUE,Human
61.56535,-149.157433,4/24/2017 9:35,0.1,0.1,Miscellaneous,0-25,W,0-500,Grass,61.56535,-149.157433,TRUE,Human
61.599367,-149.6814,4/23/2017 17:43,0.1,0.1,Debris Burning,0-25,SE,0-500,Grass,61.599367,-149.6814,TRUE,Human
58.341944,-134.605,4/23/2017 17:36,0.9,0.9,Miscellaneous,Unknown,Unknown,Unknown,Unknown,58.3419444,-134.605,TRUE,Human
64.8133333,-147.6127778,4/23/2017 10:00,0.1,0.1,Human,0-25,Flat,0-500,,64.815,-147.61,TRUE,Human
63.362033,-143.097983,4/23/2017 9:39,0.1,0.1,Debris Burning,0-25,N,1501-2500,Black Spruce,63.362033,-143.097983,TRUE,Human
63.136333,-142.527333,4/22/2017 14:21,0.1,0.1,Miscellaneous,0-25,N,1501-2500,Grass,63.136333,-142.527333,TRUE,Human
59.817733,-151.74545,4/22/2017 13:54,0.2,1.3,Debris Burning,0-25,W,0-500,Grass,59.820833,-151.741667,TRUE,Human
64.8,-147.6,4/22/2017 11:49,0.1,0.1,Human,0-25,Flat,0-500,,64.8,-147.6,TRUE,Human
62.109167,-145.531667,4/21/2017 11:29,0.2,0.2,Human,0-25,SE,501-1500,Grass,62.0425,-145.4303333,TRUE,?
60.984533,-149.5674,4/20/2017 18:24,2,2,Equipment,56-75,S,0-500,Mixed (Hardwoods/Softwoods),60.984533,-149.5674,TRUE,Human
61.6149,-149.49375,4/20/2017 15:26,0.2,0.2,Equipment,0-25,NW,0-500,Mixed (Hardwoods/Softwoods),61.128047,-149.786587,TRUE,Human
61.64645,-149.117733,4/20/2017 15:11,0.1,0.3,Equipment,0-25,SW,501-1500,Mixed (Hardwoods/Softwoods),61.64645,-149.117733,TRUE,Human
61.606783,-149.148583,4/20/2017 15:04,0.1,0.1,Equipment,0-25,SE,0-500,Grass,61.60821,-149.212695,TRUE,Human
61.613883,-149.247983,4/20/2017 15:00,0.2,0.2,Equipment,0-25,S,0-500,Mixed (Hardwoods/Softwoods),61.613883,-149.247983,TRUE,Human
61.659967,-149.3321,4/20/2017 13:31,0.2,0.2,Debris Burning,0-25,SW,501-1500,Grass,61.657255,-149.335557,TRUE,Human
63.9833333,-145.6666667,4/20/2017 12:22,0.1,2233,Prescribed,0-25,Flat,0501-1500,,63.9833333,-145.6666667,TRUE,Prescribed
61.73372,-148.81775,4/20/2017 10:16,,0,Prescribed,Unknown,Unknown,Unknown,Unknown,53,-148,TRUE,Prescribed
61.646317,-149.119683,4/19/2017 16:42,0.8,1.8,Debris Burning,0-25,Flat,501-1500,Mixed (Hardwoods/Softwoods),61.646317,-149.119683,TRUE,Human
61.87685,-150.10025,4/19/2017 14:08,0.1,0.1,Debris Burning,0-25,W,0-500,Grass,61.731577,-150.067393,TRUE,Human
61.5611,-149.307146,4/19/2017 12:58,0.1,0.1,Debris Burning,0-25,NE,0-500,Grass,61.561103,-149.307146,TRUE,Human
61.560067,-149.29995,4/18/2017 14:19,0.1,0.1,Miscellaneous,0-25,S,0-500,Mixed (Hardwoods/Softwoods),61.560823,-149.305313,TRUE,Human
66.437,-156.5723333,4/18/2017 11:10,1800,2142.8,Human,0-25,Flat,0501-1500,Tundra,66.4394444,-156.0620556,TRUE,Human
62.045833,-145.4045,4/17/2017 16:00,0.5,0.5,Debris Burning,0-25,Flat,501-1500,Grass,62.045833,-145.4045,TRUE,Human
63.858367,-144.867633,4/16/2017 14:15,0.1,0.1,Miscellaneous,0-25,NW,501-1500,Mixed (Hardwoods/Softwoods),63.827517,-144.902133,TRUE,Human
63.935,-145.6047222,4/14/2017 9:36,0.1,0.1,Human,0-25,Flat,0501-1500,,63.935,-145.6047222,TRUE,Human
63.846,-145.9311667,4/14/2017 9:00,0.1,3006,Prescribed,0-25,Flat,1501-2500,,63.846,-145.9311667,TRUE,Prescribed
61.593417,-149.39185,4/13/2017 21:19,0.3,0.3,Campfire,0-25,Flat,0-500,Mixed (Hardwoods/Softwoods),61.5934167,-149.39185,TRUE,Human
58.608889,-134.928611,4/13/2017 15:38,0.1,0.1,Under Investigation,Unknown,Unknown,Unknown,Unknown,58.6088889,-134.9286111,TRUE,Human
63.893717,-145.3068,4/12/2017 14:57,400,820,Prescribed,0-25,N,501-1500,Grass,63.893717,-145.3068,TRUE,Prescribed
65.559,-148.006667,4/10/2017 16:13,0.2,0.2,Prescribed,0-25,NW,1501-2500,Black Spruce,65.559,-148.006667,TRUE,Prescribed
58.282222,-134.374167,4/10/2017 14:45,0.1,0.1,Under Investigation,Unknown,Unknown,Unknown,Unknown,58.2822222,-134.3741667,TRUE,Human
63.711017,-144.688117,4/6/2017 10:28,0.1,0.1,Campfire,0-25,S,501-1500,Black Spruce,63.711033,-144.69325,TRUE,Human
61.7846,-145.15205,3/31/2017 10:45,0.1,0.1,Debris Burning,0-25,N,501-1500,Other,61.7846,-145.15205,TRUE,Human
59.699824,-151.437086,3/25/2017 11:09,0.1,0.1,Miscellaneous,0-25,NW,501-1500,Live White Spruce,59.699824,-151.437086,TRUE,Human
60.516667,-149.6,3/17/2017 8:27,45,100,Prescribed,Unknown,Unknown,Unknown,Unknown,60.516667,-149.6,TRUE,Prescribed
59.635167,-151.515317,3/14/2017 10:02,0.1,0.1,Miscellaneous,41-55,S,0-500,Grass,59.635167,-151.515317,TRUE,Human
64.7427,-149.15,3/7/2017 13:51,0.1,0.1,Human,0-25,N,0-500,Hardwoods,64.7427,-149.15,TRUE,?
64.8366666,-147.6161111,3/7/2017 9:00,0.1,29,Prescribed,0-25,Flat,0-500,Slash,64.8366666,-147.6161111,TRUE,Prescribed
64.56035,-149.1782,2/17/2017 15:04,0.1,0.1,Human,0-25,SW,0-500,Mixed (Hardwoods/Softwoods),64.933917,-149.297,TRUE,?
65.0298056,-141.2518611,1/1/2017 0:01,45.2,45.2,Lightning,26-40,West,0501-1500,Grass,65.0298056,-141.2518611,TRUE,Natural
64.045833,-145.711167,12/20/2016 14:00,0.1,0.1,Human,0-25,W,501-1500,Black Spruce,64.045833,-145.711167,TRUE,?
63.195633,-143.093933,12/1/2016 15:30,0.1,0.1,Campfire,0-25,NW,1501-2500,Dead White Spruce,63.195633,-143.093933,TRUE,Human
61.612283,-149.566217,11/27/2016 13:00,0.1,0.1,Campfire,0-25,SE,0-500,Mixed (Hardwoods/Softwoods),61.612133,-149.566433,TRUE,Human
58.373,-134.727,11/16/2016 14:30,0.1,0.1,Human,Unknown,Unknown,Unknown,Unknown,58.373,-134.727,TRUE,Human
63.3636111,-143.42175,11/12/2016 16:15,0.1,0.1,Human,0-25,Flat,1501-2500,Black Spruce,63.363617,-143.421733,TRUE,Human
58.4059722,-134.5641667,10/29/2016 12:00,0.1,0.1,Human,0-25,Flat,0-500,,58.4059722,-134.5641667,TRUE,Human
63.344933,-143.052683,10/21/2016 21:00,0.1,0.1,Debris Burning,0-25,N,1501-2500,Unknown,63.344933,-143.052683,TRUE,Human
63.3615,-143.076683,10/18/2016 15:14,0.1,0.1,Campfire,0-25,N,1501-2500,Other,63.361221,-143.075718,TRUE,Human
64.8,-147.6,10/18/2016 15:00,0.1,0.1,Human,0-25,Flat,0-500,Grass,64.8,-147.6,TRUE,Human
62.3824167,-142.8141111,10/18/2016 14:29,0.6,0.6,Human,0-25,Flat,1501-2500,Black Spruce,62.382417,-142.814117,TRUE,Human
64.013833,-145.3475,10/18/2016 13:00,1.5,0.8,Equipment,0-25,N,501-1500,Unknown,64.012397,-145.353783,TRUE,Human
61.581467,-149.1418,10/18/2016 12:47,0.3,0.3,Human,0-25,SE,0-500,Grass,61.581467,-149.1418,TRUE,?
61.559533,-149.396983,10/17/2016 15:18,0.5,0.5,Miscellaneous,0-25,S,0-500,Grass,61.559533,-149.396983,TRUE,Human
61.733917,-148.702433,10/17/2016 13:02,1,1.6,Miscellaneous,41-55,S,501-1500,Mixed (Hardwoods/Softwoods),61.762743,-148.677028,TRUE,Human
61.660453,-149.111642,10/17/2016 2:24,1.2,1.2,Miscellaneous,0-25,S,501-1500,Grass,61.660453,-149.111642,TRUE,Human
61.660767,-149.043413,10/16/2016 23:33,0.5,0.5,Miscellaneous,26-40,SW,0-500,Grass,61.660233,-61.660233,TRUE,Human
61.552817,-148.9966,10/16/2016 19:04,15,15,Debris Burning,0-25,SE,0-500,Grass,61.5528167,-148.9966,TRUE,Human
61.660233,-149.03875,10/16/2016 13:30,0.3,1,Miscellaneous,0-25,W,0-500,Grass,61.6602333,-149.03875,TRUE,Human
61.647333,-149.124917,10/16/2016 13:26,0.5,0.5,Miscellaneous,0-25,NW,501-1500,Grass,61.647333,-149.124917,TRUE,Human
61.680867,-149.018617,10/15/2016 2:30,10,303,Debris Burning,0-25,S,501-1500,Grass,61.678533,-149.013917,TRUE,Human
58.3772222,-134.725,10/14/2016 16:00,0.1,0.1,Human,0-25,Flat,0-500,Unknown,58.3772222,-134.725,TRUE,Human
66.8622222,-160.885,10/12/2016 13:13,0.1,505.2,Human,0-25,Flat,0-500,Black Spruce,66.8666667,-161.1666667,TRUE,Human
64.053617,-145.3884,10/12/2016 10:54,0.1,0.1,Campfire,0-25,W,501-1500,Black Spruce,64.0536167,-145.3884,TRUE,Human
64.8366666,-147.6161111,10/8/2016 8:30,0.1,136.5,Prescribed,0-25,Flat,0-500,Black Spruce,64.8366666,-147.6161111,TRUE,Prescribed
63.92,-146.6128611,9/29/2016 13:52,0.1,124,Human,0-25,Flat,1501-2500,Black Spruce,63.9166945,-146.6,TRUE,Human
63.265783,-143.032083,9/26/2016 14:00,0.1,0.1,Smoking,0-25,N,1501-2500,Grass,63.265783,-143.032083,TRUE,Human
63.229967,-142.687633,9/25/2016 17:40,0.2,1.2,Children,0-25,N,1501-2500,Grass,63.229967,-142.687633,TRUE,Human
64.134633,-145.682417,9/21/2016 13:35,0.1,0.1,Miscellaneous,0-25,N,501-1500,Black Spruce,64.134633,-145.682417,TRUE,Human
64.062833,-145.736667,9/21/2016 13:23,0.1,0.1,Miscellaneous,0-25,NW,501-1500,Black Spruce,64.062833,-145.736667,TRUE,Human
61.519667,-148.887667,9/20/2016 8:59,0.1,0.1,Campfire,0-25,N,0-500,Mixed (Hardwoods/Softwoods),61.535033,-148.89525,TRUE,Human
58.2822222,-134.3741667,9/19/2016 12:25,0.1,0.1,Human,0-25,Flat,0-500,Unknown,58.2822222,-134.3741667,TRUE,Human
63.313083,-142.789555,9/15/2016 17:41,0.2,0.2,Equipment,0-25,N,1501-2500,Grass,63.313083,-142.789555,TRUE,Human
60.416667,-149.416667,9/12/2016 10:40,5,100,Prescribed,Unknown,Flat,0-500,Unknown,60.5,-151,TRUE,Prescribed
65.45,-148.6166667,9/11/2016 12:34,2,2,Human,0-25,Flat,0-500,Black Spruce,65.4833333,-148.5,TRUE,Human
62.02985,-145.402167,9/9/2016 16:35,0.1,0.1,Miscellaneous,0-25,N,501-1500,Live White Spruce,62.02985,-145.402167,TRUE,Human
58.3719445,-134.7263889,9/5/2016 10:00,0.1,0.1,Human,Unknown,Unknown,Unknown,Unknown,58.3719444,-134.7263889,TRUE,Human
61.9698,-146.4101,9/3/2016 14:25,0.1,2,Campfire,0-25,E,1501-2500,Mixed (Hardwoods/Softwoods),53,-148,TRUE,Human
64.6998056,-146.2823056,9/3/2016 14:07,2,33.8,Human,0-25,East,0501-1500,Black Spruce,64.693,-146.285,TRUE,Human
61.56075,-149.778267,9/3/2016 10:26,0.1,0.1,Debris Burning,0-25,NW,0-500,Black Spruce,61.56075,-149.778267,TRUE,Human
55.8425,-132.0938889,9/2/2016 13:55,0.2,0.2,Human,Unknown,Unknown,Unknown,Unknown,55.8425,-132.0938889,TRUE,Human
64.9291111,-161.0914722,9/2/2016 13:38,0.1,23.2,Human,0-25,Flat,0-500,Tundra,64.9080555,-161.1008333,TRUE,Human
61.02983,-161.18,9/1/2016 17:57,10,50,Human,0-25,SW,0-500,Black Spruce,61.036577,-161.259738,TRUE,?
60.51667,-150.01667,8/30/2016 14:24,0.1,0.1,Prescribed,Unknown,Unknown,Unknown,Unknown,60.516667,-150.016667,TRUE,Prescribed
61.50414,-149.98878,8/30/2016 14:10,0.1,0.1,Miscellaneous,0-25,N,0-500,Mixed (Hardwoods/Softwoods),61.50415,-149.988767,TRUE,Human
62.567267,-145.587117,8/30/2016 11:30,0.1,0.1,Campfire,0-25,NE,1501-2500,Black Spruce,62.75055,-145.587333,TRUE,Human
59.44125,-151.47456,8/30/2016 10:16,0.1,0.1,Human,0-25,N,0-500,Other,59.441265,-151.474546,TRUE,?
61.62722,-149.12414,8/29/2016 15:34,0.1,0.1,Debris Burning,0-25,S,0-500,Mixed (Hardwoods/Softwoods),61.627233,-149.12415,TRUE,Human
64.797017,-147.974667,8/29/2016 11:05,0.1,0.1,Miscellaneous,0-25,SE,501-1500,Mixed (Hardwoods/Softwoods),64.796878,-147.974977,TRUE,Human
62.01975,-145.338433,8/28/2016 17:59,0.1,0.1,Miscellaneous,0-25,NE,501-1500,Hardwoods,62.01975,-145.338433,TRUE,Human
61.837067,-145.224033,8/21/2016 14:32,0.1,0.1,Equipment,0-25,N,501-1500,Grass,61.837067,-145.224033,TRUE,Human
61.275,-149.427,8/20/2016 10:45,0.3,0.3,Human,41-55,NE,501-1500,Black Spruce,61.275,-149.427,TRUE,?
61.86055,-145.243617,8/18/2016 19:30,0.1,0.1,Equipment,0-25,N,501-1500,Grass,61.873883,-145.25555,TRUE,Human
61.9698,-146.4101,8/18/2016 15:34,0.1,1,Campfire,0-25,SE,1501-2500,Mixed (Hardwoods/Softwoods),61.971717,-146.422833,TRUE,Human
64.87469,-147.88053,8/17/2016 9:24,0.1,0.1,Equipment,0-25,NE,501-1500,Black Spruce,64.8747,-147.880517,TRUE,Human
69.7213889,-162.92,8/17/2016 0:00,0.1,9.4,Cause and Origin Not Identified,0-25,Flat,0-500,,69.7213889,-162.92, ,Undetermined
67.7001667,-164.4021667,8/16/2016 18:10,2,5,Human,0-25,Flat,0-500,Tundra,67.7025,-164.3422222,TRUE,Human
60.43406,-149.8615,8/16/2016 13:54,0.2,0.2,Campfire,Unknown,Unknown,Unknown,Unknown,60.43405,-149.861517,TRUE,Human
62.106337,-145.646199,8/15/2016 17:28,0.1,0.1,Miscellaneous,0-25,E,1501-2500,Grass,62.106337,-145.646199,TRUE,Human
60.778945,-151.135138,8/13/2016 13:36,0.1,0.1,Debris Burning,0-25,W,0-500,Other,60.778945,-151.135138,TRUE,Human
61.997917,-145.363617,8/10/2016 16:13,0.1,0.1,Debris Burning,0-25,E,501-1500,Mixed (Hardwoods/Softwoods),61.997917,-145.363617,TRUE,Human
60.26667,-149.3835,8/9/2016 14:37,0.1,0.1,Campfire,Unknown,Unknown,Unknown,Black Spruce,61.017167,-149.7335,TRUE,Human
60.52289,-150.83725,8/7/2016 10:00,0.1,0.1,Miscellaneous,0-25,Flat,0-500,Other,60.52213,-150.838075,TRUE,Human
58.6055556,-135.1958333,8/6/2016 8:00,0.1,0.1,Human,Unknown,Unknown,Unknown,Unknown,58.6055556,-135.1958333,TRUE,Human
63.8564167,-145.7601667,8/5/2016 21:08,0.1,0.1,Human,0-25,Flat,1501-2500,Black Spruce,63.856417,-145.760183,TRUE,Human
58.6086111,-134.9272222,8/1/2016 12:00,0.1,0.1,Human,0-25,South West,0-500,Unknown,58.6086111,-134.9272222,TRUE,Human
63.203217,-143.13925,7/31/2016 13:57,0.1,0.1,Campfire,0-25,SE,1501-2500,Unknown,63.203217,-143.13925,TRUE,Human
60.515483,-151.2514,7/30/2016 18:16,0.1,0.1,Miscellaneous,0-25,Flat,0-500,Live White Spruce,60.515483,-151.2514,TRUE,Human
63.32015,-142.641083,7/30/2016 15:53,0.1,0.1,Debris Burning,26-40,S,1501-2500,Mixed (Hardwoods/Softwoods),63.32015,-142.641083,TRUE,Human
64.887383,-147.707583,7/28/2016 16:49,0.1,0.1,Debris Burning,0-25,S,501-1500,Other,64.887383,-147.707583,TRUE,Human
60.95,-156.53333,7/28/2016 13:53,0.1,0.1,Lightning,0-25,NE,501-1500,Black Spruce,60.95,-156.533333,TRUE,Natural
60.5001389,-150.6613611,7/27/2016 23:45,0.1,0.1,Human,0-25,Flat,0-500,Other,60.50015,-150.661383,TRUE,Human
61.606,-154.92283,7/26/2016 18:01,1,1,Lightning,0-25,SE,501-1500,Grass,61.606,-154.922833,TRUE,Natural
65.3019445,-141.5797222,7/26/2016 17:57,150,94.6,Lightning,0-25,Flat,0501-1500,Tundra,65.3019445,-141.5797222,TRUE,Natural
61.95528,-157.39711,7/25/2016 20:00,0.3,0.3,Lightning,0-25,N,0-500,Black Spruce,61.955283,-157.397117,TRUE,Natural
61.417183,-144.473217,7/25/2016 8:17,0.1,0.1,Debris Burning,56-75,SE,0-500,Mixed (Hardwoods/Softwoods),61.417183,-144.473217,TRUE,Human
65.2545,-150.4908333,7/24/2016 17:17,0.1,0.1,Lightning,0-25,Flat,1501-2500,Tundra,65.2545,-150.4908333,TRUE,Natural
61.127094,-146.327507,7/23/2016 13:56,0.1,0.1,Human,0-25,NW,0-500,Other,61.127094,-146.327507,TRUE,?
55.761117,-132.495,7/22/2016 16:15,0.1,0.1,Under Investigation,Unknown,Flat,0-500,Unknown,55.7611111,-132.4927778,TRUE,Human
61.28725,-160.466367,7/21/2016 18:00,2,15.4,Lightning,0-25,N,0-500,Grass,61.288467,-160.464133,TRUE,Natural
60.55615,-151.0442,7/21/2016 14:59,0.1,0.1,Debris Burning,0-25,NE,0-500,Other,60.55615,-151.0442,TRUE,Human
66.1841667,-155.6718334,7/21/2016 13:14,0.1,0.1,Lightning,0-25,Flat,0-500,Black Spruce,66.1847222,-155.6752778,TRUE,Natural
61.532013,-142.964124,7/20/2016 16:55,0.1,0.1,Lightning,26-40,S,2501-3500,Other,61.532013,-142.964124,TRUE,Natural
67.0521667,-146.6425833,7/20/2016 15:59,0.1,14.5,Lightning,0-25,Flat,0501-1500,Black Spruce,67.1333333,-146.3833333,TRUE,Natural
60.471,-149.736333,7/19/2016 17:45,1,0.1,Campfire,Unknown,Unknown,Unknown,Other,60.471,-149.736333,TRUE,Human
63.1035,-145.610167,7/19/2016 16:41,0.1,1,Lightning,0-25,W,2501-3500,Mixed (Hardwoods/Softwoods),63.100145,-145.610388,TRUE,Natural
61.754183,-145.702411,7/19/2016 14:14,0.1,0.1,Human,0-25,SE,1501-2500,Black Spruce,61.754183,-145.702411,TRUE,?
62.562652,-144.668781,7/19/2016 11:29,0.1,0.1,Human,0-25,N,1501-2500,Black Spruce,62.562652,-144.668781,TRUE,?
60.5251389,-150.1553333,7/18/2016 19:45,0.1,0.1,Human,0-25,West,2501-3500,Other,60.530083,-151.001533,TRUE,Human
59.7027222,-151.2894722,7/18/2016 15:12,0.1,0.1,Human,0-25,Flat,0-500,Grass,53,-148,TRUE,Human
60.500833,-150.644333,7/18/2016 13:34,0.1,0.1,Miscellaneous,0-25,S,0-500,Other,60.500833,-150.644333,TRUE,Human
58.3927778,-134.7513889,7/18/2016 10:59,0.1,0.1,Human,0-25,Flat,0-500,Unknown,58.3927778,-134.7513889,TRUE,Human
65.6828334,-150.0035,7/18/2016 9:30,0.1,0.1,Lightning,0-25,South West,0501-1500,Black Spruce,65.6828334,-150.0035,TRUE,Natural
60.9650555,-156.38175,7/17/2016 19:21,50,122.8,Lightning,0-25,Flat,0501-1500,Black Spruce,60.95,-156.383333,TRUE,Natural
61.25389,-145.15303,7/17/2016 12:13,2,916.7,Lightning,56-75,S,1501-2500,Mixed (Hardwoods/Softwoods),61.253883,-145.153033,TRUE,Natural
61.24333,-145.065,7/17/2016 11:56,0.1,52.5,Lightning,26-40,N,501-1500,Other,61.243333,-145.065,TRUE,Natural
61.020583,-149.722,7/16/2016 23:30,3,777.5,Campfire,41-55,S,501-1500,Hardwoods,61.0224,-149.727867,TRUE,Human
64.825978,-147.926772,7/16/2016 20:07,0.1,0.1,Debris Burning,0-25,E,0-500,Mixed (Hardwoods/Softwoods),64.825978,-147.926772,TRUE,Human
60.03325,-151.702017,7/16/2016 19:38,0.1,0.1,Campfire,0-25,N,0-500,Grass,60.03325,-151.702017,TRUE,Human
64.5036667,-150.4311667,7/16/2016 17:28,2,2,Lightning,0-25,Flat,0501-1500,Black Spruce,64.5036667,-150.4311667,TRUE,Natural
65.0485,-154.0646667,7/16/2016 13:32,0.1,0.1,Lightning,0-25,South East,0501-1500,Black Spruce,65.0485,-154.0646667,TRUE,Natural
65.3573333,-151.8545278,7/16/2016 13:22,200,782.9,Lightning,0-25,Flat,1501-2500,Black Spruce,65.3573333,-151.8545,TRUE,Natural
62.4074167,-156.7291111,7/16/2016 13:21,2,2,Lightning,0-25,Flat,0501-1500,Black Spruce,62.407417,-156.729117,TRUE,Natural
65.0701667,-154.0403333,7/16/2016 12:46,0.1,5.3,Lightning,0-25,East,0501-1500,Black Spruce,65.0701667,-154.0403333,TRUE,Natural
65.0595,-154.107,7/16/2016 12:12,2,2,Lightning,26-40,South East,0501-1500,Black Spruce,65.0595,-154.107,TRUE,Natural
65.065,-154.0561111,7/16/2016 10:15,2,2,Lightning,26-40,North East,0501-1500,Black Spruce,65.0692222,-154.0363889,TRUE,Natural
60.57667,-155.34,7/15/2016 21:46,20,1493.9,Lightning,0-25,N,501-1500,Black Spruce,60.576667,-155.34,TRUE,Natural
63.9391667,-158.4902778,7/15/2016 21:45,100,181.2,Lightning,0-25,Flat,0-500,Black Spruce,63.9377778,-158.485,TRUE,Natural
61.34217,-154.613664,7/15/2016 21:21,150,984,Lightning,0-25,S,1501-2500,Mixed (Hardwoods/Softwoods),61.345,-154.628333,TRUE,Natural
65.3269444,-149.4677778,7/15/2016 19:18,2,2,Lightning,26-40,North West,1501-2500,Black Spruce,65.3269444,-149.4677778,TRUE,Natural
63.717433,-144.937583,7/15/2016 18:36,10,25.9,Campfire,0-25,E,1501-2500,Black Spruce,64.04305,-145.657704,TRUE,Human
62.85408,-156.72844,7/15/2016 18:26,0.1,311.9,Lightning,26-40,NW,1501-2500,Black Spruce,62.85,-156.76,TRUE,Natural
65.4533333,-145.461,7/15/2016 18:23,0.1,0.1,Lightning,0-25,Flat,2501-3500,Black Spruce,65.4533333,-145.4605555,TRUE,Natural
61.9454722,-145.2549444,7/15/2016 18:13,0.1,0.3,Lightning,0-25,Flat,0501-1500,Black Spruce,61.942437,-145.253367,TRUE,Natural
66.0301389,-156.7643056,7/15/2016 18:10,10,100.1,Lightning,0-25,Flat,0-500,Black Spruce,66.0247222,-156.7591667,TRUE,Natural
61.29411,-143.25083,7/15/2016 17:40,0.1,19719,Lightning,0-25,NW,501-1500,Other,61.337612,-143.202983,TRUE,Natural
65.6466667,-150.0256667,7/15/2016 17:37,0.1,920,Lightning,0-25,Flat,0-500,Black Spruce,65.6466667,-150.0256667,TRUE,Natural
65.545,-149.8641667,7/15/2016 17:19,0.1,484.9,Lightning,0-25,Flat,0501-1500,Black Spruce,65.545,-149.8641667,TRUE,Natural
61.992667,-145.112833,7/15/2016 16:29,0.2,0.2,Lightning,0-25,W,1501-2500,Black Spruce,61.992667,-145.112833,TRUE,Natural
63.9286389,-159.2971111,7/15/2016 16:25,0.1,27.7,Lightning,0-25,Flat,0-500,Black Spruce,63.9166667,-159.2833333,TRUE,Natural
65.0515833,-155.4330555,7/15/2016 16:15,100,144.1,Lightning,26-40,South East,1501-2500,Black Spruce,65.0530556,-155.4294444,TRUE,Natural
63.16667,-156.20369,7/15/2016 15:53,5,20.3,Lightning,56-75,E,1501-2500,Grass,63.165,-156.2083333,TRUE,Natural
65.26775,-153.9409167,7/15/2016 15:39,500,577.2,Lightning,0-25,South,1501-2500,Tundra,65.26775,-153.9409167,TRUE,Natural
65.3256667,-151.0538333,7/15/2016 15:32,10,494.7,Lightning,0-25,Flat,0501-1500,Black Spruce,65.3333333,-153.0166667,TRUE,Natural
65.2924722,-153.4771667,7/15/2016 15:30,0.1,42.2,Lightning,0-25,South,1501-2500,Tundra,65.2924722,-153.4771667,TRUE,Natural
65.2576111,-153.2021944,7/15/2016 15:23,100,186.7,Lightning,0-25,Flat,0501-1500,Black Spruce,65.2576111,-153.2021944,TRUE,Natural
64.5725,-157.66,7/15/2016 15:07,0.1,0.1,Lightning,0-25,Flat,0-500,Tundra,64.5725,-157.66,TRUE,Natural
63.64533,-155.05667,7/15/2016 14:52,5,752.4,Lightning,0-25,NW,501-1500,Black Spruce,63.645333,-155.056667,TRUE,Natural
64.0523333,-153.3172222,7/15/2016 14:48,200,148.4,Lightning,0-25,South East,0501-1500,Black Spruce,64.0523333,-153.3172222,TRUE,Natural
62.146817,-156.07895,7/15/2016 14:34,7,174.4,Lightning,26-40,E,501-1500,Black Spruce,62.148333,-156.075,TRUE,Natural
60.483417,-149.965833,7/15/2016 13:06,0.1,0.1,Campfire,Unknown,Unknown,Unknown,Grass,60.483417,-149.965833,TRUE,Human
60.59731,-150.87639,7/15/2016 13:00,0.1,0.1,Miscellaneous,0-25,W,0-500,Mixed (Hardwoods/Softwoods),60.597317,-150.876383,TRUE,Human
64.8338611,-143.3176389,7/15/2016 11:38,0.1,376.2,Lightning,0-25,Flat,2501-3500,Black Spruce,64.8333333,-143.3666667,TRUE,Natural
61.76035,-163.073933,7/15/2016 11:31,0.1,1092.3,Lightning,0-25,N,0-500,Other,61.759167,-163.059667,TRUE,Natural
62.748817,-154.072817,7/15/2016 11:27,75,1033.1,Lightning,0-25,N,501-1500,Black Spruce,62.75,-154.033333,TRUE,Natural
65.3108333,-154.6672222,7/15/2016 11:12,800,2157.3,Lightning,0-25,Flat,0501-1500,Black Spruce,65.3108333,-154.6672222,TRUE,Natural
61.69,-154.955,7/15/2016 8:45,300,920.8,Lightning,0-25,SE,501-1500,Black Spruce,62.180812,-154.761453,TRUE,Natural
61.176117,-161.81015,7/15/2016 8:38,0.1,253.1,Lightning,0-25,N,0-500,Other,61.166667,-161.8,TRUE,Natural
61.7601111,-149.2248889,7/14/2016 23:28,0.1,0.1,Human,0-25,Flat,1501-2500,Grass,61.7601,-149.224883,TRUE,Human
64.4746667,-157.8851667,7/14/2016 22:55,0.3,5,Lightning,0-25,Flat,0-500,Other,64.5333334,-157.9975,TRUE,Natural
64.4746667,-157.5496667,7/14/2016 22:47,5,442.8,Lightning,0-25,Flat,0-500,Other,64.4746667,-157.5496667,TRUE,Natural
60.28322,-163.12808,7/14/2016 22:34,0.1,369.8,Lightning,0-25,N,0-500,Other,59.959,-163.0935,TRUE,Natural
65.1225,-152.841,7/14/2016 22:29,3,3,Lightning,0-25,Flat,0-500,Black Spruce,65.1225,-152.841,TRUE,Natural
61.167383,-159.22385,7/14/2016 22:19,350,9411,Lightning,0-25,NE,0-500,Black Spruce,61.178833,-159.184667,TRUE,Natural
64.7539167,-163.5188889,7/14/2016 21:40,0.1,12,Human,0-25,Flat,0-500,Tundra,64.75,-163.5333334,TRUE,Human
64.7415556,-157.3266111,7/14/2016 21:34,0.1,0.1,Lightning,0-25,South,0501-1500,Unknown,64.7385,-157.3221667,TRUE,Natural
64.361708,-149.402986,7/14/2016 20:24,5,6.7,Lightning,0-25,NE,0-500,Dead White Spruce,64.361667,-149.402833,TRUE,Natural
65.6443333,-157.9518333,7/14/2016 20:21,0.1,0.1,Lightning,0-25,Flat,0501-1500,Black Spruce,65.6443333,-157.9518333,TRUE,Natural
65.8568334,-157.7255,7/14/2016 19:23,8,2610,Lightning,0-25,Flat,0-500,Black Spruce,65.8568334,-157.7255,TRUE,Natural
65.8425,-157.7121667,7/14/2016 19:22,0.3,0.3,Lightning,0-25,Flat,0-500,Black Spruce,65.8425,-157.7121667,TRUE,Natural
64.719833,-148.45,7/14/2016 19:15,0.1,0.1,Lightning,0-25,E,501-1500,Unknown,64.719833,-148.45,TRUE,Natural
63.232033,-142.258883,7/14/2016 19:15,0.1,0.1,Lightning,0-25,SE,1501-2500,Black Spruce,63.230416,-142.256813,TRUE,Natural
65.7841667,-157.9473333,7/14/2016 19:10,0.3,6505.5,Lightning,0-25,Flat,0-500,Black Spruce,65.7841667,-157.9473333,TRUE,Natural
65.6971667,-157.9456667,7/14/2016 19:09,0.1,0.1,Lightning,0-25,South West,0501-1500,Black Spruce,65.6971667,-157.9456667,TRUE,Natural
65.646,-157.7893334,7/14/2016 19:03,0.1,217.7,Lightning,0-25,Flat,0501-1500,Black Spruce,65.646,-157.7893334,TRUE,Natural
65.2321667,-158.3686667,7/14/2016 18:42,8,10912.8,Lightning,0-25,East,0501-1500,Black Spruce,65.2321667,-158.3686667,TRUE,Natural
63.9377778,-153.4836111,7/14/2016 18:02,0.1,1147.2,Lightning,26-40,South East,0501-1500,Black Spruce,63.9377778,-153.4836111,TRUE,Natural
63.5863333,-159.7531667,7/14/2016 17:55,4,142.9,Lightning,0-25,South West,0501-1500,Black Spruce,63.5863333,-159.7531667,TRUE,Natural
63.654,-159.7665,7/14/2016 17:48,8,363.7,Lightning,0-25,Flat,0501-1500,Black Spruce,63.654,-159.7665,TRUE,Natural
63.6708334,-159.8278333,7/14/2016 17:48,5,178.5,Lightning,0-25,Flat,0501-1500,Black Spruce,63.6708334,-159.8278333,TRUE,Natural
63.436443,-153.542538,7/14/2016 17:43,15,354.4,Lightning,0-25,NE,501-1500,Mixed (Hardwoods/Softwoods),63.416667,-153.566667,TRUE,Natural
64.0640278,-159.2570278,7/14/2016 17:27,2,12.7,Lightning,0-25,Flat,0-500,Black Spruce,64.0648333,-159.2558333,TRUE,Natural
62.5315,-144.7271666,7/14/2016 17:22,0.3,3264.8,Lightning,0-25,Flat,1501-2500,Dead White Spruce,62.5315,-144.727167,TRUE,Natural
65.3837222,-145.9532222,7/14/2016 17:16,0.1,1,Lightning,0-25,Flat,2501-3500,Black Spruce,65.3873055,-145.9724166,TRUE,Natural
63.19469,-142.99972,7/14/2016 16:58,0.1,669.7,Lightning,26-40,NW,1501-2500,Dead White Spruce,63.215986,-143.018104,TRUE,Natural
64.07711,-149.42775,7/14/2016 16:44,0.1,17.4,Lightning,26-40,NW,1501-2500,Black Spruce,64.060669,-149.006641,TRUE,Natural
64.6895,-157.6970278,7/14/2016 16:40,30,30,Lightning,0-25,Flat,0-500,Black Spruce,64.6895,-157.697,TRUE,Natural
64.50067,-146.44517,7/14/2016 16:16,20,1049.3,Lightning,0-25,NW,501-1500,Dead White Spruce,64.50005,-146.458783,TRUE,Natural
65.061167,-147.28,7/14/2016 16:10,0.1,0.1,Lightning,26-40,NW,1501-2500,Black Spruce,65.049333,-147.337333,TRUE,Natural
65.1625,-142.7819444,7/14/2016 15:52,8,401.7,Lightning,0-25,Flat,1501-2500,Black Spruce,65.1583333,-142.7959167,TRUE,Natural
64.5736111,-142.0980556,7/14/2016 14:48,0.1,0.1,Lightning,0-25,North West,1501-2500,Black Spruce,64.5646945,-142.1014722,TRUE,Natural
65.031333,-147.700833,7/14/2016 14:37,0.1,0.6,Lightning,0-25,SE,501-1500,Black Spruce,65.031333,-147.700833,TRUE,Natural
63.416667,-154.45,7/14/2016 13:03,15,202.5,Lightning,0-25,W,501-1500,Mixed (Hardwoods/Softwoods),63.416667,-154.45,TRUE,Natural
61.95906,-157.38703,7/14/2016 11:41,5,16.7,Lightning,0-25,NE,0-500,Black Spruce,61.960167,-157.373833,TRUE,Natural
62.29583,-158.8945,7/14/2016 11:40,35,8021.4,Lightning,0-25,SE,0-500,Grass,53,-148,TRUE,Natural
61.986233,-157.359217,7/14/2016 11:35,10,1110,Lightning,56-75,NE,501-1500,Black Spruce,61.981833,-157.368167,TRUE,Natural
61.977867,-157.550033,7/14/2016 11:29,15,3733.3,Lightning,26-40,NE,0-500,Mixed (Hardwoods/Softwoods),61.984333,-157.6295,TRUE,Natural
61.26933,-160.28783,7/14/2016 11:21,1,4368.8,Lightning,0-25,N,0-500,Grass,61.269333,-160.287833,TRUE,Natural
62.1335,-158.393,7/13/2016 23:53,5,5006.6,Lightning,26-40,S,501-1500,Black Spruce,62.122833,-158.406667,TRUE,Natural
61.96183,-157.83667,7/13/2016 23:51,1,2,Lightning,26-40,SW,501-1500,Black Spruce,62,-157.833333,TRUE,Natural
62.03367,-159.15736,7/13/2016 23:45,1,1,Lightning,0-25,W,0-500,Unknown,62,-159.3333333,TRUE,Natural
61.86417,-158.94183,7/13/2016 23:39,15,15,Lightning,0-25,NW,501-1500,Grass,61.864167,-158.941833,TRUE,Natural
61.83567,-158.999,7/13/2016 23:36,10,3,Lightning,0-25,E,501-1500,Black Spruce,61.835667,-158.999,TRUE,Natural
65.096917,-147.9589,7/13/2016 22:03,0.5,0.1,Lightning,41-55,W,501-1500,Black Spruce,65.117871,-148.170343,TRUE,Natural
61.6892,-159.278017,7/13/2016 21:18,0.5,1088.4,Lightning,0-25,S,0-500,Hardwoods,61.667167,-159.406,TRUE,Natural
64.5211111,-155.1638889,7/13/2016 21:14,0.5,0.5,Lightning,0-25,Flat,0-500,Black Spruce,64.5211111,-155.1638889,TRUE,Natural
61.681833,-159.278,7/13/2016 21:10,2,0.1,Lightning,56-75,SE,501-1500,Grass,61.681833,-159.278,TRUE,Natural
64.032,-156.0363333,7/13/2016 20:51,20,130.3,Lightning,0-25,Flat,0-500,Black Spruce,64.032,-156.0363333,TRUE,Natural
64.013,-156.0215,7/13/2016 20:40,10,1256.6,Lightning,0-25,Flat,0-500,Black Spruce,64.013,-156.0215,TRUE,Natural
61.356,-160.82733,7/13/2016 20:30,3,6042.1,Lightning,0-25,S,0-500,Black Spruce,61.356,-160.827333,TRUE,Natural
61.49017,-159.15783,7/13/2016 20:28,2,1261.3,Lightning,0-25,N,0-500,Unknown,61.528333,-159.227,TRUE,Natural
61.058833,-161.333833,7/13/2016 20:13,1.5,1320,Lightning,0-25,N,0-500,Black Spruce,61.058833,-161.333833,TRUE,Natural
60.67322,-161.41494,7/13/2016 20:12,0.5,0.5,Lightning,0-25,E,0-500,Grass,60.675,-161.42,TRUE,Natural
64.1011667,-157.5366667,7/13/2016 20:05,5,15.1,Lightning,0-25,Flat,0-500,Black Spruce,64.1011667,-157.5366667,TRUE,Natural
63.978,-156.9320278,7/13/2016 19:50,15,817.3,Lightning,0-25,North West,0501-1500,Black Spruce,63.978,-156.932,TRUE,Natural
64.2166667,-157.1071667,7/13/2016 19:44,1,1,Lightning,0-25,Flat,0501-1500,Black Spruce,64.2166667,-157.1071667,TRUE,Natural
64.2361111,-157.2452778,7/13/2016 19:30,30,96.9,Lightning,0-25,Flat,0501-1500,Black Spruce,64.2348333,-157.242,TRUE,Natural
60.6985,-161.23581,7/13/2016 19:22,2,1.5,Lightning,0-25,SW,0-500,Grass,60.6985,-161.235833,TRUE,Natural
60.950217,-156.300883,7/13/2016 18:54,0.1,8606.4,Lightning,0-25,W,501-1500,Mixed (Hardwoods/Softwoods),61.033333,-155.666667,TRUE,Natural
64.058333,-144.421667,7/13/2016 18:42,0.3,0.3,Lightning,56-75,NE,1501-2500,Unknown,64.058333,-144.421667,TRUE,Natural
64.156667,-144.59,7/13/2016 18:15,0.1,0.1,Lightning,26-40,S,1501-2500,Black Spruce,64.156667,-144.59,TRUE,Natural
63.677333,-144.486833,7/13/2016 17:55,0.1,0.5,Lightning,0-25,W,1501-2500,Dead White Spruce,63.664941,-144.51735,TRUE,Natural
63.323333,-155.785,7/13/2016 17:42,0.5,0.1,Lightning,0-25,NE,501-1500,Black Spruce,63.336833,-155.7775,TRUE,Natural
63.351667,-155.795,7/13/2016 17:38,2,0.1,Lightning,0-25,N,501-1500,Black Spruce,63.34,-155.7788,TRUE,Natural
63.34,-155.885833,7/13/2016 17:34,1.5,3077,Lightning,0-25,W,501-1500,Mixed (Hardwoods/Softwoods),63.34,-155.885833,TRUE,Natural
63.637336,-148.65,7/13/2016 17:12,0.1,0.1,Lightning,0-25,NW,1501-2500,Black Spruce,63.637336,-148.65,TRUE,Natural
60.532717,-161.023583,7/13/2016 17:10,0.5,10,Lightning,26-40,E,501-1500,Grass,60.55,-161.066667,TRUE,Natural
63.5577,-155.1093,7/13/2016 16:07,0.1,16.6,Lightning,0-25,NE,501-1500,Black Spruce,63.55,-155.116667,TRUE,Natural
62.898333,-144.818833,7/13/2016 16:02,7,798,Lightning,0-25,SW,2501-3500,Dead White Spruce,62.898333,-144.818833,TRUE,Natural
60.11667,-162.01667,7/13/2016 16:01,0.1,0.5,Lightning,0-25,SE,0-500,Grass,60.133333,-162,TRUE,Natural
62.70008,-144.32528,7/13/2016 14:42,15,49.1,Lightning,0-25,SW,1501-2500,Black Spruce,62.710186,-144.288057,TRUE,Natural
67.1187222,-153.2913889,7/13/2016 14:02,0.1,0.1,Lightning,0-25,Flat,0501-1500,Black Spruce,67.1187222,-153.2913889,TRUE,Natural
62.609183,-156.646367,7/13/2016 0:04,10,44.9,Lightning,0-25,NW,501-1500,Black Spruce,62.604667,-156.652833,TRUE,Natural
69.4769444,-150.5602778,7/13/2016 0:00,0.1,4.9,Lightning,0-25,Flat,0-500,,69.4769444,-150.5602778, ,Natural
61.857033,-149.761417,7/12/2016 18:25,0.1,0.5,Lightning,26-40,SW,1501-2500,Other,61.739693,-149.233807,TRUE,Natural
64.3822222,-161.1411111,7/12/2016 16:59,0.1,5.1,Human,0-25,Flat,0-500,Other,64.4166667,-161.1666667,TRUE,Human
61.7616667,-149.485,7/12/2016 15:45,0.1,0.1,Human,0-25,Flat,1501-2500,Other,61.761667,-149.485,TRUE,Human
64.443683,-144.383617,7/12/2016 12:55,0.5,0.5,Lightning,Unknown,Unknown,Unknown,Black Spruce,64.443683,-144.383617,TRUE,Natural
61.5732778,-150.4591389,7/12/2016 12:46,0.1,0.2,Human,0-25,Flat,0-500,Other,61.572167,-150.473833,TRUE,Human
66.7036667,-150.9285,7/11/2016 20:07,0.5,3965.6,Lightning,0-25,Flat,0501-1500,Black Spruce,66.7036667,-150.9285,TRUE,Natural
55.68444,-132.52861,7/11/2016 15:05,0.1,0.1,Under Investigation,Unknown,Unknown,Unknown,Unknown,55.6844444,-132.5286111,TRUE,Human
60.256367,-151.2228,7/10/2016 13:05,0.1,0.1,Campfire,0-25,Flat,0-500,Other,60.519117,-150.839317,TRUE,Human
61.79505,-145.629167,7/9/2016 19:29,3,1.5,Human,0-25,SE,1501-2500,Black Spruce,61.79505,-145.629167,TRUE,?
68.2013889,-159.6530555,7/9/2016 14:00,130,206.5,Lightning,0-25,Flat,0501-1500,Tundra,68.2013889,-159.6530555,TRUE,Natural
58.608472,-134.927417,7/8/2016 15:07,0.1,0.1,Campfire,Unknown,Unknown,Unknown,Unknown,58.608472,-134.927417,TRUE,Human
66.42825,-156.79,7/6/2016 20:05,8,26.1,Lightning,0-25,Flat,0501-1500,Black Spruce,66.424,-156.79,TRUE,Natural
67.1241667,-157.4026667,7/6/2016 17:34,0.5,0.5,Lightning,0-25,Flat,0-500,Black Spruce,67.1241667,-157.4026667,TRUE,Natural
60.5181,-150.5552,7/6/2016 16:00,0.1,0.1,Human,0-25,Flat,0-500,Other,60.518012,-150.555112,TRUE,?
66.7552778,-153.7311111,7/5/2016 21:27,0.1,0.1,Lightning,0-25,Flat,0501-1500,Black Spruce,66.7499445,-153.751,TRUE,Natural
66.6175833,-154.0528889,7/5/2016 21:23,10,58565.3,Lightning,0-25,Flat,0501-1500,Black Spruce,66.6220556,-154.0569167,TRUE,Natural
66.6470833,-151.5468611,7/5/2016 20:31,451,559.1,Lightning,0-25,Flat,0501-1500,Black Spruce,66.65,-151.5611111,TRUE,Natural
67.112,-152.9756666,7/5/2016 11:08,15,30.9,Lightning,0-25,Flat,0501-1500,Mixed Trees,67.112,-152.9756666,TRUE,Natural
66.5800278,-152.5644722,7/3/2016 21:41,0.1,0.1,Lightning,0-25,Flat,0-500,Mixed (Hardwoods/Softwoods),66.5800278,-152.5644722,TRUE,?
67.0945,-152.9413333,7/3/2016 21:26,0.1,0.1,Lightning,0-25,Flat,0501-1500,Black Spruce,67.0945,-152.9413333,TRUE,Natural
67.1267222,-152.3189167,7/3/2016 21:16,0.1,6548.5,Lightning,0-25,Flat,1501-2500,Black Spruce,67.1021667,-152.3323333,TRUE,Natural
60.501767,-150.164833,7/3/2016 14:35,0.1,0.1,Campfire,26-40,W,0-500,Mixed (Hardwoods/Softwoods),60.501767,-150.164833,TRUE,Human
60.521133,-150.388667,7/3/2016 14:07,0.1,0.1,Campfire,0-25,N,0-500,Unknown,60.6878,-150.388667,TRUE,Human
67.0276667,-153.4516667,7/2/2016 19:34,0.1,36.3,Lightning,0-25,Flat,1501-2500,Brush,67.0276667,-153.4516667,TRUE,Natural
67.2055833,-154.9233889,7/2/2016 18:46,60,1443.8,Lightning,0-25,Flat,0501-1500,Black Spruce,67.2044444,-154.9430556,TRUE,Natural
67.096,-152.9251667,7/2/2016 17:42,0.5,36,Lightning,0-25,Flat,0501-1500,Black Spruce,67.096,-152.9251667,TRUE,Natural
67.0522222,-155.9908333,7/2/2016 12:40,20,34590.8,Lightning,0-25,Flat,0-500,Black Spruce,67.0522222,-155.9908333,TRUE,Natural
67.1394445,-155.6241667,7/1/2016 18:40,10,4424.3,Lightning,26-40,South,0501-1500,Black Spruce,67.1394445,-156.6241667,TRUE,Natural
67.0971667,-152.4736667,7/1/2016 15:35,2,2,Lightning,0-25,Flat,0501-1500,Tundra,67.0972222,-153.4736667,TRUE,Natural
65.56875,-152.8525834,6/30/2016 19:20,10,5.7,Lightning,0-25,Flat,0501-1500,Tundra,65.56875,-152.8525834,TRUE,Natural
61.12547,-164.01456,6/30/2016 17:19,0.1,13,Lightning,0-25,N,0-500,Grass,61.208889,-164.351111,TRUE,Natural
58.215,-135.11,6/30/2016 9:00,0.1,0.1,Human,0-25,Flat,0-500,Unknown,58.215,-135.11,TRUE,Human
65.7820278,-152.73425,6/29/2016 19:39,10,2134.3,Lightning,0-25,Flat,0501-1500,Tundra,65.781,-152.7341667,TRUE,Natural
66.9510555,-146.4404444,6/29/2016 19:37,2,2847.8,Lightning,0-25,Flat,0501-1500,Black Spruce,66.95,-146.45,TRUE,Natural
60.46555,-150.88945,6/29/2016 17:32,0.1,0.1,Equipment,26-40,NE,0-500,Grass,60.46555,-150.88945,TRUE,Human
60.46595,-150.889083,6/29/2016 16:58,0.1,0.1,Equipment,26-40,NE,0-500,Grass,60.465945,-150.88889,TRUE,Human
61.4591389,-149.3593055,6/29/2016 13:13,0.1,0.1,Human,0-25,Flat,0-500,Grass,61.459133,-149.3593,TRUE,Human
61.2985,-149.9946667,6/28/2016 19:51,2,3.2,Human,0-25,Flat,0-500,Mixed (Hardwoods/Softwoods),61.2985,-149.994667,TRUE,Human
66.0666667,-150.4666667,6/28/2016 19:09,5,0.5,Lightning,0-25,Flat,0501-1500,White Spruce,66.0666667,-150.4666667,TRUE,Natural
60.528567,-150.795283,6/28/2016 16:05,0.1,0.1,Debris Burning,0-25,Flat,0-500,Other,60.528567,-150.795283,TRUE,Human
66.5518333,-152.6219445,6/28/2016 15:17,0.1,0.1,Lightning,0-25,Flat,0-500,Black Spruce,66.5518333,-152.6219445,TRUE,Natural
59.662067,-151.442383,6/28/2016 14:42,0.1,0.1,Debris Burning,0-25,Flat,0-500,Grass,59.662067,-151.442383,TRUE,Human
61.5625278,-149.2771111,6/28/2016 14:19,0.1,0.1,Human,0-25,Flat,0-500,Grass,61.5625167,-149.2771167,TRUE,Human
60.479483,-150.44635,6/28/2016 14:09,0.1,0.1,Miscellaneous,0-25,Flat,0-500,Other,60.4795,-150.44725,TRUE,Human
65.3043333,-147.3335,6/28/2016 13:32,1,1,Lightning,0-25,Flat,1501-2500,Tundra,65.3043333,-147.3335,TRUE,Natural
60.47285,-150.738867,6/28/2016 6:44,0.1,0.1,Miscellaneous,0-25,N,0-500,Other,60.47285,-150.738867,TRUE,Human
65.3964167,-142.7300833,6/27/2016 19:29,2,18.1,Lightning,0-25,South,1501-2500,Black Spruce,65.3955,-142.7321666,TRUE,Natural
67.0764444,-152.9383056,6/27/2016 16:47,5,52.4,Lightning,0-25,North East,1501-2500,Black Spruce,67.0666667,-152.9333333,TRUE,Natural
66.1816944,-155.7030833,6/27/2016 16:00,0.1,0.1,Lightning,0-25,Flat,0501-1500,Black Spruce,66.1816944,-155.7030833,TRUE,Natural
66.7556389,-153.3252222,6/27/2016 15:28,10,730.7,Lightning,0-25,Flat,0501-1500,Black Spruce,66.75,-153.3,TRUE,Natural
64.071533,-145.6911,6/27/2016 13:23,0.1,0.1,Campfire,0-25,NE,501-1500,Black Spruce,64.071533,-145.6911,TRUE,Human
68.8775,-153.1972222,6/27/2016 0:00,0.1,11.9,Lightning,0-25,Flat,0501-1500,,68.8775,-153.1972222, ,Natural
65.4430556,-148.8839444,6/26/2016 22:13,28.4,28.4,Lightning,0-25,Flat,1501-2500,Tundra,65.443,-148.8835,TRUE,Natural
61.74867,-149.55917,6/26/2016 21:00,1,1,Human,0-25,NW,1501-2500,Grass,61.748667,-149.559167,TRUE,?
64.5805,-151.7238333,6/26/2016 20:54,5,112.3,Lightning,0-25,Flat,0-500,Black Spruce,64.5333334,-151.75,TRUE,Natural
66.49425,-149.3170833,6/26/2016 19:48,15,51.7,Lightning,0-25,Flat,1501-2500,Black Spruce,66.4931667,-149.312,TRUE,Natural
67.1958056,-152.6713334,6/26/2016 19:12,0.1,202.8,Lightning,0-25,North West,1501-2500,Black Spruce,67.1958056,-152.6713334,TRUE,Natural
65.4801389,-144.4698611,6/26/2016 18:51,0.1,32.7,Lightning,0-25,Flat,0501-1500,Black Spruce,65.5,-144.4833333,TRUE,Natural
64.487,-148.783,6/26/2016 18:22,1.5,1.5,Lightning,0-25,Flat,0-500,Other,64.484017,-148.776783,TRUE,Natural
65.5071389,-151.7603611,6/26/2016 17:59,10,56.8,Lightning,0-25,Flat,0501-1500,Black Spruce,65.5053333,-151.771,TRUE,Natural
65.201,-141.0923333,6/26/2016 17:59,20,89.6,Lightning,26-40,West,1501-2500,Black Spruce,65.201,-141.0923333,TRUE,Natural
65.2228333,-141.138,6/26/2016 17:40,1,9,Lightning,0-25,Flat,2501-3500,Black Spruce,65.2228333,-141.138,TRUE,Natural
64.287167,-146.2712,6/26/2016 17:36,0.1,0.1,Lightning,0-25,E,501-1500,Unknown,64.287167,-146.2712,TRUE,Natural
65.2458333,-141.1571667,6/26/2016 17:25,200,159.3,Lightning,26-40,East,2501-3500,Black Spruce,65.2458333,-141.1571667,TRUE,Natural
64.8427222,-148.22525,6/26/2016 17:16,0.1,0.1,Human,0-25,Flat,0501-1500,Black Spruce,64.84271,-148.225232,TRUE,Human
64.580917,-146.869,6/26/2016 17:12,0.1,0.5,Lightning,0-25,Flat,501-1500,Black Spruce,64.572,-146.871833,TRUE,Natural
65.3133333,-141.228,6/26/2016 17:09,0.1,180,Lightning,0-25,North East,1501-2500,Black Spruce,65.3133333,-141.228,TRUE,Natural
65.4611111,-141.7741667,6/26/2016 16:58,1,89.6,Lightning,0-25,North East,1501-2500,Black Spruce,65.463,-141.7746667,TRUE,Natural
64.554,-149.0914167,6/26/2016 16:49,0.1,0.1,Lightning,0-25,Flat,0-500,Unknown,64.554,-149.091433,TRUE,Natural
65.453,-142.4800833,6/26/2016 16:49,3,771.5,Lightning,0-25,North West,0501-1500,Black Spruce,65.45,-142.4833333,TRUE,Natural
64.55,-148.2666667,6/26/2016 16:20,1,1,Lightning,0-25,Flat,0-500,Black Spruce,64.55,-148.2666667,TRUE,Natural
66.6653333,-153.1206667,6/26/2016 16:09,17,1832,Lightning,0-25,Flat,0501-1500,Black Spruce,66.6653333,-153.1206667,TRUE,Natural
64.5133889,-149.0714722,6/26/2016 15:59,0.1,0.1,Lightning,0-25,Flat,0-500,Grass,64.255917,-149.185402,TRUE,Natural
65.059,-147.3305,6/26/2016 15:11,0.1,1.4,Lightning,26-40,SE,1501-2500,Black Spruce,65.059,-147.3305,TRUE,Natural
64.72025,-148.265633,6/26/2016 15:09,3,1,Lightning,0-25,S,0-500,Black Spruce,64.7195,-148.268667,TRUE,Natural
63.836833,-144.103333,6/26/2016 15:06,0.8,0.8,Lightning,0-25,SE,501-1500,Other,63.836833,-144.103333,TRUE,Natural
65.022333,-148.3035,6/26/2016 14:33,0.1,0.1,Lightning,0-25,N,0-500,Black Spruce,65.022333,-148.3035,TRUE,Natural
66.7983611,-153.9683333,6/26/2016 14:17,2,52334.7,Lightning,0-25,Flat,0501-1500,Black Spruce,66.8,-153.9666666,TRUE,Natural
66.8086111,-154.0144444,6/26/2016 14:12,0.1,1.6,Lightning,0-25,Flat,0501-1500,Black Spruce,66.80525,-154.0047222,TRUE,Natural
65.1943,-147.4694,6/26/2016 13:49,0.3,23.3,Lightning,41-55,SE,1501-2500,Mixed (Hardwoods/Softwoods),65.194167,-147.470333,TRUE,Natural
64.664,-150.8266667,6/26/2016 13:45,0.1,1.7,Lightning,0-25,Flat,0501-1500,Black Spruce,64.664,-150.8266667,TRUE,Natural
64.6741389,-151.288,6/26/2016 13:34,0.1,4.5,Lightning,0-25,Flat,0501-1500,Unknown,64.6778334,-151.2818333,TRUE,Natural
64.6605,-151.4036667,6/26/2016 12:59,0.1,0.1,Lightning,0-25,Flat,1501-2500,Black Spruce,64.6666667,-151.5333334,TRUE,Natural
67.124,-161.0531667,6/26/2016 12:14,400,400.7,Lightning,0-25,Flat,0-500,Black Spruce,67.1288889,-161.0552778,TRUE,Natural
66.1194444,-155.7372222,6/26/2016 11:48,2,755.2,Lightning,0-25,Flat,0501-1500,Black Spruce,66.1176667,-155.7368333,TRUE,Natural
66.1360833,-155.7424445,6/26/2016 11:48,20,14864.2,Lightning,0-25,Flat,0501-1500,Black Spruce,66.1261667,-155.7426667,TRUE,Natural
65.8693333,-155.7556667,6/26/2016 11:30,500,58137.8,Lightning,0-25,Flat,0-500,Black Spruce,65.8693333,-155.7556667,TRUE,Natural
63.949317,-144.840967,6/26/2016 8:40,0.1,1,Lightning,0-25,NW,501-1500,Black Spruce,63.949317,-144.840967,TRUE,Natural
66.5570833,-153.0394722,6/25/2016 21:55,5,73.8,Lightning,0-25,Flat,0501-1500,Black Spruce,64.5666667,-152.8833333,TRUE,Natural
65.8618334,-147.9858333,6/25/2016 21:46,0.1,0.1,Lightning,0-25,Flat,1501-2500,Black Spruce,65.8618334,-147.9858333,TRUE,Natural
67.1538333,-153.1511389,6/25/2016 21:18,0.1,36751.9,Lightning,0-25,Flat,0501-1500,Black Spruce,67.1372778,-153.2304167,TRUE,Natural
65.1280833,-153.0929444,6/25/2016 20:41,0.1,1,Lightning,0-25,Flat,0-500,Tundra,65.1280833,-153.0929444,TRUE,Natural
65.1866389,-154.0336667,6/25/2016 20:00,0.3,0.3,Lightning,0-25,South,2501-3500,Tundra,65.1866389,-154.0336667,TRUE,Natural
65.184,-147.65892,6/25/2016 19:15,30,38.2,Lightning,0-25,NW,1501-2500,Dead White Spruce,65.17418,-147.90666,TRUE,Natural
61.4708611,-149.7303611,6/25/2016 18:01,0.1,0.1,Human,0-25,Flat,0-500,Grass,61.474747,-149.735443,TRUE,Human
64.44795,-145.903417,6/25/2016 17:24,0.1,0.1,Lightning,41-55,E,1501-2500,Grass,64.44795,-145.903417,TRUE,Natural
64.944667,-146.054667,6/25/2016 17:24,0.1,1.7,Lightning,0-25,N,501-1500,Mixed (Hardwoods/Softwoods),64.944667,-146.054667,TRUE,Natural
65.3501667,-154.5851666,6/25/2016 16:29,6,1066.7,Lightning,0-25,Flat,0501-1500,Tundra,65.3501667,-154.5851666,TRUE,Natural
65.033333,-146.883333,6/25/2016 16:09,0.1,1.2,Lightning,41-55,NE,1501-2500,Mixed (Hardwoods/Softwoods),65.033333,-146.883333,TRUE,Natural
63.8036,-143.9822,6/25/2016 15:59,0.1,1,Lightning,41-55,W,2501-3500,Hardwoods,63.8036,-143.9822,TRUE,Natural
65.4328333,-154.8623334,6/25/2016 15:54,3,2730.5,Lightning,0-25,Flat,0501-1500,Mixed (Hardwoods/Softwoods),65.4328333,-154.8623334,TRUE,Natural
64.18,-144.589,6/25/2016 15:35,0.1,0.1,Lightning,26-40,W,1501-2500,Black Spruce,64.18,-144.589,TRUE,Natural
64.171,-144.60217,6/25/2016 15:33,0.1,33,Lightning,26-40,S,1501-2500,Black Spruce,64.171,-144.602167,TRUE,Natural
64.2163056,-144.5704722,6/25/2016 14:26,0.1,8.7,Lightning,0-25,North West,1501-2500,Black Spruce,64.2,-144.566667,TRUE,Natural
64.120667,-147.005333,6/25/2016 9:52,0.1,62,Lightning,0-25,N,501-1500,Other,64.3,-146.966667,TRUE,Natural
62.727583,-141.179683,6/24/2016 16:08,0.1,0.1,Lightning,0-25,SW,1501-2500,Mixed (Hardwoods/Softwoods),62.729167,-141.181833,TRUE,Natural
63.24795,-141.916,6/24/2016 13:36,2,4,Lightning,0-25,SW,2501-3500,Black Spruce,63.2465,-141.9103,TRUE,Natural
59.842117,-151.77955,6/22/2016 21:58,0.1,0.1,Human,0-25,W,0-500,Grass,59.841223,-151.780762,TRUE,?
64.520883,-146.976183,6/21/2016 12:07,0.1,0.1,Miscellaneous,0-25,S,501-1500,Grass,64.520932,-146.974643,TRUE,Human
61.51035,-144.067283,6/19/2016 11:30,0.1,0.1,Campfire,0-25,SW,501-1500,Other,61.51035,-144.067283,TRUE,Human
61.460601,-143.828093,6/19/2016 11:30,0.1,0.1,Campfire,0-25,NW,1501-2500,Other,61.460601,-143.828093,TRUE,Human
61.480145,-144.008883,6/19/2016 11:30,0.1,0.1,Campfire,0-25,N,501-1500,Other,61.480145,-144.008883,TRUE,Human
62.382,-148.505,6/18/2016 19:43,20,62.7,Human,0-25,South West,1501-2500,Other,62.4061,-148.524433,TRUE,Human
65.2936667,-150.525,6/18/2016 18:50,1,2,Lightning,26-40,North,1501-2500,Tundra,65.2936667,-150.525,TRUE,Natural
64.225,-141.1646667,6/18/2016 16:13,10,748.5,Lightning,0-25,Flat,1501-2500,Black Spruce,64.2385833,-141.1783889,TRUE,Natural
64.872185,-147.818159,6/18/2016 0:31,0.1,0.1,Debris Burning,0-25,SE,0-500,Other,64.872185,-147.818159,TRUE,Human
68.0768333,-163.5061667,6/17/2016 19:38,5,11.7,Lightning,0-25,Flat,0501-1500,Tussock,68.0768333,-163.5061667,TRUE,Natural
68.238,-165.3793333,6/17/2016 18:27,10,52.5,Lightning,0-25,Flat,0-500,Tussock,68.2361667,-165.3605,TRUE,Natural
68.22575,-165.3157778,6/17/2016 16:38,0.1,69.4,Lightning,0-25,Flat,0-500,Tussock,68.25,-165.25,TRUE,Natural
61.6088056,-149.0924722,6/17/2016 14:32,0.1,0.1,Human,0-25,Flat,0-500,Mixed (Hardwoods/Softwoods),61.648293,-149.368035,TRUE,Human
58.608889,-134.928333,6/17/2016 11:00,0.1,0.1,Under Investigation,Unknown,Unknown,Unknown,Unknown,58.6088889,-134.9283333,TRUE,Human
63.11769,-142.58733,6/17/2016 10:12,0.1,818,Campfire,0-25,N,1501-2500,Mixed (Hardwoods/Softwoods),63.1177,-142.587333,TRUE,Human
64.7083333,-146.4608889,6/16/2016 19:02,0.1,0.1,Human,0-25,Flat,0501-1500,Black Spruce,64.7083333,-146.4608889,TRUE,?
60.25655,-151.222367,6/16/2016 18:09,0.1,0.1,Campfire,0-25,Flat,0-500,Other,53,-148,TRUE,Human
63.6225,-157.4546667,6/16/2016 15:26,0.2,2,Lightning,0-25,Flat,0-500,Tundra,63.6225,-157.4546667,TRUE,Natural
64.8083056,-147.6263889,6/15/2016 16:29,0.1,0.1,Human,0-25,Flat,0-500,Grass,64.8083056,-147.6263889,TRUE,Human
64.80975,-147.6295833,6/15/2016 15:29,0.1,0.4,Human,0-25,Flat,0-500,Brush,64.80975,-147.6295833,TRUE,Human
64.8098611,-147.6253889,6/15/2016 14:36,0.1,0.1,Human,0-25,Flat,0-500,Brush,64.8098611,-147.6253889,TRUE,Human
60.61045,-151.19665,6/15/2016 14:25,0.1,0.1,Equipment,0-25,E,0-500,Grass,60.6106167,-151.1977667,TRUE,Human
64.8088611,-147.6274722,6/15/2016 13:50,0.1,0.1,Human,0-25,Flat,0-500,Brush,64.8088611,-147.6274722,TRUE,Human
64.8083611,-147.6552778,6/15/2016 13:05,0.1,0.1,Human,0-25,Flat,0-500,Brush,64.8083611,-147.6552778,TRUE,Human
63.4938889,-171.3588889,6/15/2016 11:44,128,137.8,Human,Unknown,Unknown,Unknown,Tundra,63.4938889,-171.3588889,TRUE,Human
64.8083333,-147.6552778,6/15/2016 11:40,0.1,0.1,Human,0-25,Flat,0-500,Brush,64.8083333,-147.6552778,TRUE,Human
63.5146667,-171.4055,6/15/2016 0:44,0.1,359.7,Human,Unknown,Unknown,Unknown,Tundra,63.5387778,-171.1010556,TRUE,Human
59.49778,-139.742222,6/14/2016 17:30,,0,Under Investigation,Unknown,Unknown,Unknown,Unknown,59.4983333,-139.7422222,TRUE,Human
59.64955,-151.544767,6/14/2016 13:32,0.1,0.1,Debris Burning,0-25,S,0-500,Grass,59.64955,-151.544767,TRUE,Human
63.330833,-142.986817,6/14/2016 11:29,0.1,0.1,Campfire,0-25,N,1501-2500,Black Spruce,63.330833,-142.986817,TRUE,Human
63.327567,-143.019333,6/14/2016 8:59,0.1,0.1,Miscellaneous,0-25,NW,1501-2500,Black Spruce,63.327567,-143.019333,TRUE,Human
58.32585,-152.325614,6/13/2016 16:53,0.3,0.3,Equipment,0-25,SW,0-500,Other,58.32585,-152.325614,TRUE,Human
60.489183,-150.634267,6/13/2016 15:25,0.1,0.1,Debris Burning,0-25,Flat,0-500,Other,60.489183,-150.634267,TRUE,Human
60.415517,-151.2866,6/13/2016 12:56,0.1,0.1,Debris Burning,0-25,Flat,Unknown,Other,60.415517,-151.2866,TRUE,Human
60.5234,-150.392833,6/12/2016 15:28,0.1,0.1,Campfire,0-25,W,0-500,Other,60.5234,-150.392833,TRUE,Human
64.3723333,-158.084,6/11/2016 12:28,0.1,89.9,Lightning,0-25,Flat,0-500,Tundra,64.3805556,-158.1430556,TRUE,Natural
60.53595,-150.798983,6/11/2016 10:54,0.1,0.1,Debris Burning,0-25,Flat,0-500,Other,53,-148,TRUE,Human
61.5831667,-149.3491111,6/10/2016 20:30,2,1,Human,0-25,Flat,0-500,Grass,61.583167,-149.349117,TRUE,Human
61.6099722,-149.1146667,6/10/2016 15:38,0.2,0.2,Human,0-25,Flat,0-500,Grass,61.609967,-149.114667,TRUE,Human
66.95475,-157.0267778,6/10/2016 14:35,0.1,3492,Human,0-25,Flat,0-500,Grass,67,-157.1666667,TRUE,Human
61.6388889,-149.5836944,6/10/2016 14:24,0.1,0.1,Human,0-25,Flat,0-500,Grass,61.638917,-149.585398,TRUE,Human
64.979367,-148.664633,6/9/2016 12:16,0.1,0.1,Debris Burning,0-25,N,0-500,Mixed (Hardwoods/Softwoods),64.979367,-148.664633,TRUE,Human
62.0913333,-163.7575,6/7/2016 22:25,10,73.4,Human,0-25,West,0-500,Tundra,62.0947222,-163.6861111,TRUE,Human
64.8330556,-154.5295,6/6/2016 15:16,1,1,Lightning,0-25,Flat,0-500,White Spruce,64.8330556,-154.5295,TRUE,Natural
65.9243889,-161.9448056,6/5/2016 20:02,0.1,99.3,Human,0-25,Flat,0-500,Tundra,66,-161.9166667,TRUE,Human
64.7901667,-154.9838333,6/4/2016 17:19,1,20,Lightning,0-25,Flat,0-500,Black Spruce,64.7901667,-154.9838333,TRUE,Natural
61.0105556,-149.69425,6/4/2016 10:00,0.1,0.1,Human,26-40,South West,0-500,Mixed (Hardwoods/Softwoods),61.0068,-149.6943,TRUE,Human
64.877783,-148.0477,6/4/2016 9:22,0.1,0.1,Debris Burning,0-25,E,1501-2500,Mixed (Hardwoods/Softwoods),64.877783,-148.0477,TRUE,Human
61.645417,-149.250267,6/3/2016 18:56,0.1,0.1,Equipment,0-25,N,501-1500,Grass,61.645383,-149.256467,TRUE,Human
62.0847222,-162.8661111,6/3/2016 18:00,5,196.8,Lightning,0-25,Flat,0-500,Black Spruce,62.0833333,-162.8333333,TRUE,Natural
61.9363889,-162.8988889,6/3/2016 17:33,0.1,0.1,Human,0-25,Flat,0-500,Black Spruce,61.9333333,-161.7166666,TRUE,Human
62.6812222,-164.0835,6/3/2016 16:00,1,1,Human,0-25,Flat,0-500,Unknown,62.6812222,-164.0835,TRUE,Human
63.3761,-143.350517,6/3/2016 14:58,0.1,0.1,Campfire,0-25,N,1501-2500,Mixed (Hardwoods/Softwoods),63.3761,-143.350517,TRUE,Human
62.846,-156.1595,6/3/2016 14:39,0.1,0.1,Lightning,26-40,E,501-1500,Black Spruce,62.846,-156.1595,TRUE,Natural
62.055,-161.1794444,6/3/2016 9:25,0.1,21304.5,Lightning,0-25,South,0-500,Black Spruce,61.9905,-161.6611666,TRUE,Natural
61.612228,-149.256557,6/2/2016 14:32,0.1,0.1,Miscellaneous,0-25,W,0-500,Other,61.612228,-149.256557,TRUE,Human
64.030633,-145.726017,6/2/2016 12:15,0.1,0.1,Miscellaneous,0-25,NW,501-1500,Mixed (Hardwoods/Softwoods),64.030633,-145.726017,TRUE,Human
61.049717,-163.597778,6/2/2016 9:28,0.5,2203.4,Lightning,0-25,SE,0-500,Unknown,61.049717,-163.597778,TRUE,Natural
61.058,-160.895833,6/1/2016 21:47,2,6.2,Miscellaneous,0-25,W,0-500,Mixed (Hardwoods/Softwoods),61.058,-160.895833,TRUE,Human
64.2091667,-151.6386944,6/1/2016 20:32,0.3,0.3,Lightning,0-25,Flat,1501-2500,Tundra,64.2091667,-151.6386667,TRUE,Natural
64.5398334,-153.2471667,6/1/2016 16:54,0.1,44539.9,Lightning,0-25,East,0501-1500,Black Spruce,64.5333334,-153.2666667,TRUE,Natural
60.494467,-150.642833,6/1/2016 16:05,0.3,0.2,Human,0-25,Flat,0-500,Other,60.494467,-150.642833,TRUE,?
64.071417,-145.69085,6/1/2016 15:04,0.1,0.1,Campfire,0-25,E,501-1500,Mixed (Hardwoods/Softwoods),64.071417,-145.69085,TRUE,Human
61.814133,-148.3145,6/1/2016 14:37,0.1,1,Miscellaneous,0-25,NE,1501-2500,Grass,61.813583,-148.2998,TRUE,Human
64.6958333,-146.9808333,6/1/2016 14:20,0.1,0.1,Human,0-25,Flat,0501-1500,Other,64.6958333,-146.9808333,TRUE,Human
64.8083333,-147.6555,6/1/2016 13:10,0.1,0.1,Human,0-25,Flat,0-500,Grass,64.8083333,-147.6555,TRUE,Human
65.064383,-147.486367,5/31/2016 16:37,0.1,0.2,Human,26-40,E,501-1500,Black Spruce,65.0656667,-147.49,TRUE,?
64.452833,-146.830833,5/31/2016 13:15,0.1,0.1,Debris Burning,0-25,NE,501-1500,Mixed (Hardwoods/Softwoods),64.466667,-146.666667,TRUE,Human
60.49995,-150.50295,5/31/2016 13:01,0.1,0.1,Miscellaneous,0-25,Flat,0-500,Black Spruce,60.49995,-150.50295,TRUE,Human
60.378017,-151.31905,5/31/2016 7:55,0.1,0.1,Campfire,0-25,Flat,0-500,Other,60.378017,-151.31905,TRUE,Human
60.401267,-149.62675,5/31/2016 7:15,2.9,2.9,Campfire,0-25,SE,0-500,Mixed (Hardwoods/Softwoods),60.401267,-149.62675,TRUE,Human
64.7258055,-158.1163056,5/30/2016 16:40,0.1,0.1,Human,0-25,Flat,0-500,Tundra,64.7258055,-158.1163056,TRUE,Human
61.660767,-149.178783,5/30/2016 16:36,0.1,0.1,Debris Burning,0-25,N,501-1500,Grass,61.660767,-149.178783,TRUE,Human
61.7656,-150.122,5/30/2016 13:54,0.1,0.1,Miscellaneous,0-25,E,0-500,Black Spruce,61.7656,-150.122,TRUE,Human
61.598433,-149.4334,5/30/2016 12:14,0.1,0.1,Debris Burning,0-25,SE,0-500,Other,61.598433,-149.4334,TRUE,Human
63.25317,-154.2465,5/29/2016 20:38,5,1676.6,Lightning,0-25,S,501-1500,Hardwoods,63.253167,-154.2465,TRUE,Natural
60.263817,-151.273133,5/29/2016 19:44,0.1,0.1,Debris Burning,0-25,N,0-500,Other,60.263817,-151.273133,TRUE,Human
64.822983,-147.746683,5/29/2016 18:48,0.1,0.1,Campfire,0-25,N,0-500,Grass,64.822983,-147.746683,TRUE,Human
60.498283,-150.494867,5/29/2016 17:37,0.1,0.1,Miscellaneous,0-25,S,0-500,Other,60.498283,-150.494867,TRUE,Human
61.202133,-149.678033,5/29/2016 17:30,0.1,0.1,Miscellaneous,0-25,NW,501-1500,Hardwoods,61.202133,-149.678033,TRUE,Human
60.2502,-151.194583,5/29/2016 16:02,0.1,0.1,Campfire,0-25,Flat,0-500,Other,60.2502,-151.194583,TRUE,Human
63.232833,-154.202333,5/29/2016 15:22,0.1,0.1,Lightning,0-25,SE,0-500,Other,63.232833,-154.202333,TRUE,Natural
60.552233,-150.82225,5/29/2016 14:53,0.1,0.1,Debris Burning,0-25,Flat,0-500,Other,60.552233,-150.82225,TRUE,Human
63.976,-145.514333,5/29/2016 14:27,0.1,0.1,Equipment,0-25,NE,501-1500,Grass,63.966667,-145.5,TRUE,Human
64.842975,-147.864992,5/29/2016 13:51,0.1,0.1,Miscellaneous,0-25,S,0-500,Mixed (Hardwoods/Softwoods),64.842975,-147.864992,TRUE,Human
60.465933,-150.20065,5/29/2016 13:38,0.1,0.1,Campfire,0-25,SW,0-500,Unknown,53,-148,TRUE,Human
64.907067,-149.3914,5/29/2016 12:46,0.1,0.1,Campfire,0-25,N,0-500,Mixed (Hardwoods/Softwoods),64.907067,-149.3914,TRUE,Human
60.472733,-150.158717,5/29/2016 12:44,0.1,0.1,Campfire,26-40,E,501-1500,Other,60.472733,-150.158717,TRUE,Human
61.453833,-149.919333,5/29/2016 12:08,0.1,0.2,Debris Burning,0-25,SW,0-500,Hardwoods,61.441428,-149.894253,TRUE,Human
60.491467,-150.472217,5/29/2016 10:53,0.1,0.1,Miscellaneous,0-25,Flat,0-500,Other,60.491467,-150.472217,TRUE,Human
63.20811,-154.21483,5/29/2016 10:25,1.5,7930.3,Lightning,0-25,SW,0-500,Hardwoods,63.1,-154.716667,TRUE,Natural
60.48,-150.446033,5/28/2016 17:23,0.1,0.1,Miscellaneous,0-25,NE,0-500,Other,60.478767,-150.4435,TRUE,Human
60.498517,-150.494483,5/28/2016 17:08,0.2,0.2,Miscellaneous,0-25,NW,0-500,Other,60.498517,-150.494483,TRUE,Human
61.40125,-143.012833,5/28/2016 13:02,0.1,0.1,Debris Burning,26-40,SE,501-1500,Other,61.40125,-143.012833,TRUE,Human
59.637517,-151.540217,5/28/2016 12:42,0.1,0.1,Campfire,0-25,Flat,0-500,Hardwoods,59.637517,-151.540217,TRUE,Human
60.494567,-150.644667,5/28/2016 12:08,0.1,0.1,Miscellaneous,0-25,Flat,0-500,Other,60.494567,-150.644667,TRUE,Human
60.534784,-150.45892,5/28/2016 11:00,0.1,0.1,Campfire,0-25,N,0-500,Other,60.534784,-150.45892,TRUE,Human
62.9414,-155.558933,5/28/2016 9:58,0.1,0.1,Debris Burning,0-25,N,0-500,Other,62.9405,-155.5595,TRUE,Human
60.526467,-150.315683,5/28/2016 8:36,0.1,0.1,Equipment,0-25,NW,0-500,Grass,60.526467,-150.315683,TRUE,Human
60.143733,-151.504633,5/27/2016 18:55,0.1,0.1,Debris Burning,0-25,W,0-500,Other,60.143733,-151.504633,TRUE,Human
61.131661,-146.379346,5/27/2016 18:25,0.1,0.1,Children,0-25,W,0-500,Grass,61.131661,-146.379346,TRUE,Human
60.512783,-150.541433,5/27/2016 18:23,0.1,0.1,Miscellaneous,0-25,Flat,0-500,Other,60.512783,-150.541433,TRUE,Human
61.554545,-149.596673,5/27/2016 17:58,0.1,0.1,Debris Burning,0-25,NW,0-500,Unknown,61.554545,-149.596673,TRUE,Human
61.29585,-149.4878,5/27/2016 17:33,7,25,Human,26-40,W,501-1500,Mixed (Hardwoods/Softwoods),61.2959333,-149.4881,TRUE,?
59.64245,-151.46525,5/27/2016 11:20,0.1,0.1,Debris Burning,0-25,Flat,0-500,Other,59.64245,-151.46525,TRUE,Human
61.494583,-149.9938,5/26/2016 20:01,0.1,0.3,Miscellaneous,0-25,N,0-500,Mixed (Hardwoods/Softwoods),61.4905,-149.984,TRUE,Human
60.497383,-150.481267,5/26/2016 17:59,0.1,0.1,Miscellaneous,0-25,Flat,0-500,Other,60.497383,-150.481267,TRUE,Human
60.555583,-151.284183,5/26/2016 17:51,0.1,0.1,Campfire,0-25,SW,0-500,Dead White Spruce,60.555583,-151.284183,TRUE,Human
61.718217,-150.198833,5/26/2016 17:27,0.1,0.1,Miscellaneous,0-25,W,0-500,Hardwoods,61.722857,-150.159317,TRUE,Human
64.6836944,-146.5585278,5/26/2016 15:46,0.1,3500,Prescribed,0-25,West,1501-2500,Mixed (Hardwoods/Softwoods),64.6836944,-146.5585278,TRUE,Prescribed
60.481667,-150.4469,5/26/2016 10:06,0.1,0.1,Miscellaneous,0-25,Flat,0-500,Other,60.481667,-150.4469,TRUE,Human
61.551033,-149.10695,5/26/2016 8:24,0.1,0.1,Campfire,0-25,W,0-500,Mixed (Hardwoods/Softwoods),61.54865,-149.164367,TRUE,Human
61.4887,-148.908717,5/25/2016 19:50,0.1,0.1,Debris Burning,0-25,N,0-500,Other,61.4887,-148.908717,TRUE,Human
60.253667,-151.1735,5/25/2016 17:48,0.1,0.1,Campfire,0-25,Flat,0-500,Other,60.38225,-151.32165,TRUE,Human
60.46825,-151.113283,5/25/2016 14:03,0.1,0.1,Debris Burning,0-25,Flat,0-500,Other,60.46825,-151.113283,TRUE,Human
60.469483,-150.737167,5/24/2016 23:27,0.1,0.1,Miscellaneous,0-25,SE,0-500,Other,60.469483,-150.737167,TRUE,Human
61.6428,-149.270567,5/24/2016 18:06,0.1,0.1,Miscellaneous,0-25,S,501-1500,Grass,61.6428,-149.270567,TRUE,Human
64.053367,-145.43525,5/24/2016 9:48,0.1,0.1,Campfire,0-25,NE,501-1500,Dead White Spruce,64.053367,-145.43525,TRUE,Human
64.6958333,-146.9808333,5/24/2016 2:19,0.1,0.1,Human,0-25,Flat,0501-1500,Grass,64.6958333,-146.9808333,TRUE,Human
60.494567,-150.475967,5/23/2016 18:27,0.1,0.1,Miscellaneous,0-25,S,0-500,Other,53,-148,TRUE,Human
60.4947,-150.47545,5/23/2016 17:21,0.1,0.1,Miscellaneous,0-25,S,0-500,Other,60.4947,-150.47545,TRUE,Human
60.516117,-151.146233,5/23/2016 16:49,0.1,0.1,Debris Burning,0-25,E,0-500,Other,60.516117,-151.146233,TRUE,Human
60.473017,-151.127033,5/22/2016 16:35,0.1,0.1,Human,0-25,Flat,0-500,Grass,60.473017,-151.127033,TRUE,?
66.0383333,-154.2208333,5/22/2016 13:45,0.1,0.1,Human,0-25,Flat,0-500,Grass,66.0383333,-154.2208333,TRUE,Human
61.529367,-149.051817,5/21/2016 1:30,1.1,1.1,Debris Burning,0-25,SW,0-500,Mixed (Hardwoods/Softwoods),61.529367,-149.051817,TRUE,Human
63.4352778,-162.1563889,5/19/2016 21:18,25,50.5,Human,0-25,Flat,0-500,Tundra,63.3491667,-162.1133333,TRUE,Human
64.8826,-147.922767,5/19/2016 17:14,0.1,0.1,Equipment,0-25,W,501-1500,Grass,64.8826,-147.922767,TRUE,Human
63.9517778,-146.29025,5/19/2016 16:07,0.1,13.7,Human,0-25,Flat,1501-2500,Grass,63.9517778,-146.29025,TRUE,Human
61.513533,-150.040717,5/19/2016 10:11,0.1,0.1,Miscellaneous,0-25,W,0-500,Grass,61.51413,-150.040873,TRUE,Human
59.464222,-151.699022,5/19/2016 9:42,0.1,0.1,Equipment,0-25,W,0-500,Grass,59.464222,-151.699022,TRUE,Human
60.8,-161.416667,5/17/2016 16:15,0.5,1.4,Debris Burning,0-25,N,0-500,Grass,60.9,-161.5,TRUE,Human
59.786883,-151.079117,5/17/2016 10:47,0.1,0.1,Campfire,0-25,Flat,0-500,Hardwoods,59.786883,-151.079117,TRUE,Human
61.620167,-155.541333,5/16/2016 16:39,0.1,0.1,Lightning,0-25,W,501-1500,Black Spruce,61.620167,-155.541333,TRUE,Natural
61.5565,-149.226283,5/16/2016 1:30,1.3,1.3,Campfire,0-25,S,0-500,Mixed (Hardwoods/Softwoods),61.5565,-149.226283,TRUE,Human
60.541433,-151.199983,5/15/2016 17:30,0.1,0.1,Debris Burning,0-25,Flat,0-500,Other,60.538333,-151.195,TRUE,Human
63.4355,-143.755883,5/15/2016 13:42,1,8.4,Lightning,0-25,N,1501-2500,Black Spruce,63.522507,-143.625969,TRUE,Natural
59.807767,-151.831533,5/15/2016 13:29,0.1,0.1,Debris Burning,0-25,NW,0-500,Other,59.807767,-151.831533,TRUE,Human
63.5288055,-150.6999722,5/15/2016 12:58,1.5,3,Lightning,0-25,Flat,1501-2500,Brush,63.5238889,-150.7031944,TRUE,?
60.545917,-151.0812,5/15/2016 10:20,0.1,0.1,Debris Burning,0-25,NW,0-500,Other,60.545917,-151.0812,TRUE,Human
61.17495,-149.81635,5/14/2016 17:00,0.1,2,Incendiary,0-25,SW,0-500,Mixed (Hardwoods/Softwoods),61.156785,-149.734388,TRUE,Human
60.489683,-150.865333,5/14/2016 15:47,0.1,0.1,Miscellaneous,0-25,NE,0-500,Other,60.489683,-150.865333,TRUE,Human
60.536283,-150.747133,5/14/2016 9:45,0.1,0.1,Debris Burning,0-25,Flat,0-500,Other,60.536283,-150.747133,TRUE,Human
63.18955,-142.15905,5/12/2016 20:21,0.1,0.1,Debris Burning,0-25,E,1501-2500,Unknown,63.182174,-142.161966,TRUE,Human
63.331183,-142.947033,5/12/2016 17:09,0.1,4.6,Miscellaneous,0-25,NW,1501-2500,Black Spruce,63.331183,-142.947033,TRUE,Human
64.8252778,-147.5959722,5/12/2016 17:00,1,1,Human,0-25,Flat,0-500,Mixed (Hardwoods/Softwoods),64.8108333,-147.6076389,TRUE,Human
64.0425,-148.722,5/12/2016 15:50,1,5.8,Human,0-25,NE,1501-2500,Mixed (Hardwoods/Softwoods),64.0465,-148.756,TRUE,?
64.8065,-148.302667,5/12/2016 14:43,0.1,0.1,Equipment,26-40,W,501-1500,Mixed (Hardwoods/Softwoods),64.733333,-148.55,TRUE,Human
61.982183,-145.349433,5/12/2016 8:26,0.1,0.1,Debris Burning,0-25,Flat,501-1500,Mixed (Hardwoods/Softwoods),61.982183,-145.349433,TRUE,Human
64.7079167,-146.4459167,5/11/2016 18:47,1,2.5,Human,0-25,Flat,0501-1500,Grass,64.7079167,-146.4459167,TRUE,Human
63.982317,-148.759267,5/11/2016 15:17,1.5,15.3,Miscellaneous,0-25,SE,1501-2500,Mixed (Hardwoods/Softwoods),63.988,-148.758333,TRUE,Human
64.795633,-147.368583,5/11/2016 12:57,0.1,0.1,Debris Burning,0-25,N,0-500,Other,64.795633,-147.368583,TRUE,Human
65.072367,-147.6145,5/11/2016 11:20,1,1,Miscellaneous,26-40,E,501-1500,Mixed (Hardwoods/Softwoods),65.072367,-147.6145,TRUE,Human
60.616567,-151.32525,5/11/2016 1:02,0.1,0.1,Miscellaneous,0-25,Flat,0-500,Grass,60.616567,-151.32525,TRUE,Human
61.706667,-148.90615,5/10/2016 16:21,0.5,1.2,Miscellaneous,0-25,S,0-500,Grass,61.706667,-148.90615,TRUE,Human
64.6801945,-146.5864166,5/10/2016 15:40,0.1,2,Human,0-25,North,1501-2500,Grass,64.6666667,-146.5,TRUE,Human
64.6833333,-146.6833333,5/10/2016 14:49,0.1,0.1,Human,0-25,Flat,1501-2500,Unknown,64.6833333,-146.6833333,TRUE,Human
64.108817,-145.770383,5/9/2016 12:12,0.2,0.3,Debris Burning,0-25,SW,501-1500,Grass,64.108817,-145.770383,TRUE,Human
61.607517,-149.441483,5/7/2016 17:26,0.1,0.1,Debris Burning,0-25,S,501-1500,Black Spruce,61.607393,-149.44195,TRUE,Human
63.33595,-142.98065,5/7/2016 12:16,0.1,0.1,Smoking,0-25,NE,1501-2500,Black Spruce,63.336223,-142.981737,TRUE,Human
64.81,-147.6633333,5/6/2016 14:01,0.1,0.1,Human,0-25,Flat,0-500,Unknown,64.81,-147.6633333,TRUE,Human
61.615,-149.303183,5/6/2016 12:23,0.1,0.1,Miscellaneous,0-25,W,0-500,Other,61.615,-149.303183,TRUE,Human
59.671933,-151.584833,5/6/2016 10:25,0.1,0.1,Debris Burning,0-25,SE,501-1500,Other,59.671933,-151.584833,TRUE,Human
63.34705,-143.151817,5/5/2016 22:39,0.1,0.1,Debris Burning,0-25,W,1501-2500,Other,63.346892,-143.150503,TRUE,Human
64.8066667,-147.655,5/5/2016 15:24,0.1,0.1,Human,0-25,Flat,0-500,Grass,64.8066667,-147.655,TRUE,Human
64.8,-147.65,5/5/2016 14:40,0.1,0.1,Human,0-25,Flat,0-500,Grass,64.8,-147.65,TRUE,Human
64.81,-147.65,5/5/2016 13:50,0.1,0.1,Human,0-25,Flat,0-500,Grass,64.81,-147.65,TRUE,Human
64.8083333,-147.6555,5/5/2016 13:25,0.1,0.1,Human,0-25,Flat,0-500,Grass,64.8083333,-147.6555,TRUE,Human
64.4057778,-157.8565556,5/4/2016 22:00,0.1,27.9,Lightning,0-25,Flat,0-500,Tundra,64.4,-158.0833333,TRUE,Natural
64.7166666,-146.45,5/4/2016 18:33,0.1,7,Human,0-25,Flat,0501-1500,Tussock,64.7166666,-146.45,TRUE,Human
61.661167,-149.631,5/4/2016 14:25,5,27.5,Miscellaneous,0-25,S,501-1500,Black Spruce,61.65707,-149.594458,TRUE,Human
61.665283,-149.2221,5/4/2016 12:34,0.1,0.1,Debris Burning,0-25,NE,501-1500,Grass,61.665283,-149.2221,TRUE,Human
64.0171667,-146.3241667,5/4/2016 12:17,5,139.7,Human,0-25,Flat,0501-1500,Tussock,64.0171667,-146.3241667,TRUE,Human
64.040117,-145.731533,5/4/2016 11:59,0.3,0.3,Human,0-25,W,501-1500,Grass,64.040117,-145.731533,TRUE,?
61.253912,-149.682932,5/4/2016 11:46,1554,1554,Prescribed,0-25,SE,0-500,Unknown,53,-148,TRUE,Prescribed
63.923,-148.871333,5/3/2016 17:18,0.1,3131.8,Miscellaneous,41-55,W,1501-2500,Other,63.860217,-148.752733,TRUE,Human
61.664583,-149.222233,5/3/2016 11:16,0.1,0.1,Human,0-25,SW,501-1500,Grass,61.664583,-149.222233,TRUE,?
66.4469444,-157.3252778,5/3/2016 8:56,3,129.2,Lightning,0-25,Flat,0501-1500,Tundra,66.4391667,-157.3133333,TRUE,Natural
64.8682,-147.733833,5/2/2016 18:37,18.5,18.5,Prescribed,0-25,Flat,0-500,Grass,64.8682,-147.733833,TRUE,Prescribed
61.6145,-149.51025,5/2/2016 16:35,0.1,0.1,Debris Burning,0-25,NW,0-500,Grass,61.6145,-149.51025,TRUE,Human
61.554417,-149.669817,5/2/2016 14:30,0.1,0.1,Human,0-25,W,0-500,Grass,61.554417,-149.669817,TRUE,?
61.583583,-149.095283,5/2/2016 12:22,0.1,0.1,Miscellaneous,0-25,S,0-500,Grass,53,-148,TRUE,Human
64.901,-147.676667,5/1/2016 13:03,0.1,0.1,Campfire,0-25,SE,501-1500,Other,64.901,-147.676667,TRUE,Human
64.033417,-145.6965,5/1/2016 11:32,0.1,0.5,Miscellaneous,0-25,SW,501-1500,Grass,64.009333,-145.6235,TRUE,Human
65.098,-147.83375,5/1/2016 7:40,0.1,0.1,Miscellaneous,26-40,NE,501-1500,Other,65.098,-147.83375,TRUE,Human
60.648167,-151.352817,4/30/2016 23:33,0.1,0.1,Miscellaneous,0-25,E,0-500,Grass,60.64685,-151.352817,TRUE,Human
60.64655,-151.321483,4/30/2016 21:40,0.1,0.1,Miscellaneous,0-25,Flat,0-500,Grass,60.64655,-151.321483,TRUE,Human
60.516017,-151.058733,4/30/2016 15:15,0.1,0.1,Debris Burning,0-25,Flat,0-500,Other,60.516017,-151.058733,TRUE,Human
61.697167,-148.809167,4/29/2016 21:40,0.1,0.1,Campfire,0-25,S,501-1500,Grass,61.697167,-148.809167,TRUE,Human
61.668367,-148.998817,4/29/2016 15:53,0.5,0.5,Debris Burning,0-25,W,501-1500,Grass,61.669622,-149.000212,TRUE,Human
64.0607,-145.47535,4/29/2016 15:33,0.2,0.2,Miscellaneous,0-25,NE,501-1500,Black Spruce,64.0607,-145.47535,TRUE,Human
61.701417,-149.01305,4/27/2016 17:28,0.5,0.6,Children,0-25,E,501-1500,Grass,61.700422,-149.012853,TRUE,Human
64.8083333,-147.6555,4/27/2016 15:57,0.1,0.1,Human,0-25,Flat,0-500,Grass,64.8083333,-147.6555,TRUE,Human
65.6402778,-156.4430556,4/27/2016 13:43,5,45,Human,0-25,Flat,0-500,Tundra,65.6733334,-156.3508333,TRUE,Human
60.48355,-150.7979,4/26/2016 18:17,0.1,0.1,Debris Burning,0-25,Flat,0-500,Other,53,-148,TRUE,Human
60.826333,-161.833667,4/26/2016 16:10,10,8,Human,0-25,N,0-500,Grass,60.839667,-161.925333,TRUE,?
62.941583,-155.559317,4/26/2016 14:35,0.1,0.1,Debris Burning,0-25,N,0-500,Grass,62.952833,-155.607,TRUE,Human
64.043533,-145.73535,4/25/2016 18:04,0.1,0.1,Smoking,0-25,Flat,1501-2500,Other,64.051083,-145.732017,TRUE,Human
60.470883,-150.98385,4/25/2016 11:33,0.1,0.1,Debris Burning,0-25,Flat,0-500,Grass,60.470883,-150.98385,TRUE,Human
60.567633,-151.291483,4/25/2016 5:16,0.1,0.2,Human,0-25,Flat,0-500,Grass,53,-148,TRUE,?
60.644833,-151.31845,4/24/2016 18:46,0.1,0.1,Debris Burning,0-25,Flat,0-500,Other,60.644833,-151.31845,TRUE,Human
64.8405,-147.871283,4/24/2016 12:39,0.1,0.1,Children,0-25,N,501-1500,Grass,64.8388667,-147.8728833,TRUE,Human
60.516133,-151.278833,4/23/2016 20:11,0.1,0.9,Miscellaneous,0-25,Flat,0-500,Grass,60.516667,-151.273333,TRUE,Human
61.487467,-148.8976,4/23/2016 19:24,0.1,0.2,Human,0-25,Flat,0-500,Mixed (Hardwoods/Softwoods),61.48262,-148.903328,TRUE,?
61.625767,-149.26155,4/23/2016 18:56,0.1,0.1,Debris Burning,0-25,NE,0-500,Grass,61.625833,-149.262223,TRUE,Human
60.53005,-150.6726,4/23/2016 16:51,0.1,0.1,Debris Burning,0-25,Flat,0-500,Other,60.530822,-150.677387,TRUE,Human
60.545833,-150.8786,4/23/2016 15:38,0.1,0.1,Debris Burning,0-25,Flat,0-500,Grass,60.545833,-150.8786,TRUE,Human
59.682267,-151.409667,4/23/2016 13:40,0.1,0.1,Debris Burning,0-25,Flat,0-500,Grass,59.6822667,-151.4096667,TRUE,Human
61.567778,-148.844444,4/23/2016 9:48,0.1,0.1,Campfire,56-75,SE,3501-4500,Grass,61.567778,-148.844444,TRUE,Human
61.6471,-149.071633,4/22/2016 16:38,0.3,0.3,Miscellaneous,0-25,E,0-500,Grass,61.647172,-149.072197,TRUE,Human
59.818317,-151.091733,4/22/2016 13:15,0.1,0.1,Debris Burning,0-25,Flat,501-1500,Other,59.818317,-151.091733,TRUE,Human
60.55255,-150.806217,4/21/2016 18:07,0.1,0.1,Debris Burning,0-25,Flat,0-500,Other,60.55255,-150.806217,TRUE,Human
64.6736667,-146.57,4/21/2016 16:10,0.3,0.3,Human,0-25,Flat,1501-2500,Grass,64.6666667,-146.55,TRUE,Human
64.765655,-148.060317,4/21/2016 15:13,0.1,0.1,Debris Burning,0-25,N,501-1500,Mixed (Hardwoods/Softwoods),64.765655,-148.060317,TRUE,Human
59.799967,-151.137283,4/21/2016 14:04,0.1,0.1,Debris Burning,0-25,Flat,501-1500,Other,59.799967,-151.137283,TRUE,Human
60.5631,-151.103867,4/21/2016 13:32,0.1,0.1,Miscellaneous,0-25,Flat,0-500,Grass,60.5631,-151.103867,TRUE,Human
64.854617,-147.723833,4/20/2016 20:05,0.1,0.1,Campfire,0-25,S,0-500,Grass,64.854667,-147.723667,TRUE,Human
64.119683,-145.735267,4/20/2016 18:34,3,4,Debris Burning,0-25,E,501-1500,Grass,64.119683,-145.735267,TRUE,Human
61.557367,-149.30855,4/20/2016 15:30,0.1,0.1,Debris Burning,0-25,W,0-500,Grass,61.557367,-149.30855,TRUE,Human
61.4383056,-143.7179166,4/20/2016 15:22,0.1,0.1,Human,0-25,West,0501-1500,Other,62.433333,-143.716667,TRUE,Human
59.682267,-151.661417,4/20/2016 14:02,0.1,0.1,Debris Burning,0-25,S,501-1500,Other,59.682267,-151.6614167,TRUE,Human
65.0298056,-141.2518611,4/19/2016 11:30,30,45.2,Lightning,26-40,West,0501-1500,Tundra,65.0406667,-141.2121667,TRUE,Natural
63.3485,-142.972633,4/19/2016 10:32,0.1,0.1,Equipment,0-25,W,1501-2500,Grass,63.3485,-142.972633,TRUE,Human
64.564867,-147.040733,4/18/2016 14:15,0.5,0.1,Debris Burning,0-25,N,501-1500,Other,64.564867,-147.040733,TRUE,Human
64.8187222,-147.66275,4/18/2016 12:00,0.1,0.1,Human,0-25,Flat,0-500,Grass,64.819,-147.670833,TRUE,Human
64.070267,-145.54925,4/18/2016 6:43,0.1,0.1,Miscellaneous,0-25,SW,501-1500,Mixed (Hardwoods/Softwoods),64.070267,-145.54925,TRUE,Human
60.535517,-150.831283,4/17/2016 17:12,0.1,0.1,Campfire,0-25,W,0-500,Grass,53,-148,TRUE,Human
60.26315,-151.273317,4/17/2016 16:11,0.1,0.1,Debris Burning,0-25,Flat,0-500,Grass,60.26315,-151.273317,TRUE,Human
61.56525,-149.339017,4/16/2016 18:59,0.3,0.2,Campfire,0-25,S,0-500,Grass,61.56525,-149.339017,TRUE,Human
61.524167,-148.819,4/16/2016 17:35,0.5,25,Human,0-25,S,501-1500,Mixed (Hardwoods/Softwoods),61.533333,-148.866667,TRUE,?
63.9147,-148.893583,4/16/2016 14:42,5,10,Miscellaneous,26-40,SE,2501-3500,Mixed (Hardwoods/Softwoods),5.7625167,-148.8935833,TRUE,Human
61.560183,-149.43725,4/16/2016 13:29,0.2,0.2,Debris Burning,0-25,S,0-500,Grass,61.560183,-149.43725,TRUE,Human
60.3105,-151.307167,4/15/2016 20:38,0.1,0.1,Debris Burning,0-25,Flat,0-500,Other,60.3105,-151.307167,TRUE,Human
61.6017,-149.148067,4/15/2016 15:18,0.1,0.1,Children,0-25,NE,0-500,Mixed (Hardwoods/Softwoods),61.6017,-149.148067,TRUE,Human
63.3465,-143.03425,4/15/2016 13:14,0.1,0.1,Debris Burning,0-25,N,1501-2500,Grass,63.3465,-143.03425,TRUE,Human
64.8083333,-147.6555,4/15/2016 9:44,0.1,1630,Prescribed,0-25,Flat,0-500,Grass,64.8083333,-147.6555,TRUE,Prescribed
60.682033,-151.3325,4/14/2016 21:46,0.1,0.3,Debris Burning,0-25,Flat,0-500,Grass,60.691667,-151.336667,TRUE,Human
63.859167,-148.755333,4/14/2016 18:00,5,0.5,Miscellaneous,26-40,S,1501-2500,Mixed (Hardwoods/Softwoods),63.853402,-148.842993,TRUE,Human
61.558553,-149.296335,4/14/2016 16:14,0.5,0.5,Debris Burning,0-25,NE,0-500,Grass,61.55677,-149.299332,TRUE,Human
61.537217,-149.624,4/14/2016 15:54,0.1,0.1,Miscellaneous,0-25,SW,0-500,Grass,61.537217,-149.624,TRUE,Human
64.8083333,-147.6555,4/14/2016 12:12,0.1,0.1,Human,0-25,Flat,0-500,Grass,64.8083333,-147.6555,TRUE,Human
63.9228889,-145.6088334,4/14/2016 12:00,0.1,0.1,Human,0-25,Flat,0501-1500,Tundra,63.9228889,-145.6088334,TRUE,Human
60.538867,-150.89045,4/13/2016 22:49,0.1,0.1,Human,0-25,Flat,0-500,Grass,60.538867,-150.89045,TRUE,?
64.066667,-148.4,4/13/2016 8:43,1,1,Miscellaneous,0-25,W,1501-2500,Unknown,64.066667,-148.4,TRUE,Human
61.58825,-149.042083,4/12/2016 17:24,0.1,0.1,Miscellaneous,0-25,E,0-500,Grass,61.58825,-149.042083,TRUE,Human
64.8083333,-147.6555,4/12/2016 16:37,0.1,0.1,Human,0-25,Flat,0-500,Grass,64.8083333,-147.6555,TRUE,Human
64.154933,-145.8169,4/11/2016 15:34,0.1,0.1,Miscellaneous,0-25,W,501-1500,Mixed (Hardwoods/Softwoods),64.153333,-145.808667,TRUE,Human
64.0128889,-146.3451389,4/11/2016 14:10,0.1,25080,Prescribed,0-25,Flat,1501-2500,Grass,64.0128889,-146.3451389,TRUE,Prescribed
61.571283,-149.4616,4/11/2016 13:03,0.2,0.2,Debris Burning,0-25,N,0-500,Grass,61.571283,-149.4616,TRUE,Human
60.02945,-151.663433,4/10/2016 10:29,0.1,0.1,Debris Burning,0-25,S,0-500,Other,60.02945,-151.663433,TRUE,Human
63.8658056,-145.9053889,4/10/2016 9:16,1.5,0.6,Human,0-25,Flat,1501-2500,Brush,63.8333333,-145.9166667,TRUE,Human
64.6883333,-146.9191667,4/10/2016 8:00,0.1,439,Prescribed,0-25,Flat,0501-1500,Grass,64.6883333,-146.9191667,TRUE,Prescribed
60.49215,-151.107567,4/9/2016 18:50,0.1,0.1,Human,0-25,Flat,0-500,Grass,60.49215,-151.107567,TRUE,?
60.492367,-151.107217,4/9/2016 17:42,0.1,0.1,Children,0-25,Flat,0-500,Grass,60.492367,-151.107217,TRUE,Human
61.560833,-149.305317,4/9/2016 16:31,0.1,0.1,Debris Burning,0-25,NE,0-500,Dead White Spruce,61.60555,-149.09465,TRUE,Human
59.706367,-151.704117,4/7/2016 15:44,0.1,0.1,Debris Burning,0-25,N,0-500,Other,59.706667,-151.70475,TRUE,Human
63.9043333,-145.60625,4/7/2016 14:10,0.1,8.7,Human,0-25,Flat,1501-2500,Black Spruce,63.9333333,-145.6,TRUE,?
61.022483,-149.712917,4/7/2016 9:02,2,1,Campfire,41-55,S,501-1500,Grass,61.015833,-149.727778,TRUE,Human
60.5051,-150.943317,4/5/2016 14:47,0.1,0.1,Debris Burning,0-25,W,0-500,Other,60.5051,-150.943317,TRUE,Human
62.116667,-145.466667,4/4/2016 10:27,0.1,0.1,Human,0-25,SW,1501-2500,Grass,62.116667,-145.466667,TRUE,?
64.0146944,-146.3095,4/1/2016 12:07,1,1,Human,0-25,Flat,0501-1500,Unknown,64.0146944,-146.3095,TRUE,Human
64.939375,-147.571828,4/1/2016 11:47,0.1,3.5,Prescribed,26-40,NW,501-1500,Mixed (Hardwoods/Softwoods),64.939375,-147.571828,TRUE,Prescribed
60.724,-150.433,4/1/2016 8:33,12,12,Prescribed,Unknown,Unknown,Unknown,Unknown,60.724,-150.433,TRUE,Prescribed
63.9833333,-145.6666667,3/24/2016 14:16,0.1,665,Prescribed,0-25,Flat,0501-1500,Grass,63.9833333,-145.6666667,TRUE,Prescribed
60.488767,-151.279967,3/18/2016 11:00,0.2,0.3,Campfire,0-25,W,0-500,Grass,53,-148,TRUE,Human
61.6137,-149.56089,3/18/2016 9:21,0.1,0.1,Debris Burning,0-25,NE,0-500,Other,61.613708,-149.56089,TRUE,Human
61.550467,-149.450683,3/13/2016 16:10,0.1,0.1,Incendiary,0-25,W,0-500,Grass,61.550467,-140.450683,TRUE,Human
61.636217,-149.13955,3/13/2016 15:24,0.1,0.1,Debris Burning,0-25,S,0-500,Grass,61.636217,-149.13955,TRUE,Human
63.8333333,-145.9,3/12/2016 13:00,0.1,350,Prescribed,0-25,Flat,1501-2500,Grass,63.8333333,-145.9,TRUE,Prescribed
61.614933,-149.221217,3/10/2016 16:25,0.1,0.4,Debris Burning,0-25,N,0-500,Grass,61.615458,-149.219662,TRUE,Human
63.9666666,-145.7666667,3/9/2016 10:21,0.1,0.1,Prescribed,0-25,Flat,0501-1500,Grass,63.9666666,-145.7666667,TRUE,Prescribed
61.565933,-149.325117,3/8/2016 12:00,0.3,0.3,Human,0-25,Flat,0-500,Grass,61.565778,-149.325782,TRUE,?
61.607517,-149.415,3/6/2016 12:15,0.1,0.2,Debris Burning,0-25,S,0-500,Grass,61.608158,-149.415448,TRUE,Human
61.612967,-149.55285,2/29/2016 14:03,0.1,0.1,Debris Burning,0-25,NE,0-500,Grass,61.612967,-149.55285,TRUE,Human
63.9333333,-145.9833333,2/23/2016 9:30,0.1,0.1,Human,0-25,Flat,1501-2500,Tussock,63.9333333,-145.9833333,TRUE,Human
63.9,-145.85,2/22/2016 12:55,1,1,Human,0-25,Flat,1501-2500,Unknown,63.9,-145.85,TRUE,Human
63.9313889,-145.8269444,2/22/2016 10:00,0.1,0.1,Human,0-25,Flat,0501-1500,Tussock,63.9313889,-145.8269444,TRUE,Human
60.5,-151,1/25/2016 8:04,38,38,Prescribed,0-25,Flat,501-1500,Other,60.5,-151,TRUE,Prescribed
63.131433,-142.531833,12/3/2015 10:39,0.3,0.3,Campfire,0-25,Flat,1501-2500,Black Spruce,63.131433,-142.531833,TRUE,Human
60.508333,-151,11/2/2015 13:43,200,200,Prescribed,0-25,Flat,0-500,Unknown,60.508333,-151,TRUE,Prescribed
63.2095,-142.198467,10/2/2015 19:58,0.1,0.1,Campfire,0-25,S,1501-2500,Black Spruce,63.215665,-142.211794,TRUE,Human
63.332047,-142.995544,10/1/2015 12:58,0.1,0.1,Miscellaneous,0-25,N,1501-2500,Black Spruce,63.332047,-142.995544,TRUE,Human
64.1017222,-150.6809167,9/23/2015 11:35,0.1,0.1,Human,0-25,Flat,0-500,Black Spruce,64.1017222,-150.6809167,TRUE,Human
61.5565,-149.815483,9/9/2015 16:25,0.1,0.1,Campfire,0-25,NE,0-500,Other,61.567293,-149.830983,TRUE,Human
61.49655,-144.145483,9/9/2015 10:22,0.1,0.1,Campfire,0-25,NE,501-1500,Other,61.49655,-144.145483,TRUE,Human
60.786667,-149.2175,9/5/2015 18:40,0.1,0.1,Campfire,0-25,Flat,0-500,Other,60.786667,-149.2175,TRUE,Human
62.055,-151.847,9/2/2015 17:33,3,2.5,Human,0-25,S,501-1500,Mixed (Hardwoods/Softwoods),62.055,-151.847,TRUE,?
61.5557,-149.93445,9/2/2015 16:36,0.5,0.5,Equipment,0-25,E,0-500,Grass,61.623533,-149.165762,TRUE,Human
60.979167,-149.105667,9/2/2015 8:46,0.1,0.1,Campfire,0-25,NE,0-500,Mixed (Hardwoods/Softwoods),60.979167,-149.105667,TRUE,Human
61.737167,-148.56345,9/1/2015 15:02,0.1,0.3,Campfire,26-40,W,1501-2500,Mixed (Hardwoods/Softwoods),61.737167,-148.56345,TRUE,Human
60.017,-151.33505,9/1/2015 3:45,0.1,0.1,Miscellaneous,0-25,N,0-500,Grass,60.017,-151.33505,TRUE,Human
61.547727,-149.806325,8/31/2015 18:45,0.1,0.1,Debris Burning,0-25,N,0-500,Other,61.547727,-149.806325,TRUE,Human
63.316667,-143.033333,8/31/2015 15:36,0.1,0.1,Miscellaneous,0-25,S,1501-2500,Black Spruce,63.316667,-143.033333,TRUE,Human
61.6028,-149.90495,8/30/2015 13:27,1,48,Equipment,0-25,NW,0-500,Grass,61.6829,-149.8535,TRUE,Human
62.03,-150.05,8/29/2015 17:27,5,22,Equipment,0-25,NW,0-500,Grass,62.03,-150.05,TRUE,Human
63.333883,-143.100806,8/28/2015 1:31,0.1,0.1,Miscellaneous,0-25,NE,1501-2500,Black Spruce,63.32981,-143.100806,TRUE,Human
57.615783,-152.320633,8/27/2015 21:13,2000,4862,Miscellaneous,0-25,NW,0-500,Other,57.615783,-152.320633,TRUE,Human
61.741233,-150.03605,8/27/2015 18:05,0.3,0.3,Miscellaneous,0-25,SW,0-500,Mixed (Hardwoods/Softwoods),61.7412333,-150.03605,TRUE,Human
61.545617,-149.59635,8/27/2015 16:18,0.1,0.1,Equipment,0-25,SW,0-500,Grass,61.5456167,-149.59635,TRUE,Human
60.700133,-151.299583,8/26/2015 11:16,0.1,0.1,Miscellaneous,0-25,Flat,0-500,Black Spruce,60.7001333,-151.2995833,TRUE,Human
60.241817,-151.368333,8/23/2015 12:21,0.1,0.1,Debris Burning,0-25,Flat,0-500,Other,60.24505,-151.35965,TRUE,Human
60.30515,-151.379633,8/22/2015 20:20,0.1,0.1,Equipment,0-25,Flat,0-500,Black Spruce,60.30495,-151.3789,TRUE,Human
61.344433,-150.2822,8/22/2015 18:30,0.1,0.1,Campfire,0-25,SW,0-500,Grass,61.3444333,-150.2822,TRUE,Human
60.477375,-151.055172,8/22/2015 10:48,0.1,0.1,Equipment,0-25,Flat,0-500,Other,60.477375,-151.055172,TRUE,Human
61.017117,-149.730217,8/20/2015 11:23,0.1,0.1,Campfire,26-40,N,0-500,Other,61.017117,-149.730217,TRUE,Human
60.818333,-148.99,8/15/2015 11:29,100,100,Prescribed,0-25,Flat,0-500,Unknown,60.818333,-148.99,TRUE,Prescribed
62.43945,-143.349417,8/13/2015 12:14,0.1,0.1,Campfire,0-25,NW,2501-3500,Black Spruce,62.43945,-143.349417,TRUE,Human
63.657,-144.039083,8/13/2015 12:09,0.1,0.1,Debris Burning,0-25,NE,501-1500,Other,63.657,-144.039083,TRUE,Human
65.0691667,-164.6713889,8/8/2015 21:30,10,1,Lightning,0-25,Flat,0-500,Tundra,65.0691667,-164.6713889,TRUE,Natural
65.2833333,-154.8,8/8/2015 21:06,0.1,0.1,Lightning,0-25,South,0501-1500,Mixed Trees,64.6621666,-155.9396667,TRUE,Natural
64.8211111,-154.2519444,8/8/2015 14:18,5,5,Lightning,0-25,Flat,0-500,Mixed Trees,64.8211111,-154.2519444,TRUE,Natural
61.7156,-145.096817,8/8/2015 13:35,0.1,0.1,Human,0-25,Flat,1501-2500,Black Spruce,61.7156,-145.096817,TRUE,?
61.545067,-149.62345,8/7/2015 18:51,0.1,0.1,Miscellaneous,0-25,SW,0-500,Mixed (Hardwoods/Softwoods),61.545067,-149.62345,TRUE,Human
63.3314,-142.952133,8/7/2015 18:49,0.1,0.1,Debris Burning,0-25,E,1501-2500,Unknown,63.330883,-142.954367,TRUE,Human
59.62085,-151.455633,8/5/2015 14:54,0.1,0.1,Campfire,0-25,Flat,0-500,Other,59.62085,-151.455633,TRUE,Human
61.721933,-145.0215,8/5/2015 12:55,0.1,0.1,Debris Burning,0-25,NW,501-1500,Black Spruce,61.721933,-145.0215,TRUE,Human
66.4166667,-156.7833334,8/4/2015 19:57,0.1,0.1,Human,0-25,Flat,0501-1500,Black Spruce,66.4166667,-156.7833334,TRUE,?
63.08165,-142.4505,8/3/2015 17:22,0.5,0.3,Lightning,0-25,N,1501-2500,Live White Spruce,63.081383,-142.448917,TRUE,Natural
60.688333,-151.337417,8/3/2015 16:48,0.1,0.1,Debris Burning,0-25,NE,0-500,Other,60.683333,-151.333333,TRUE,Human
61.431283,-142.9525,8/3/2015 14:58,0.1,0.1,Campfire,0-25,NE,501-1500,Black Spruce,61.431283,-142.9525,TRUE,Human
61.618,-149.39655,8/2/2015 14:41,0.1,0.1,Debris Burning,0-25,NE,0-500,Grass,61.618078,-149.392763,TRUE,Human
60.487717,-151.140603,8/1/2015 11:14,0.1,0.1,Miscellaneous,0-25,Flat,0-500,Grass,60.487717,-151.140603,TRUE,Human
61.035,-159.076667,7/31/2015 17:50,2,2,Lightning,0-25,E,501-1500,Black Spruce,61.035,-159.076667,TRUE,Natural
61.436917,-144.44875,7/31/2015 16:41,0.1,0.1,Campfire,0-25,W,0-500,Grass,61.436917,-144.44875,TRUE,Human
62.116667,-158.083333,7/30/2015 17:31,0.7,0.7,Lightning,0-25,SW,501-1500,Black Spruce,62.116667,-158.083333,TRUE,Natural
61.991617,-145.3312,7/30/2015 16:22,0.1,0.1,Campfire,0-25,Flat,501-1500,Grass,61.991617,-145.3312,TRUE,Human
63.4392778,-152.0055,7/29/2015 15:15,5,5.4,Lightning,0-25,Flat,0501-1500,Black Spruce,63.4392778,-152.0054722,TRUE,Natural
64.798017,-148.049683,7/28/2015 17:07,0.2,0.2,Debris Burning,0-25,SW,0-500,Mixed (Hardwoods/Softwoods),64.798017,-148.049683,TRUE,Human
60.4989,-151.09315,7/28/2015 15:33,0.1,0.1,Debris Burning,0-25,Flat,0-500,Other,60.4989,-151.09315,TRUE,Human
65.3407778,-158.0237222,7/27/2015 20:19,0.1,80.9,Lightning,0-25,Flat,0501-1500,Tundra,65.3407778,-158.0237222,TRUE,Natural
66.3341667,-157.5268333,7/27/2015 16:20,0.1,7,Lightning,0-25,North,0501-1500,Tundra,66.3341667,-157.5268333,TRUE,Natural
63.910467,-143.048917,7/26/2015 18:43,0.1,0.1,Lightning,0-25,SE,1501-2500,Unknown,63.910467,-143.048917,TRUE,Natural
60.582917,-151.3284,7/25/2015 18:45,0.1,0.1,Debris Burning,0-25,Flat,0-500,Other,60.582917,-151.3284,TRUE,Human
62.665639,-156.497583,7/25/2015 17:55,25,6.6,Lightning,0-25,E,501-1500,Black Spruce,62.6635,-156.504333,TRUE,Natural
61.698283,-148.825583,7/25/2015 16:04,0.1,0.1,Campfire,0-25,N,501-1500,Other,61.698283,-148.825583,TRUE,Human
62.13645,-145.42235,7/25/2015 13:35,0.3,0.4,Campfire,0-25,E,501-1500,Black Spruce,62.135367,-145.422283,TRUE,Human
63.854633,-143.112117,7/24/2015 19:13,1,1,Lightning,0-25,NE,1501-2500,Other,63.858783,-143.112117,TRUE,Natural
67.916,-163.6868333,7/24/2015 18:33,0.1,1744.7,Lightning,0-25,South West,0501-1500,Tundra,67.916,-163.6868333,TRUE,Natural
65.541,-152.082,7/24/2015 17:13,15,34.9,Lightning,0-25,Flat,0501-1500,Tundra,65.541,-152.082,TRUE,Natural
66.1158333,-154.9073333,7/24/2015 15:27,30,144.5,Lightning,0-25,Flat,0501-1500,Black Spruce,66.113,-154.9073333,TRUE,Natural
61.458817,-148.526283,7/24/2015 12:53,0.1,0.3,Lightning,41-55,NE,2501-3500,Grass,61.458817,-148.526283,TRUE,Natural
62.155517,-145.4138,7/24/2015 8:10,0.1,0.2,Lightning,0-25,E,501-1500,Black Spruce,62.167374,-145.412155,TRUE,Natural
66.8527778,-159.0833333,7/23/2015 23:48,0.1,3,Lightning,0-25,Flat,0-500,Brush,61.8527778,-159.0833333,TRUE,Natural
67.1583333,-159.3075,7/23/2015 20:18,60,15562.5,Lightning,0-25,Flat,0-500,Black Spruce,67.1533333,-159.4633333,TRUE,Natural
63.850267,-144.567467,7/23/2015 19:23,0.3,0.3,Lightning,26-40,N,1501-2500,Black Spruce,63.850267,-144.567467,TRUE,Natural
64.8333333,-151.4,7/23/2015 17:38,0.1,52.4,Lightning,0-25,Flat,0-500,Black Spruce,64.8315556,-151.3912778,TRUE,Natural
65.3881111,-165.1305278,7/23/2015 17:32,0.1,180,Lightning,0-25,Flat,0-500,Unknown,65.3853333,-165.1296667,TRUE,Natural
63.9246667,-150.8001111,7/23/2015 17:11,15,20.9,Lightning,0-25,Flat,0501-1500,Black Spruce,63.9271667,-150.794,TRUE,Natural
61.620483,-149.117417,7/22/2015 16:42,0.1,0.1,Debris Burning,0-25,N,0-500,Black Spruce,61.620483,-149.117417,TRUE,Human
60.518717,-150.843033,7/22/2015 16:10,0.1,0.1,Debris Burning,0-25,Flat,0-500,Other,60.518717,-150.843033,TRUE,Human
58.5955555,-134.9077778,7/22/2015 12:50,0.1,0.1,Lightning,0-25,Flat,0-500,Black Spruce,58.5955555,-134.9077778,TRUE,Natural
61.948983,-145.304183,7/22/2015 12:49,0.1,0.1,Miscellaneous,0-25,S,501-1500,Black Spruce,61.951549,-145.307953,TRUE,Human
63.329028,-142.976932,7/22/2015 12:22,0.1,0.1,Debris Burning,0-25,NW,1501-2500,Black Spruce,63.327567,-142.913417,TRUE,Human
64.36625,-156.44275,7/21/2015 16:46,0.5,0.5,Lightning,0-25,Flat,0-500,Black Spruce,64.36625,-156.44275,TRUE,Natural
60.532717,-150.7393,7/21/2015 15:47,0.1,0.1,Campfire,0-25,NW,0-500,Other,60.532717,-150.7393,TRUE,Human
59.740683,-151.26735,7/21/2015 11:36,0.1,0.1,Debris Burning,0-25,Flat,501-1500,Other,59.740683,-151.26735,TRUE,Human
64.2610833,-156.9534722,7/20/2015 16:23,2,40.2,Lightning,0-25,Flat,0-500,Black Spruce,64.2610833,-156.9534722,TRUE,Natural
66.1165,-154.6486667,7/20/2015 16:22,1300,32327.8,Lightning,0-25,Flat,0-500,Black Spruce,66.1165,-154.6486667,TRUE,Natural
61.345567,-149.5608,7/20/2015 12:18,0.1,0.1,Human,0-25,W,0-500,Grass,61.343864,-149.569005,TRUE,?
61.351517,-149.52735,7/19/2015 21:29,0.1,0.1,Miscellaneous,26-40,W,0-500,Grass,61.351517,-149.52735,TRUE,Human
65.8316667,-163.9966667,7/19/2015 16:15,1,1,Lightning,0-25,Flat,0-500,Black Spruce,65.8316667,-163.9966667,TRUE,Natural
61.525583,-149.0003,7/19/2015 15:51,0.1,0.1,Campfire,0-25,SE,0-500,Grass,61.525583,-149.0003,TRUE,Human
60.25305,-151.17525,7/19/2015 15:33,0.1,0.1,Campfire,0-25,NW,0-500,Other,60.25305,-151.17525,TRUE,Human
62.222,-158.7845,7/19/2015 12:38,25,37,Lightning,26-40,E,501-1500,Black Spruce,62.222,-158.7845,TRUE,Natural
65.4166667,-164.5333334,7/19/2015 9:13,6500,21698,Lightning,0-25,Flat,0-500,Black Spruce,65.4166667,-164.5333334,TRUE,Natural
64.057983,-144.4265,7/18/2015 15:14,0.5,0.5,Lightning,26-40,S,2501-3500,Black Spruce,64.057983,-144.4265,TRUE,Natural
60.435,-149.343467,7/18/2015 10:46,0.1,0.1,Under Investigation,0-25,NW,501-1500,Unknown,60.435,-149.343467,TRUE,Human
61.953833,-145.348167,7/18/2015 9:08,0.1,0.1,Smoking,0-25,Flat,501-1500,Mixed (Hardwoods/Softwoods),61.9538333,-145.3481667,TRUE,Human
63.789433,-144.206267,7/17/2015 18:23,2,0.5,Lightning,0-25,E,501-1500,Black Spruce,63.7895,-144.207667,TRUE,Natural
64.916717,-147.732533,7/17/2015 15:43,0.1,0.1,Miscellaneous,26-40,NE,501-1500,Hardwoods,64.916717,-147.732533,TRUE,Human
67.558,-162.4541667,7/17/2015 12:00,20,298.9,Lightning,0-25,Flat,0-500,Black Spruce,67.558,-162.4541667,TRUE,Natural
63.320033,-143.06455,7/17/2015 6:10,0.1,0.1,Human,0-25,S,1501-2500,Black Spruce,63.320033,-143.06455,TRUE,?
63.5915,-157.6853333,7/16/2015 20:39,5,603.3,Lightning,0-25,Flat,0-500,Black Spruce,63.5915,-157.6853333,TRUE,Natural
64.84115,-147.845417,7/16/2015 20:38,0.1,0.1,Campfire,0-25,W,0-500,Grass,64.84115,-147.845417,TRUE,Human
64.954,-147.779033,7/16/2015 19:54,0.1,0.1,Miscellaneous,0-25,N,501-1500,Black Spruce,64.954257,-147.777842,TRUE,Human
64.75085,-147.336767,7/16/2015 17:40,0.1,0.1,Miscellaneous,0-25,NW,0-500,Mixed (Hardwoods/Softwoods),64.75085,-147.336767,TRUE,Human
65.7903334,-150.0148889,7/16/2015 16:10,0.1,15.4,Lightning,0-25,North West,0501-1500,White Spruce,65.7903334,-150.0148889,TRUE,Natural
60.52215,-151.076133,7/16/2015 13:42,0.1,0.1,Debris Burning,0-25,Flat,0-500,Other,60.52205,-151.075733,TRUE,Human
64.5802778,-165.0547222,7/16/2015 11:35,35,42,Lightning,0-25,Flat,0501-1500,Black Spruce,64.5802778,-165.0547222,TRUE,Natural
61.39625,-150.5695,7/15/2015 16:46,0.2,0.6,Lightning,0-25,N,0-500,Mixed (Hardwoods/Softwoods),61.39625,-150.5695,TRUE,Natural
66.2628333,-156.4323333,7/15/2015 14:48,2,2,Lightning,0-25,Flat,0501-1500,Black Spruce,66.2628333,-156.4323333,TRUE,Natural
66.4873333,-157.7888334,7/15/2015 14:18,150,8867.3,Lightning,0-25,Flat,0-500,Black Spruce,66.4873333,-157.7888334,TRUE,Natural
66.7361667,-155.0966667,7/15/2015 13:30,79.2,79.2,Lightning,0-25,Flat,0501-1500,Black Spruce,66.7361667,-155.0966667,TRUE,Natural
64.7733333,-151.4441667,7/14/2015 20:18,0.1,0.5,Lightning,0-25,West,0501-1500,White Spruce,64.7733333,-151.4441667,TRUE,Natural
61.522317,-149.0154,7/14/2015 18:11,0.1,0.1,Debris Burning,0-25,N,0-500,Other,61.5223167,-149.0154,TRUE,Human
60.545967,-150.856517,7/14/2015 16:00,0.1,0.1,Debris Burning,0-25,Flat,0-500,Other,60.545967,-150.856517,TRUE,Human
61.584905,-149.577297,7/14/2015 8:37,0.1,0.1,Debris Burning,0-25,NE,0-500,Mixed (Hardwoods/Softwoods),61.584905,-149.577297,TRUE,Human
63.235,-154.435167,7/13/2015 15:33,0.1,0.3,Lightning,0-25,SE,501-1500,Mixed (Hardwoods/Softwoods),63.235,-154.435167,TRUE,Natural
65.2638889,-142.6214167,7/13/2015 15:22,0.5,7,Lightning,0-25,Flat,1501-2500,Black Spruce,65.2653889,-142.6224445,TRUE,Natural
60.307833,-158.244333,7/12/2015 17:27,150,282,Lightning,0-25,NE,501-1500,Other,60.307833,-158.244333,TRUE,Natural
61.607917,-157.633056,7/12/2015 16:31,0.5,64,Lightning,0-25,Flat,501-1500,Black Spruce,61.608333,-157.636333,TRUE,Natural
62.5275,-155.7365,7/12/2015 15:50,5,5,Lightning,41-55,SW,501-1500,Mixed (Hardwoods/Softwoods),62.5275,-155.7365,TRUE,Natural
61.802967,-148.0776,7/12/2015 9:25,0.1,0.1,Miscellaneous,41-55,S,1501-2500,Other,61.802967,-148.0776,TRUE,Human
63.9802777,-154.4975,7/12/2015 7:49,0.1,1563.9,Lightning,0-25,Flat,0501-1500,Black Spruce,63.9802777,-154.4975,TRUE,Natural
60.39965,-149.643967,7/11/2015 18:29,0.3,0.3,Human,0-25,SW,0-500,Unknown,60.402778,-149.65,TRUE,?
64.9312222,-142.1691111,7/11/2015 18:00,15160,118.2,Lightning,0-25,Flat,2501-3500,Black Spruce,64.9312222,-142.1691111,TRUE,Natural
61.986033,-146.473167,7/11/2015 17:47,0.1,0,F/A,0-25,SE,1501-2500,Unknown,61.986033,-146.473167,TRUE,False Alarm
63.490333,-153.344333,7/11/2015 17:37,800,2363,Lightning,0-25,E,501-1500,Black Spruce,63.490333,-153.344333,TRUE,Natural
63.4759722,-153.2694445,7/11/2015 6:58,0.1,12.9,Lightning,0-25,Flat,0501-1500,Black Spruce,63.4759722,-153.2694445,TRUE,Natural
63.4141389,-153.3090556,7/11/2015 6:57,0.1,128.2,Lightning,0-25,Flat,0501-1500,Black Spruce,63.4141389,-153.3090556,TRUE,Natural
61.810083,-150.097883,7/10/2015 22:28,0.3,0.3,Human,0-25,SE,0-500,Grass,61.810083,-150.097883,TRUE,?
61.273667,-157.477767,7/10/2015 19:31,200,1142.6,Lightning,0-25,E,501-1500,Black Spruce,61.274167,-157.454167,TRUE,Natural
66.8208333,-160.934,7/10/2015 19:05,30,73,Lightning,0-25,Flat,0-500,Black Spruce,66.8333333,-161,TRUE,Natural
62.795667,-141.989,7/10/2015 16:38,0.2,0.3,Lightning,26-40,SW,1501-2500,Unknown,62.795667,-141.989,TRUE,Natural
59.553607,-158.359727,7/10/2015 16:14,500,1931,Lightning,0-25,S,0-500,Mixed (Hardwoods/Softwoods),59.540833,-158.357667,TRUE,Natural
61.45745,-145.12755,7/9/2015 20:09,0.1,0.3,Smoking,41-55,SE,1501-2500,Other,61.479436,-145.15301,TRUE,Human
64.3488333,-156.4656944,7/9/2015 18:00,2,2,Lightning,0-25,Flat,0-500,Black Spruce,64.3488333,-156.4656944,TRUE,Natural
66.4326667,-145.8298056,7/9/2015 17:45,10,10,Lightning,0-25,Flat,0-500,Black Spruce,66.4326667,-145.8298056,TRUE,Natural
59.668067,-151.433333,7/9/2015 13:43,0.1,0.1,Campfire,0-25,Flat,0-500,Other,59.668067,-151.433333,TRUE,Human
65.4093333,-154.5166667,7/8/2015 15:31,20,106,Lightning,0-25,Flat,0501-1500,Black Spruce,65.4093333,-154.5166667,TRUE,Natural
59.639317,-151.552467,7/8/2015 12:43,0.1,0.1,Campfire,0-25,S,0-500,Other,59.639317,-151.552467,TRUE,Human
61.46925,-148.918817,7/7/2015 19:25,0.1,0.1,Campfire,26-40,NE,1501-2500,Grass,61.48262,-148.903328,TRUE,Human
64.475,-151.2680556,7/6/2015 20:56,20,69,Lightning,0-25,Flat,0501-1500,Black Spruce,64.4771667,-151.2721667,TRUE,Natural
63.6395833,-152.1091111,7/6/2015 20:03,10,1949.4,Lightning,0-25,Flat,0501-1500,Black Spruce,63.6397222,-152.1218611,TRUE,Natural
63.335817,-153.895483,7/6/2015 16:51,0.1,0.3,Lightning,0-25,E,0-500,Other,63.33595,-153.896383,TRUE,Natural
63.0611,-153.033333,7/6/2015 15:30,175,3395,Lightning,26-40,NE,1501-2500,Black Spruce,63.062848,-153.033535,TRUE,Natural
61.527483,-149.0346,7/6/2015 14:44,0.1,0.1,Miscellaneous,0-25,SE,0-500,Grass,61.528607,-149.030997,TRUE,Human
65.0885,-149.003,7/6/2015 13:03,5,10661,Lightning,0-25,Flat,0-500,Black Spruce,65.0885,-149.003,TRUE,Natural
64.8219444,-153.4061111,7/6/2015 10:45,10,509,Lightning,0-25,Flat,0501-1500,Black Spruce,64.8219444,-153.4061111,TRUE,Natural
62.621517,-141.01215,7/6/2015 9:34,0.1,0.1,Incendiary,26-40,E,1501-2500,Unknown,62.621517,-141.01215,TRUE,Human
63.300333,-141.0333,7/5/2015 20:12,8,8,Lightning,41-55,W,2501-3500,Unknown,63.300333,-141.0333,TRUE,Natural
65.7,-143.2333333,7/5/2015 19:47,2500,2060.1,Lightning,0-25,Flat,0501-1500,Black Spruce,65.7,-143.2333333,TRUE,Natural
64.3215,-156.4443333,7/5/2015 18:28,30,115.2,Lightning,0-25,Flat,0-500,Grass,64.3215,-156.4443333,TRUE,Natural
67.0938889,-141.0263889,7/5/2015 12:59,0.1,239.4,Lightning,0-25,Flat,1501-2500,Black Spruce,67.0938889,-141.0263889,TRUE,Natural
60.777767,-161.440333,7/5/2015 12:58,80,349,Campfire,0-25,N,0-500,Other,60.790333,-161.443667,TRUE,Human
58.4903611,-134.8499722,7/5/2015 12:01,0.1,0.1,Human,0-25,Flat,0-500,Grass,58.4903611,-134.8499722,TRUE,Human
63.6291667,-153.0191667,7/4/2015 20:43,1500,100524,Lightning,0-25,Flat,0501-1500,Black Spruce,63.6291667,-153.0191667,TRUE,Natural
63.8838333,-153.5123333,7/4/2015 19:47,500,11357.2,Lightning,0-25,East,1501-2500,Black Spruce,63.8838333,-153.5123333,TRUE,Natural
62.76678,-153.577767,7/4/2015 18:41,30,48,Lightning,0-25,S,501-1500,Black Spruce,62.766667,-153.566667,TRUE,Natural
61.5780556,-159.5122222,7/4/2015 13:47,0.1,0.1,Lightning,0-25,Flat,0-500,Black Spruce,61.5780556,-159.5122222,TRUE,Natural
60.732551,-156.565874,7/4/2015 10:33,290,292,Lightning,0-25,E,501-1500,Mixed (Hardwoods/Softwoods),60.581467,-156.5648,TRUE,Natural
58.903633,-157.4046,7/4/2015 10:06,2000,3342,Lightning,0-25,SE,0-500,Other,58.903633,-157.4046,TRUE,Natural
61.19835,-149.858333,7/3/2015 21:19,0.3,0.3,Campfire,0-25,S,0-500,Grass,61.201,-149.8565,TRUE,Human
60.48435,-149.731883,7/3/2015 15:45,0.1,0.1,Under Investigation,Unknown,Unknown,Unknown,Grass,60.48435,-149.731883,TRUE,Human
58.5426667,-134.8565834,7/3/2015 5:36,0.1,0.3,Human,0-25,Flat,0-500,Grass,58.5426667,-134.8565834,TRUE,Human
60.562917,-151.244967,7/2/2015 16:40,0.1,0.1,Campfire,0-25,Flat,0-500,Dead White Spruce,60.562917,-151.244967,TRUE,Human
61.54155,-149.0536,7/2/2015 15:57,0.1,0.1,Children,26-40,S,0-500,Grass,61.54155,-149.0536,TRUE,Human
67.6166667,-149.4944444,7/2/2015 15:26,0.1,323.3,Lightning,0-25,Flat,1501-2500,Black Spruce,67.6166667,-149.4833333,TRUE,Natural
61.52745,-144.404133,7/2/2015 15:12,0.1,0.1,Campfire,0-25,Flat,0-500,Black Spruce,61.52745,-144.404133,TRUE,Human
64.8611667,-156.8785,7/2/2015 14:15,1,1,Lightning,0-25,Flat,0-500,Black Spruce,64.8611667,-156.8785,TRUE,Natural
67.0385,-149.7245,7/2/2015 8:59,0.1,4156.6,Lightning,0-25,Flat,1501-2500,Black Spruce,67.0466667,-149.805,TRUE,Natural
64.8977778,-155.1019444,7/1/2015 19:52,15,8.7,Lightning,0-25,South East,0501-1500,Mixed Trees,64.8861944,-155.1049444,TRUE,Natural
65.325,-148.1271667,6/30/2015 18:17,0.1,1,Lightning,0-25,East,1501-2500,Black Spruce,65.325,-148.1271667,TRUE,Natural
62.94495,-155.57465,6/30/2015 12:13,0.1,0.1,Human,0-25,SW,0-500,Other,62.94495,-155.57465,TRUE,?
62.919117,-155.5948,6/30/2015 11:17,0.3,0.3,Lightning,0-25,SE,0-500,Black Spruce,62.9180667,-155.596617,TRUE,Natural
58.62625,-134.9373889,6/30/2015 4:10,0.1,0.1,Human,0-25,Flat,0-500,Black Spruce,58.62625,-134.9373889,TRUE,Human
59.105,-160.123333,6/29/2015 23:12,0.1,2,Lightning,41-55,NW,501-1500,Other,59.1,-159.95,TRUE,Natural
64.3605,-158.1833333,6/29/2015 19:55,10,151.2,Lightning,0-25,Flat,0-500,Black Spruce,64.3605,-158.1833333,TRUE,Natural
61.085383,-163.241333,6/29/2015 17:00,1003,1009,Lightning,0-25,N,0-500,Grass,61.085383,-163.241333,TRUE,Natural
64.3565,-158.179,6/29/2015 16:30,5,5,Lightning,0-25,Flat,0-500,Black Spruce,64.3565,-158.179,TRUE,Natural
64.4380556,-152.975,6/29/2015 15:03,10,31089.9,Lightning,0-25,North East,0501-1500,Black Spruce,64.4380556,-152.975,TRUE,Natural
64.1861111,-153.1002778,6/29/2015 15:00,10,8236.1,Lightning,0-25,South East,0501-1500,Black Spruce,64.1861111,-153.1002778,TRUE,Natural
64.6077778,-147.4186111,6/29/2015 11:15,1,1,Lightning,0-25,Flat,0501-1500,Black Spruce,64.6129722,-147.4199167,TRUE,Natural
61.530833,-149.0407,6/28/2015 17:46,0.1,0.1,Smoking,0-25,SE,0-500,Grass,61.530833,-149.0407,TRUE,Human
62.056833,-154.579667,6/28/2015 8:38,11,11,Lightning,0-25,S,501-1500,Black Spruce,62.056833,-154.579667,TRUE,Natural
61.4858,-149.1154,6/27/2015 17:42,0.1,0.1,Debris Burning,26-40,N,0-500,Grass,61.4858,-149.1154,TRUE,Human
63.263766,-155.181682,6/27/2015 17:35,5,270,Lightning,0-25,S,0-500,Black Spruce,63.26075,-155.1825,TRUE,Natural
63.8333333,-152.3833333,6/27/2015 15:03,600,11589.7,Lightning,0-25,Flat,0501-1500,Black Spruce,63.8333333,-152.3833333,TRUE,Natural
63.68,-157.883,6/26/2015 21:20,960,10109.2,Lightning,0-25,Flat,0-500,Other,63.68,-157.883,TRUE,Natural
63.9775,-155.9318334,6/26/2015 20:44,1500,16869.2,Lightning,0-25,Flat,0-500,Black Spruce,63.9775,-155.9318334,TRUE,Natural
63.8902778,-145.5178611,6/26/2015 15:49,3,7,Lightning,0-25,Flat,0501-1500,Black Spruce,63.89015,-145.5206667,TRUE,Natural
63.6000278,-152.8847222,6/26/2015 14:40,100,6940.5,Lightning,0-25,Flat,0501-1500,Black Spruce,63.6,-152.8833333,TRUE,Natural
63.566667,-153.766667,6/26/2015 10:38,50,1682,Lightning,0-25,W,501-1500,Black Spruce,63.566667,-153.766667,TRUE,Natural
62.841333,-153.42,6/26/2015 10:09,0.5,31917,Lightning,0-25,S,501-1500,Black Spruce,62.841333,-153.42,TRUE,Natural
63.1256,-156.68615,6/26/2015 10:09,0.1,3141,Lightning,0-25,W,501-1500,Black Spruce,63.1256,-156.68615,TRUE,Natural
61.494433,-148.9166,6/26/2015 6:46,0.1,0.3,Campfire,0-25,Flat,0-500,Mixed (Hardwoods/Softwoods),61.494433,-148.9166,TRUE,Human
63.9,-153.95,6/25/2015 22:06,0.1,20729.9,Lightning,0-25,Flat,0501-1500,Black Spruce,63.9,-153.95,TRUE,Natural
63.8333333,-154.5333334,6/25/2015 22:00,0.1,966.5,Lightning,0-25,West,0501-1500,Black Spruce,63.8333333,-154.5166667,TRUE,Natural
63.7086111,-153.6441667,6/25/2015 21:59,0.1,45995.7,Lightning,0-25,Flat,0501-1500,Black Spruce,63.7,-153.6333333,TRUE,Natural
64.3330556,-153.1308333,6/25/2015 21:52,0.1,30678.1,Lightning,0-25,Flat,0-500,Black Spruce,65.3166667,-150.0333333,TRUE,Natural
64.2333333,-153.1,6/25/2015 21:40,0.1,3900.2,Lightning,0-25,Flat,0501-1500,Black Spruce,64.2333333,-151.5055556,TRUE,Natural
64.4486111,-155.2447222,6/25/2015 19:18,3000,3409.7,Lightning,0-25,Flat,0-500,Black Spruce,64.4333333,-155.2333333,TRUE,Natural
65.1,-155.0333333,6/25/2015 19:15,1000,12880.7,Lightning,0-25,Flat,0501-1500,Black Spruce,65.1,-155.0333333,TRUE,Natural
65.2833333,-154.8,6/25/2015 19:04,5000,9592.8,Lightning,0-25,South,0501-1500,Unknown,65.2833333,-154.8,TRUE,Natural
65.2666667,-154.8333333,6/25/2015 18:13,750,984.6,Lightning,0-25,East,0501-1500,Black Spruce,65.2666667,-154.8333333,TRUE,Natural
63.7630278,-151.4352778,6/25/2015 17:37,300,361.3,Lightning,0-25,Flat,0501-1500,Black Spruce,63.75,-151.4333333,TRUE,Natural
60.935409,-158.376015,6/25/2015 17:36,0.5,365,Lightning,26-40,E,501-1500,Other,60.933333,-158.383333,TRUE,Natural
63.3988611,-152.1025,6/25/2015 17:30,300,323,Lightning,0-25,Flat,0501-1500,Black Spruce,63.3927778,-152.1006111,TRUE,Natural
63.8680556,-150.9704444,6/25/2015 17:22,0.1,0.1,Lightning,0-25,Flat,0501-1500,Unknown,63.8680556,-150.9704444,TRUE,Natural
60.20565,-150.731633,6/25/2015 17:09,0.3,335,Miscellaneous,0-25,S,0-500,Grass,60.20565,-150.731633,TRUE,Human
61.266667,-163.75,6/25/2015 16:53,0.5,954,Lightning,0-25,SW,0-500,Grass,61.266667,-163.75,TRUE,Natural
60.566167,-151.230117,6/25/2015 15:56,0.1,0.1,Children,0-25,W,0-500,Grass,60.566167,-151.230117,TRUE,Human
65.7488333,-150.2636944,6/25/2015 15:36,0.1,622.6,Lightning,26-40,East,1501-2500,Black Spruce,65.75,-150.2666667,TRUE,Natural
63.7221944,-150.6980278,6/25/2015 15:36,10,39.8,Lightning,0-25,East,1501-2500,Black Spruce,63.7166666,-150.6833333,TRUE,Natural
62.561233,-141.835617,6/25/2015 15:16,0.1,0.1,Lightning,0-25,W,1501-2500,Mixed (Hardwoods/Softwoods),62.560983,-141.834717,TRUE,Natural
61.488883,-148.902867,6/25/2015 15:00,0.2,0.2,Human,0-25,Flat,0-500,Mixed (Hardwoods/Softwoods),61.488883,-148.902867,TRUE,?
63.8091667,-152.0166667,6/25/2015 13:52,0.1,46545.3,Lightning,0-25,Flat,0501-1500,Black Spruce,63.7969445,-152.0669444,TRUE,Natural
63.21753,-155.927864,6/25/2015 13:23,0.5,175,Lightning,26-40,NE,501-1500,Mixed (Hardwoods/Softwoods),63.217283,-155.925667,TRUE,Natural
63.8675,-150.9697222,6/25/2015 13:20,0.1,2865.4,Lightning,0-25,Flat,0501-1500,Black Spruce,63.85,-150.9833333,TRUE,Natural
63.156933,-155.932333,6/25/2015 13:12,5,1543,Lightning,26-40,NE,1501-2500,Mixed (Hardwoods/Softwoods),63.156933,-155.932333,TRUE,Natural
63.115467,-155.916567,6/25/2015 11:00,0.5,208,Lightning,26-40,SE,501-1500,Other,63.158889,-155.938611,TRUE,Natural
61.894433,-158.957,6/25/2015 10:45,0.5,6110,Lightning,0-25,N,0-500,Other,61.883333,-158.95,TRUE,Natural
61.773667,-157.3611,6/25/2015 7:26,0.1,761,Lightning,0-25,N,501-1500,Unknown,61.788,-157.350333,TRUE,Natural
58.4091667,-134.5426667,6/25/2015 6:16,0.1,0.1,Human,0-25,Flat,0-500,Unknown,58.4091667,-134.5426667,TRUE,Human
65.2833333,-151.8666667,6/24/2015 22:00,3000,7377.5,Lightning,0-25,North,1501-2500,Black Spruce,65.2833333,-151.8666667,TRUE,Natural
61.807,-158.618167,6/24/2015 21:31,100,17,Lightning,0-25,NW,501-1500,Black Spruce,61.808167,-158.625333,TRUE,Natural
60.976167,-161.019667,6/24/2015 19:56,15,81,Lightning,0-25,N,0-500,Black Spruce,60.976167,-161.019667,TRUE,Natural
66.8311944,-145.8518334,6/24/2015 18:59,0.5,44,Lightning,0-25,Flat,0-500,Black Spruce,66.8311944,-145.8518334,TRUE,Natural
65.7402778,-151.8638889,6/24/2015 18:57,0.1,3412.1,Lightning,0-25,South East,1501-2500,Black Spruce,65.7402778,-151.8638889,TRUE,Natural
63.8080556,-158.0272222,6/24/2015 18:19,915,9527.4,Lightning,0-25,Flat,0-500,Black Spruce,63.7521667,-157.9671666,TRUE,Natural
62.64395,-144.57235,6/24/2015 18:03,0.5,1,Lightning,0-25,Flat,1501-2500,Black Spruce,62.64395,-144.57235,TRUE,Natural
59.639417,-151.553517,6/24/2015 17:59,0.1,0.1,Campfire,0-25,Flat,0-500,Other,59.639417,-151.553517,TRUE,Human
62.2166667,-160.9,6/24/2015 17:35,3000,49446,Lightning,0-25,Flat,0-500,Mixed Trees,62.2166667,-160.9,TRUE,Natural
62.3908333,-161.0255,6/24/2015 17:20,715,15814.3,Lightning,0-25,Flat,0-500,Black Spruce,62.3908333,-161.0255,TRUE,Natural
62.877585,-144.551212,6/24/2015 17:09,7,182,Lightning,0-25,E,2501-3500,Black Spruce,62.816538,-144.820374,TRUE,Natural
62.87715,-144.858267,6/24/2015 16:49,150,257.6,Lightning,0-25,SE,2501-3500,Black Spruce,62.87715,-144.858267,TRUE,Natural
61.8,-159.533333,6/24/2015 15:35,0.5,39550,Lightning,0-25,NE,0-500,Other,61.8,-159.533333,TRUE,Natural
63.283333,-154.4,6/24/2015 15:27,0.5,4250,Lightning,0-25,E,501-1500,Black Spruce,63.283333,-154.4,TRUE,Natural
65.139648,-146.248222,6/24/2015 15:25,0.1,231,Lightning,41-55,W,1501-2500,Unknown,65.141388,-146.251667,TRUE,Natural
61.473667,-157.594433,6/24/2015 15:13,0.5,465,Lightning,26-40,E,501-1500,Other,61.466667,-157.583333,TRUE,Natural
60.784167,-161.292778,6/24/2015 15:04,0.5,23241.5,Lightning,0-25,N,0-500,Grass,60.784167,-161.292778,TRUE,Natural
61.040833,-163.548056,6/24/2015 14:43,0.5,687,Lightning,0-25,N,0-500,Grass,61.040833,-163.548056,TRUE,Natural
63.161667,-156.811167,6/24/2015 11:16,200,2770,Lightning,26-40,E,501-1500,Black Spruce,63.161667,-156.811167,TRUE,Natural
67.2833333,-143.3,6/24/2015 10:55,1000,14881.4,Lightning,0-25,Flat,0501-1500,Black Spruce,67.6,-143.9833333,TRUE,Natural
64.137,-157.5508333,6/24/2015 9:30,5,78,Lightning,0-25,Flat,0501-1500,Black Spruce,64.137,-157.5508333,TRUE,Natural
63.64,-151.0163333,6/23/2015 22:00,0.1,127.9,Lightning,0-25,Flat,0501-1500,Black Spruce,63.64,-151.0163333,TRUE,Natural
63.168,-154.192,6/23/2015 21:31,20,15403,Lightning,0-25,Flat,0-500,Mixed (Hardwoods/Softwoods),63.168,-154.192,TRUE,Natural
59.35,-157.15,6/23/2015 20:50,0.5,0.5,Lightning,0-25,N,0-500,Grass,59.35,-157.15,TRUE,Natural
67.4738889,-145.2708333,6/23/2015 20:30,0.1,6659.6,Lightning,0-25,South,1501-2500,Black Spruce,67.4738889,-145.2708333,TRUE,Natural
67.4186111,-145.1255556,6/23/2015 19:52,275,15716.3,Lightning,0-25,Flat,0501-1500,Black Spruce,67.4186111,-145.1255556,TRUE,Natural
66.4558333,-145.4758333,6/23/2015 19:22,0.1,0.5,Lightning,0-25,Flat,0-500,Black Spruce,66.4627778,-145.315,TRUE,Natural
64.3661667,-154.7586667,6/23/2015 18:57,0.1,52108.5,Lightning,0-25,Flat,0-500,Black Spruce,64.3166667,-154.6333333,TRUE,Natural
64.3666667,-155.1,6/23/2015 18:55,0.1,29501.4,Lightning,0-25,Flat,0501-1500,Black Spruce,64.3666667,-155.1,TRUE,Natural
64.5333334,-154.7333333,6/23/2015 18:52,0.1,35748.9,Lightning,0-25,Flat,0-500,Black Spruce,64.5166667,-154.75,TRUE,Natural
62.3723,-146.8665,6/23/2015 18:45,10,25,Lightning,0-25,NW,2501-3500,Black Spruce,62.3723,-146.8665,TRUE,Natural
63.433056,-153.671944,6/23/2015 18:10,0.5,39043,Lightning,0-25,S,501-1500,Mixed (Hardwoods/Softwoods),63.433056,-153.671944,TRUE,Natural
61.318667,-159.854667,6/23/2015 17:23,15,30929,Lightning,0-25,E,501-1500,Mixed (Hardwoods/Softwoods),61.318667,-159.854667,TRUE,Natural
62.520159,-157.476196,6/23/2015 17:18,0.5,1046,Lightning,0-25,N,501-1500,Black Spruce,62.519667,-157.459667,TRUE,Natural
60.716667,-158.7,6/23/2015 17:14,0.5,1076,Lightning,0-25,N,501-1500,Other,60.716667,-158.7,TRUE,Natural
63.354417,-157.207,6/23/2015 17:09,0.5,4481,Lightning,0-25,E,0-500,Black Spruce,63.333333,-157.333333,TRUE,Natural
66.7858334,-143.5250555,6/23/2015 17:03,800,6246.1,Lightning,0-25,Flat,0501-1500,Black Spruce,66.7666667,-143.5166667,TRUE,Natural
61.186833,-154.635667,6/23/2015 16:53,5,9178,Lightning,0-25,E,501-1500,Other,61.186833,-154.635667,TRUE,Natural
63.86525,-146.8864722,6/23/2015 16:52,0.1,407.3,Lightning,0-25,Flat,2501-3500,Black Spruce,63.85,-146.8666667,TRUE,Natural
66.227,-144.5228333,6/23/2015 16:40,0.5,98,Lightning,0-25,Flat,0501-1500,Black Spruce,66.227,-144.5228333,TRUE,Natural
64.63535,-149.080483,6/23/2015 16:13,3,25,Lightning,0-25,Flat,0-500,Mixed (Hardwoods/Softwoods),64.6375,-149.056667,TRUE,Natural
61.548433,-149.03085,6/23/2015 15:58,0.1,0.1,Smoking,0-25,E,0-500,Grass,61.549472,-149.032658,TRUE,Human
65.2544444,-154.4877778,6/23/2015 15:44,0.1,1396.7,Lightning,0-25,Flat,1501-2500,Black Spruce,65.25,-154.5,TRUE,Natural
65.365867,-146.0155,6/23/2015 15:30,3,3,Lightning,26-40,NW,2501-3500,Mixed (Hardwoods/Softwoods),65.365867,-146.0155,TRUE,Natural
61.968267,-147.201517,6/23/2015 14:48,0.1,0.1,Lightning,0-25,E,3501-4500,Other,61.968132,-147.143916,TRUE,Natural
66.5383334,-163.7963334,6/23/2015 14:25,10,1593.6,Lightning,0-25,Flat,0-500,Black Spruce,66.5833333,-163.75,TRUE,Natural
62.085517,-145.039417,6/23/2015 13:52,1,1,Lightning,0-25,Flat,2501-3500,Unknown,62.133733,-144.985402,TRUE,Natural
64.65,-151.7666667,6/23/2015 13:34,0.1,66267.9,Lightning,0-25,Flat,0501-1500,Black Spruce,64.65,-151.7666667,TRUE,Natural
64.8666667,-155.3666667,6/23/2015 13:29,0.1,3356.5,Lightning,26-40,South West,0501-1500,Black Spruce,64.8666667,-155.3666667,TRUE,Natural
65.1,-154.65,6/23/2015 13:27,0.1,47333.2,Lightning,0-25,North East,1501-2500,Black Spruce,65.1,-154.65,TRUE,Natural
64.3655555,-155.5,6/23/2015 13:23,0.1,6.5,Lightning,0-25,Flat,0501-1500,Black Spruce,64.3666667,-155.5,TRUE,Natural
63.9063889,-154.4175,6/23/2015 13:20,0.1,30736.8,Lightning,0-25,Flat,0501-1500,Black Spruce,63.8833333,-154.4166667,TRUE,Natural
64.8675,-160.0163333,6/23/2015 13:12,5,8289.9,Lightning,0-25,Flat,0501-1500,Black Spruce,64.8666667,-160,TRUE,Natural
63.1648333,-152.1128611,6/23/2015 12:52,633,903.9,Lightning,0-25,Flat,1501-2500,Black Spruce,63.1718889,-152.1131667,TRUE,Natural
64.0666667,-154.1333333,6/23/2015 12:09,0.1,16703.5,Lightning,0-25,Flat,0-500,Black Spruce,64.0666667,-154.1333333,TRUE,Natural
65.9,-147.3166667,6/23/2015 11:22,0.1,11542.9,Lightning,26-40,North East,1501-2500,Black Spruce,65.9,-147.3166667,TRUE,Natural
60.150833,-160.09,6/23/2015 10:49,0.5,549,Lightning,0-25,SW,501-1500,Other,60.150833,-160.09,TRUE,Natural
63.307,-155.607,6/23/2015 10:47,0.5,970,Lightning,26-40,E,501-1500,Hardwoods,63.3,-155.6,TRUE,Natural
61.306786,-163.217548,6/23/2015 10:43,0.5,22613,Lightning,0-25,NE,0-500,Other,61.306944,-163.2175,TRUE,Natural
61.120556,-163.171111,6/23/2015 10:37,0.5,14413,Lightning,0-25,N,0-500,Other,61.120556,-163.171111,TRUE,Natural
64.4268333,-156.18,6/22/2015 23:40,100,1694.2,Lightning,0-25,Flat,0-500,Black Spruce,64.4268333,-156.18,TRUE,Natural
65.7166666,-152.5833333,6/22/2015 23:20,0.1,48176.1,Lightning,0-25,Flat,0501-1500,Unknown,65.7166666,-152.5833333,TRUE,Natural
64.2865,-156.6533333,6/22/2015 23:11,5,5,Lightning,0-25,Flat,0501-1500,Mixed Trees,64.2865,-156.6533333,TRUE,Natural
64.332,-156.6606666,6/22/2015 23:00,2,3932.2,Lightning,0-25,Flat,0501-1500,Mixed Trees,64.332,-156.6606666,TRUE,Natural
64.4731667,-157.2920278,6/22/2015 22:50,3,4223.7,Lightning,0-25,North West,1501-2500,Mixed Trees,64.4731667,-157.292,TRUE,Natural
63.7666667,-152.9833333,6/22/2015 22:47,0.1,20942.8,Lightning,0-25,Flat,1501-2500,Black Spruce,63.7666667,-152.9833333,TRUE,Natural
64.2411111,-157.2408333,6/22/2015 22:40,5,66,Lightning,0-25,Flat,0501-1500,Mixed Trees,64.2411111,-157.2408333,TRUE,Natural
64.354,-158.045,6/22/2015 22:29,2,9453.2,Lightning,0-25,Flat,0-500,Black Spruce,64.354,-158.045,TRUE,Natural
65.071017,-147.986917,6/22/2015 22:24,1,1.4,Lightning,0-25,N,1501-2500,Black Spruce,65.071017,-147.986917,TRUE,Natural
65.1304167,-152.9671389,6/22/2015 22:24,800,60806.6,Lightning,0-25,Flat,0501-1500,Black Spruce,65.1304167,-152.9671389,TRUE,Natural
64.035,-157.8378333,6/22/2015 22:21,50,25687.5,Lightning,0-25,West,0501-1500,Mixed Trees,64.035,-157.8378333,TRUE,Natural
65.6166667,-152.45,6/22/2015 22:00,1250,5609.4,Lightning,0-25,Flat,0501-1500,Black Spruce,65.6166667,-152.45,TRUE,Natural
64.261,-158.094,6/22/2015 22:00,10,7563.2,Lightning,0-25,Flat,0-500,Tundra,64.261,-158.094,TRUE,Natural
63.241754,-154.313565,6/22/2015 21:52,3,7.5,Lightning,0-25,E,0-500,Black Spruce,63.22795,-154.334133,TRUE,Natural
64.722,-159.7388333,6/22/2015 21:46,15,5459,Lightning,0-25,Flat,0501-1500,Black Spruce,64.722,-159.7388333,TRUE,Natural
63.19939,-154.682411,6/22/2015 21:45,1,101,Lightning,26-40,SE,501-1500,Mixed (Hardwoods/Softwoods),63.147783,-154.631133,TRUE,Natural
65.1093611,-150.6207222,6/22/2015 20:49,50,42.6,Lightning,0-25,Flat,0501-1500,Unknown,65.1152778,-150.6255556,TRUE,Natural
61.653833,-159.660667,6/22/2015 20:00,5,55704,Lightning,0-25,NE,0-500,Mixed (Hardwoods/Softwoods),61.653833,-159.6606667,TRUE,Natural
62.519967,-158.418717,6/22/2015 19:53,1,0.1,Lightning,0-25,W,0-500,Black Spruce,62.519967,-158.418717,TRUE,Natural
62.46305,-158.411333,6/22/2015 19:53,20,29048,Lightning,0-25,NW,0-500,Black Spruce,62.46305,-158.411333,TRUE,Natural
61.639833,-159.268333,6/22/2015 19:49,3,2370,Lightning,0-25,W,501-1500,Other,61.6398333,-159.2683333,TRUE,Natural
59.057583,-157.663233,6/22/2015 19:18,0.5,244,Lightning,0-25,SW,0-500,Black Spruce,59,-157.716667,TRUE,Natural
63.6261111,-150.9788889,6/22/2015 18:57,30,5774.7,Lightning,0-25,Flat,1501-2500,Black Spruce,63.5833333,-151.1166667,TRUE,Natural
62.247833,-146.0705,6/22/2015 18:36,1,1,Lightning,0-25,Flat,1501-2500,Unknown,62.247833,-146.0705,TRUE,Natural
63.05,-146.433767,6/22/2015 18:10,0.1,0.5,Lightning,0-25,S,2501-3500,Other,63.05,-146.433767,TRUE,Natural
65.086217,-147.489533,6/22/2015 18:04,0.1,28.5,Lightning,41-55,SW,1501-2500,Other,65.083333,-147.466667,TRUE,Natural
64.5316667,-141.9525,6/22/2015 17:38,22,22,Lightning,0-25,Flat,1501-2500,Unknown,64.5416667,-141.9166667,TRUE,Natural
65.9,-149.1833333,6/22/2015 17:35,500,34851.4,Lightning,0-25,Flat,0501-1500,Unknown,65.9666666,-149.15,TRUE,Natural
62.94165,-155.951617,6/22/2015 17:19,5.1,5,Lightning,41-55,E,501-1500,Mixed (Hardwoods/Softwoods),62.94165,-155.9516167,TRUE,Natural
64.7343333,-155.009,6/22/2015 17:02,100,312918.2,Lightning,0-25,Flat,0-500,Black Spruce,64.7343333,-155.009,TRUE,Natural
65.3001,-146.641267,6/22/2015 16:48,0.1,482,Lightning,41-55,E,1501-2500,Mixed (Hardwoods/Softwoods),65.26595,-146.545567,TRUE,Natural
65.0236111,-155.8980555,6/22/2015 16:43,50,4488.6,Lightning,0-25,South East,0501-1500,Mixed Trees,65.0236111,-155.8980555,TRUE,Natural
65.1968333,-161.5825,6/22/2015 16:35,500,23271.6,Lightning,0-25,Flat,0-500,Mixed Trees,64.95,-161.2,TRUE,Natural
60.317167,-157.831667,6/22/2015 16:11,50,0.1,Lightning,0-25,SE,501-1500,Mixed (Hardwoods/Softwoods),60.317167,-157.831667,TRUE,Natural
65.1843333,-156.2148333,6/22/2015 16:10,1000,223154.1,Lightning,0-25,Flat,0-500,Mixed Trees,65.1843333,-156.2148333,TRUE,Natural
60.3025,-157.827,6/22/2015 16:07,20,2109,Lightning,0-25,S,501-1500,Grass,60.3025,-157.827,TRUE,Natural
65.256,-157.2345,6/22/2015 16:00,5,93.4,Lightning,0-25,Flat,0-500,Mixed Trees,65.256,-157.2345,TRUE,Natural
60.707,-157.477767,6/22/2015 15:44,200,3879,Lightning,26-40,S,501-1500,Mixed (Hardwoods/Softwoods),60.712833,-157.421833,TRUE,Natural
65.4993333,-159.3645,6/22/2015 15:40,500,1345.6,Lightning,0-25,Flat,0501-1500,Tundra,65.4993333,-159.3645,TRUE,Natural
65.6755,-159.22,6/22/2015 15:38,500,6771.4,Lightning,0-25,Flat,0501-1500,Tundra,65.6755,-159.22,TRUE,Natural
63.587333,-142.044833,6/22/2015 15:31,0.1,10708,Lightning,0-25,E,1501-2500,Unknown,63.587333,-142.044833,TRUE,Natural
64.164667,-149.498333,6/22/2015 15:30,0.1,73,Lightning,26-40,W,501-1500,Black Spruce,64.160333,-149.494167,TRUE,Natural
62.221,-156.589667,6/22/2015 15:13,0.1,2738,Lightning,41-55,S,501-1500,Black Spruce,62.221,-156.589667,TRUE,Natural
64.4233333,-156.1766667,6/22/2015 15:02,0.1,938,Lightning,0-25,Flat,0-500,Unknown,64.4166667,-156.1666667,TRUE,Natural
64.342,-158.0266667,6/22/2015 15:00,30,21492.9,Lightning,0-25,Flat,0-500,Black Spruce,64.342,-158.0266667,TRUE,Natural
64.0366667,-155.6483333,6/22/2015 14:55,15,19920.7,Lightning,0-25,Flat,0501-1500,Unknown,64.0366667,-155.6483333,TRUE,Natural
65.2,-148.316667,6/22/2015 13:54,2,31705,Lightning,26-40,N,501-1500,Black Spruce,65.2055,-148.319333,TRUE,Natural
58.841,-157.543167,6/22/2015 13:49,0.1,5167,Lightning,0-25,N,0-500,Grass,58.9,-157.5,TRUE,Natural
65.6833333,-153.2833333,6/22/2015 13:48,10,9751.2,Lightning,0-25,Flat,0501-1500,Black Spruce,65.2055,-148.3193333,TRUE,Natural
67.2080556,-144.8180556,6/22/2015 13:20,50,6135.2,Lightning,0-25,Flat,0501-1500,Unknown,67.2166667,-144.9833333,TRUE,Natural
59.258167,-160.239833,6/22/2015 12:14,0.5,18795,Lightning,0-25,S,0-500,Grass,59.05,-159.916667,TRUE,Natural
65.8666667,-153.2666667,6/22/2015 12:09,20,54036,Lightning,0-25,Flat,0501-1500,Black Spruce,65.8666667,-153.2666667,TRUE,Natural
64.9647222,-154.5680556,6/22/2015 11:44,20,12923.6,Lightning,0-25,Flat,0-500,Black Spruce,64.9666666,-154.5833333,TRUE,Natural
61.336944,-162.523333,6/22/2015 11:24,0.5,41628,Lightning,0-25,SW,0-500,Grass,61.315733,-162.530617,TRUE,Natural
61.971526,-154.522541,6/22/2015 9:26,0.1,90.1,Lightning,0-25,Flat,1501-2500,Grass,61.971317,-154.525133,TRUE,Natural
61.275067,-162.921483,6/22/2015 8:53,0.5,9405,Lightning,0-25,S,0-500,Other,61.275067,-162.921483,TRUE,Natural
66.7833334,-149.7833334,6/22/2015 8:50,0.1,0.1,Lightning,0-25,Flat,2501-3500,Black Spruce,66.7833334,-149.7833334,TRUE,Natural
61.333333,-162.666667,6/22/2015 8:46,0.1,0.1,Lightning,0-25,S,0-500,Other,61.333333,-162.666667,TRUE,Natural
61.353333,-162.564167,6/22/2015 8:45,0.5,13932,Lightning,0-25,NE,0-500,Other,61.317283,-162.5312,TRUE,Natural
58.6027222,-134.9198889,6/22/2015 7:07,0.1,0.1,Human,0-25,Flat,0-500,Unknown,58.6027222,-134.9198889,TRUE,Human
64.7155,-158.2645,6/22/2015 0:06,100,4692.5,Lightning,0-25,Flat,0-500,Black Spruce,64.7155,-158.2645,TRUE,Natural
64.1721667,-156.6765,6/21/2015 23:26,3,33362.6,Lightning,0-25,Flat,0-500,Black Spruce,64.1721667,-156.6765,TRUE,Natural
64.7981667,-158.1858333,6/21/2015 23:11,700,1108.8,Lightning,0-25,Flat,0-500,Black Spruce,64.7981667,-158.1858333,TRUE,Natural
63.102433,-156.273667,6/21/2015 22:56,60,90,Lightning,0-25,NW,501-1500,Mixed (Hardwoods/Softwoods),63.033333,-156.266667,TRUE,Natural
64.8516667,-158.2271667,6/21/2015 22:38,0.1,1003.5,Lightning,0-25,Flat,0-500,Black Spruce,64.8516667,-158.2271667,TRUE,Natural
64.9026666,-157.0493333,6/21/2015 22:23,30,5802.2,Lightning,0-25,Flat,0-500,Black Spruce,64.9026666,-157.0493333,TRUE,Natural
64.9666666,-153.3833333,6/21/2015 21:51,0.1,0.1,Lightning,0-25,North West,0501-1500,Black Spruce,64.9666666,-153.3833333,TRUE,Natural
64.8405,-158.2838333,6/21/2015 21:30,600,4904,Lightning,0-25,Flat,0-500,Black Spruce,64.8405,-158.2838333,TRUE,Natural
64.8431666,-156.6105,6/21/2015 21:04,10,912.7,Lightning,0-25,Flat,0-500,Black Spruce,64.8431666,-156.6105,TRUE,Natural
59.331672,-135.886271,6/21/2015 21:00,0.5,1,Miscellaneous,0-25,W,0-500,Other,59.331672,-135.886271,TRUE,Human
60.933597,-153.985354,6/21/2015 20:25,1,1928,Lightning,0-25,NE,501-1500,Black Spruce,60.933333,-154.016667,TRUE,Natural
66.868,-148.9061944,6/21/2015 20:02,5,50773.7,Lightning,0-25,South,1501-2500,Black Spruce,66.868,-148.9061666,TRUE,Natural
64.5808333,-155.3370278,6/21/2015 19:50,0.1,15131.6,Lightning,0-25,Flat,0-500,Black Spruce,64.5808333,-155.337,TRUE,Natural
64.5745,-155.4118333,6/21/2015 19:24,0.1,2695,Lightning,0-25,Flat,0-500,Black Spruce,64.5745,-155.4118333,TRUE,Natural
64.6795,-152.8533334,6/21/2015 18:52,1,1,Lightning,0-25,Flat,0501-1500,Black Spruce,64.6795,-152.8533334,TRUE,Natural
62.887267,-155.547767,6/21/2015 18:41,0.5,1,Lightning,0-25,N,0-500,Mixed (Hardwoods/Softwoods),62.883333,-155.533333,TRUE,Natural
61.639633,-156.27055,6/21/2015 18:38,10,233,Lightning,0-25,N,0-500,Black Spruce,61.639633,-156.27055,TRUE,Natural
64.598,-152.6081667,6/21/2015 18:24,800,43199.8,Lightning,0-25,Flat,0501-1500,Black Spruce,64.598,-152.6081667,TRUE,Natural
65.8693889,-154.6810834,6/21/2015 18:16,0.1,149359.3,Lightning,0-25,Flat,0501-1500,Black Spruce,65.85,-154.6,TRUE,Natural
64.6736667,-152.9258334,6/21/2015 18:10,1000,103967.5,Lightning,0-25,Flat,0501-1500,Black Spruce,64.6736667,-152.9258334,TRUE,Natural
63.0586,-155.840883,6/21/2015 18:08,3,10,Lightning,0-25,N,501-1500,Black Spruce,63.15,-155.833333,TRUE,Natural
65.3315,-152.4271667,6/21/2015 17:51,0.1,78212.5,Lightning,0-25,Flat,0501-1500,Black Spruce,65.3315,-152.4271667,TRUE,Natural
63.494433,-153.857,6/21/2015 17:39,1,2239,Lightning,26-40,SE,501-1500,Black Spruce,63.5,-153.916667,TRUE,Natural
62.773617,-157.282217,6/21/2015 17:28,10,8681,Lightning,0-25,SW,501-1500,Mixed (Hardwoods/Softwoods),62.773611,-157.282222,TRUE,Natural
64.293,-157.4793333,6/21/2015 17:17,5,13556.3,Lightning,0-25,Flat,1501-2500,Tundra,64.293,-157.4793333,TRUE,Natural
64.3841667,-156.8463333,6/21/2015 17:00,10,1743.1,Lightning,0-25,Flat,0501-1500,Black Spruce,64.3841667,-156.8463333,TRUE,Natural
64.2873333,-156.6553333,6/21/2015 16:57,3,10,Lightning,0-25,South East,0501-1500,Black Spruce,64.2873333,-156.6553333,TRUE,Natural
64.2821667,-156.6193333,6/21/2015 16:57,3,360,Lightning,0-25,Flat,0501-1500,Black Spruce,64.2821667,-156.6193333,TRUE,Natural
64.2861667,-156.555,6/21/2015 16:55,3,22.5,Lightning,0-25,Flat,0-500,Black Spruce,64.2861667,-156.555,TRUE,Natural
64.9833333,-153.55,6/21/2015 16:54,0.1,112806.8,Lightning,0-25,Flat,0-500,Black Spruce,64.9833333,-153.55,TRUE,Natural
64.059667,-142.0195,6/21/2015 16:53,0.5,7,Lightning,0-25,E,1501-2500,Black Spruce,64.059667,-142.0195,TRUE,Natural
67.215,-146.9781666,6/21/2015 16:52,0.1,97.2,Lightning,0-25,Flat,0501-1500,Black Spruce,67.1666667,-146.8666667,TRUE,Natural
63.3408333,-151.766,6/21/2015 16:37,50,1043.1,Lightning,0-25,Flat,1501-2500,Black Spruce,63.3408333,-151.766,TRUE,Natural
62.417417,-164.4365,6/21/2015 16:31,50,5645,Lightning,0-25,N,0-500,Other,62.417417,-164.4365,TRUE,Natural
63.3708333,-151.1988889,6/21/2015 16:20,10,452.1,Lightning,0-25,Flat,1501-2500,Black Spruce,63.3708333,-151.2627778,TRUE,Natural
63.3491667,-151.255,6/21/2015 16:16,1500,4148.5,Lightning,0-25,Flat,1501-2500,Black Spruce,63.3491667,-151.255,TRUE,Natural
65.1243333,-150.4601667,6/21/2015 15:30,20,4054.4,Lightning,0-25,Flat,0501-1500,Black Spruce,65.1243333,-150.4601667,TRUE,Natural
64.7298333,-158.1525,6/21/2015 15:15,0.1,42402.8,Lightning,0-25,Flat,0-500,Black Spruce,64.7333333,-158.1166667,TRUE,Natural
65.109,-150.4958333,6/21/2015 15:06,5,24179.1,Lightning,0-25,Flat,0-500,Black Spruce,65.109,-150.4958333,TRUE,Natural
63.0101667,-162.9458333,6/21/2015 15:05,3,3,Lightning,0-25,Flat,0-500,Black Spruce,63.0101667,-162.9458333,TRUE,Natural
63.256167,-154.083833,6/21/2015 14:52,30,16944,Lightning,0-25,SE,0-500,Black Spruce,63.256167,-154.083833,TRUE,Natural
61.653833,-145.179,6/21/2015 14:06,0.2,0.2,Lightning,0-25,SE,1501-2500,Black Spruce,61.653833,-145.179,TRUE,Natural
61.3611,-155.807,6/21/2015 13:01,100,11631,Lightning,0-25,SW,501-1500,Other,61.39475,-155.868583,TRUE,Natural
63.0333333,-162.9833333,6/21/2015 12:14,1,15031.9,Lightning,0-25,Flat,0-500,Black Spruce,63.0666667,-163.4166667,TRUE,Natural
61.857967,-158.284033,6/21/2015 11:23,60,14999,Lightning,0-25,SW,501-1500,Other,61.857967,-158.284033,TRUE,Natural
66.0323056,-153.0223056,6/21/2015 11:17,200,276038.2,Lightning,0-25,Flat,0501-1500,Black Spruce,66.0323056,-153.0223056,TRUE,Natural
64.9833333,-151.6,6/21/2015 9:53,0.1,43378,Lightning,0-25,Flat,0-500,Unknown,64.9833333,-151.6,TRUE,Natural
65.0833333,-151.6,6/21/2015 9:42,0.1,91444.2,Lightning,0-25,Flat,0-500,Black Spruce,65.0833333,-151.6,TRUE,Natural
62.316667,-164.449667,6/21/2015 9:33,40,15002,Lightning,0-25,NW,0-500,Other,62.316667,-164.45,TRUE,Natural
64.7696389,-150.464,6/21/2015 7:10,0.1,3,Lightning,0-25,Flat,0-500,Black Spruce,64.7696389,-150.4641111,TRUE,Natural
65.004167,-146.776317,6/20/2015 23:25,30,1091,Lightning,0-25,SW,501-1500,Black Spruce,65,-146.8,TRUE,Natural
64.203667,-149.401167,6/20/2015 23:21,0.1,0.1,Lightning,0-25,E,501-1500,Unknown,64.203667,-149.401167,TRUE,Natural
65.3593333,-156.8053333,6/20/2015 23:04,60,252.5,Lightning,0-25,Flat,0-500,Black Spruce,65.3593333,-156.8053333,TRUE,Natural
64.8394444,-147.8180556,6/20/2015 22:45,0.1,0.1,Lightning,0-25,Flat,0-500,Black Spruce,64.839444,-147.818056,TRUE,Natural
66.3278611,-155.78175,6/20/2015 21:50,50,307.6,Lightning,0-25,Flat,0-500,Black Spruce,66.3278611,-155.78175,TRUE,Natural
59.60775,-158.254183,6/20/2015 21:49,0.1,1825,Lightning,0-25,W,0-500,Other,59.6,-158.283333,TRUE,Natural
60.566667,-160.1611,6/20/2015 21:22,50,125,Lightning,26-40,S,501-1500,Other,60.5801,-160.160133,TRUE,Natural
65.0828333,-155.468,6/20/2015 21:07,3,5797.7,Lightning,0-25,North East,1501-2500,Black Spruce,65.0828333,-155.468,TRUE,Natural
66.84,-150.8333333,6/20/2015 21:02,1.5,980.6,Lightning,0-25,Flat,0501-1500,Black Spruce,66.84,-150.8333333,TRUE,Natural
65.0493333,-154.069,6/20/2015 20:38,0.1,4088.6,Lightning,0-25,South West,0501-1500,Black Spruce,65.0493333,-154.069,TRUE,Natural
64.5331667,-147.353,6/20/2015 20:37,2,283.3,Lightning,0-25,Flat,0501-1500,Black Spruce,64.5166667,-147.35,TRUE,Natural
64.5628333,-155.6285,6/20/2015 20:36,0.1,120.8,Lightning,0-25,Flat,0501-1500,Tundra,64.566,-155.6248333,TRUE,Natural
64.261,-147.2375,6/20/2015 20:31,0.1,37597.3,Lightning,0-25,Flat,0501-1500,Black Spruce,64.261,-147.2375,TRUE,Natural
63.8025,-149.16,6/20/2015 20:27,0.1,0.1,Lightning,41-55,N,2501-3500,Other,63.809767,-149.160467,TRUE,Natural
66.6855278,-146.25975,6/20/2015 20:20,50,8019.8,Lightning,0-25,Flat,0-500,Black Spruce,66.6855278,-146.25975,TRUE,Natural
64.9578333,-155.4138333,6/20/2015 20:18,0.3,1728.2,Lightning,0-25,Flat,0501-1500,Black Spruce,64.9578333,-155.4138333,TRUE,Natural
64.676,-155.6663333,6/20/2015 20:05,30,49,Lightning,0-25,South West,0501-1500,Black Spruce,64.676,-155.6663333,TRUE,Natural
64.5533333,-152.1066667,6/20/2015 19:33,15,12461.1,Lightning,0-25,South West,0501-1500,Black Spruce,64.5533333,-152.1066667,TRUE,Natural
61.606333,-145.772533,6/20/2015 19:21,2,329.5,Lightning,26-40,E,3501-4500,Other,61.606333,-145.772533,TRUE,Natural
58.843667,-156.401417,6/20/2015 19:19,0.1,2518.6,Lightning,0-25,S,0-500,Other,58.9,-156.516667,TRUE,Natural
58.864033,-156.38625,6/20/2015 19:13,0.5,6760.1,Lightning,0-25,S,0-500,Other,58.95,-156.433333,TRUE,Natural
62.392667,-147.324167,6/20/2015 19:08,0.5,3,Lightning,0-25,W,2501-3500,Grass,62.392667,-147.324167,TRUE,Natural
64.1527778,-155.1166667,6/20/2015 19:07,25,4897,Lightning,0-25,Flat,0501-1500,Black Spruce,64.15,-155.1166667,TRUE,Natural
61.716333,-145.228667,6/20/2015 19:06,0.1,0.1,Lightning,26-40,S,1501-2500,Black Spruce,61.709333,-145.358,TRUE,Natural
64.364167,-149.006833,6/20/2015 18:58,2,7464,Lightning,0-25,NW,0-500,Black Spruce,64.364167,-149.006833,TRUE,Natural
61.898333,-147.223,6/20/2015 18:58,0.1,1,Lightning,0-25,Flat,2501-3500,Grass,61.898333,-147.223,TRUE,Natural
64.264217,-149.446233,6/20/2015 18:47,0.1,8642,Lightning,0-25,NE,501-1500,Black Spruce,64.219802,-149.363167,TRUE,Natural
64.845068,-146.974065,6/20/2015 18:38,0.1,0.1,Lightning,0-25,W,501-1500,Hardwoods,64.846017,-146.974967,TRUE,Natural
61.941117,-158.97345,6/20/2015 18:37,0.5,4947,Lightning,0-25,SW,501-1500,Other,61.941117,-158.97345,TRUE,Natural
64.632252,-148.731859,6/20/2015 18:23,20,325,Lightning,0-25,SW,0-500,Black Spruce,64.632252,-148.731859,TRUE,Natural
63.3333333,-161.55,6/20/2015 18:22,15,20049.2,Lightning,0-25,Flat,0501-1500,Tundra,63.3333333,-161.55,TRUE,Natural
63.3166667,-161.5,6/20/2015 18:19,20,7680,Lightning,0-25,Flat,0501-1500,Tundra,63.3166667,-161.5,TRUE,Natural
63.3,-161.4166667,6/20/2015 18:15,7,778.5,Lightning,0-25,Flat,0501-1500,Tundra,63.3,-161.4166667,TRUE,Natural
63.25,-161.3333333,6/20/2015 18:10,15,5432.1,Lightning,0-25,Flat,0501-1500,Tundra,63.25,-161.3333333,TRUE,Natural
63.1865,-142.958833,6/20/2015 18:00,450,1878,Lightning,41-55,N,1501-2500,Black Spruce,63.1865,-142.958833,TRUE,Natural
62.35035,-146.233067,6/20/2015 17:56,0.5,9,Lightning,0-25,Flat,1501-2500,Black Spruce,62.351667,-146.23,TRUE,Natural
63.2166667,-161.3833333,6/20/2015 17:39,15,2697.9,Lightning,0-25,Flat,0501-1500,Tundra,63.2166667,-161.3833333,TRUE,Natural
61.59,-156.661111,6/20/2015 16:45,25,1036,Lightning,0-25,SE,0-500,Other,61.583333,-156.65,TRUE,Natural
64.03,-160.6966667,6/20/2015 16:33,1,10906.6,Lightning,0-25,Flat,0501-1500,Black Spruce,64.03,-160.6966667,TRUE,Natural
64.36155,-144.959517,6/20/2015 16:15,10,1000,Lightning,0-25,N,501-1500,Black Spruce,64.36155,-144.959517,TRUE,Natural
64.73205,-148.417717,6/20/2015 16:10,2,2,Lightning,0-25,SE,0-500,Hardwoods,64.73205,-148.417717,TRUE,Natural
62.95835,-141.8813,6/20/2015 16:05,100,27066,Lightning,0-25,NE,1501-2500,Black Spruce,62.95835,-141.8813,TRUE,Natural
65.9316667,-158.1616667,6/20/2015 15:42,30,4861.3,Lightning,0-25,South West,0501-1500,Mixed Trees,65.9316667,-158.1616667,TRUE,Natural
60.893889,-160.758333,6/20/2015 15:30,289,35580,Lightning,0-25,S,0-500,Other,60.893889,-160.758333,TRUE,Natural
63.785,-159.3766667,6/20/2015 14:48,15,2807.2,Lightning,0-25,Flat,0-500,Black Spruce,63.7666667,-159.3333333,TRUE,Natural
63.443833,-144.1565,6/20/2015 14:41,8,1199,Lightning,56-75,N,1501-2500,Mixed (Hardwoods/Softwoods),63.442419,-144.542134,TRUE,Natural
60.257418,-159.831541,6/20/2015 14:01,25,1536,Lightning,0-25,W,501-1500,Other,60.25,-159.833333,TRUE,Natural
63.966667,-144.5765,6/20/2015 13:23,3,604.2,Lightning,26-40,SE,501-1500,Black Spruce,63.966667,-144.5765,TRUE,Natural
64.0023333,-159.7923334,6/20/2015 13:08,110,49182.4,Lightning,0-25,Flat,0-500,Black Spruce,64.0666667,-159.4166667,TRUE,Natural
64.314017,-146.5686,6/20/2015 13:06,0.1,0.1,Incendiary,0-25,Flat,501-1500,Hardwoods,64.30405,-146.6665,TRUE,Human
65.8216667,-151.275,6/20/2015 12:11,0.1,25117,Lightning,0-25,Flat,1501-2500,Black Spruce,65.8,-151.2666667,TRUE,Natural
64.981,-154.2678333,6/20/2015 11:48,5,13775.7,Lightning,0-25,Flat,0-500,Black Spruce,64.981,-154.2678333,TRUE,Natural
61.395278,-154.546389,6/20/2015 11:18,40,620,Lightning,0-25,SE,501-1500,Other,61.395278,-154.546389,TRUE,Natural
62.2825,-158.716944,6/20/2015 11:11,40,13766.3,Lightning,0-25,SW,0-500,Live White Spruce,62.2825,-158.716944,TRUE,Natural
60.699617,-151.348033,6/20/2015 11:09,0.1,0.1,Miscellaneous,0-25,Flat,0-500,Other,60.699617,-151.348033,TRUE,Human
59.639433,-151.553733,6/20/2015 11:09,0.1,0.1,Campfire,0-25,NW,0-500,Other,59.639433,-151.553733,TRUE,Human
65.8166667,-158.7666667,6/20/2015 9:17,30,10481.2,Lightning,0-25,Flat,0501-1500,Tundra,65.7166666,-160.25,TRUE,Natural
63.219333,-143.042683,6/20/2015 8:55,1,1,Miscellaneous,0-25,S,1501-2500,Black Spruce,63.219333,-143.042683,TRUE,Human
65.94,-151.3,6/20/2015 8:50,300,82432.2,Lightning,0-25,Flat,0501-1500,Black Spruce,65.9333333,-151.3,TRUE,Natural
62.62455,-157.59775,6/20/2015 0:59,1000,33131,Lightning,0-25,NE,501-1500,Other,62.62455,-157.59775,TRUE,Natural
62.597867,-158.027867,6/20/2015 0:54,250,75135,Lightning,0-25,S,0-500,Other,62.597867,-158.027867,TRUE,Natural
59.832683,-151.8205,6/20/2015 0:05,0.1,0.1,Campfire,0-25,Flat,0-500,Grass,59.8326833,-151.8205,TRUE,Human
65.6211667,-147.2638333,6/19/2015 22:19,0.1,5183.6,Lightning,0-25,South West,1501-2500,White Spruce,65.6211667,-146.2638333,TRUE,Natural
61.477767,-157.857,6/19/2015 22:13,15,2049,Lightning,26-40,E,501-1500,Other,61.492,-157.876,TRUE,Natural
62.637533,-147.157917,6/19/2015 21:53,0.1,3,Lightning,0-25,Flat,1501-2500,Black Spruce,62.637833,-147.1615,TRUE,Natural
60.7049,-154.056383,6/19/2015 20:19,1,1,Lightning,0-25,NE,2501-3500,Other,60.695,-154.107222,TRUE,Natural
66.35,-149.8666667,6/19/2015 20:19,0.1,59532.5,Lightning,0-25,Flat,0501-1500,Black Spruce,66.35,-149.85,TRUE,Natural
63.113167,-147.493167,6/19/2015 20:06,0.1,151.3,Lightning,26-40,W,2501-3500,Black Spruce,63.121453,-147.485645,TRUE,Natural
63.4183333,-157.6111667,6/19/2015 19:56,40,121339.2,Lightning,0-25,Flat,0501-1500,Black Spruce,63.4183333,-157.6111667,TRUE,Natural
63.503,-157.7278333,6/19/2015 19:53,400,13789.6,Lightning,0-25,Flat,0-500,Black Spruce,63.35,-157.85,TRUE,Natural
60.939167,-164.641333,6/19/2015 19:43,0.1,0.1,Debris Burning,0-25,N,0-500,Other,60.939167,-164.641333,TRUE,Human
65.7888334,-157.627,6/19/2015 19:40,300,97303.3,Lightning,0-25,Flat,0-500,Black Spruce,65.5,-157.5,TRUE,Natural
65.1194444,-148.9875,6/19/2015 19:36,3,2416.1,Lightning,0-25,Flat,0501-1500,Black Spruce,65.1166667,-149,TRUE,Natural
65.1158333,-149.0497222,6/19/2015 19:28,8,8,Lightning,0-25,Flat,0-500,Black Spruce,65.1166667,-149.05,TRUE,Natural
61.50513,-156.103068,6/19/2015 19:23,100,2468,Lightning,0-25,NE,0-500,Black Spruce,61.493667,-156.107333,TRUE,Natural
63.05965,-147.318217,6/19/2015 19:13,2,2,Lightning,56-75,S,3501-4500,Other,63.055999,-147.303735,TRUE,Natural
61.924,-156.666,6/19/2015 19:01,5,5,Lightning,0-25,S,0-500,Black Spruce,61.924,-156.666,TRUE,Natural
61.566293,-149.365417,6/19/2015 18:54,0.1,0.1,Debris Burning,0-25,N,0-500,Grass,61.566293,-149.365417,TRUE,Human
65.6341667,-150.6386111,6/19/2015 18:54,0.1,21867.2,Lightning,26-40,South East,2501-3500,Black Spruce,65.6341667,-150.6386111,TRUE,Natural
63.2776,-154.303517,6/19/2015 18:52,1,1,Lightning,0-25,W,501-1500,Live White Spruce,63.276833,-154.307667,TRUE,Natural
64.6088334,-158.1485,6/19/2015 18:10,17,6500.8,Lightning,0-25,Flat,0-500,Black Spruce,64.5166667,-158.1833333,TRUE,Natural
62.986783,-154.388283,6/19/2015 17:49,0.1,0.5,Lightning,0-25,NE,0-500,Black Spruce,63.016667,-154.35,TRUE,Natural
64.1,-153.7333333,6/19/2015 17:42,600,111193.8,Lightning,0-25,Flat,0501-1500,Grass,64.1,-153.7333333,TRUE,Natural
61.498383,-155.780617,6/19/2015 17:17,0.1,42767,Lightning,0-25,SW,501-1500,Black Spruce,61.283333,-155.45,TRUE,Natural
65.5841666,-152.1858333,6/19/2015 17:06,1,12409.5,Lightning,0-25,Flat,0501-1500,Black Spruce,65.5841666,-152.1858333,TRUE,Natural
63.9086111,-145.9875,6/19/2015 17:01,0.1,315.1,Lightning,0-25,Flat,1501-2500,Black Spruce,63.8833333,-146,TRUE,Undetermined
64.666667,-148.95,6/19/2015 16:55,0.1,0.1,Miscellaneous,0-25,N,0-500,Black Spruce,64.716667,-148.683333,TRUE,Human
64.8308611,-147.7043889,6/19/2015 16:36,0.1,0.1,Human,0-25,Flat,0-500,Black Spruce,64.8308611,-147.7390833,TRUE,Human
61.5604,-156.8673,6/19/2015 16:32,0.5,0.5,Lightning,0-25,SE,0-500,Black Spruce,61.6,-156.933333,TRUE,Natural
61.474667,-156.9575,6/19/2015 16:25,20,80,Lightning,0-25,Flat,0-500,Black Spruce,61.5,-157,TRUE,Natural
62.9605,-141.896,6/19/2015 15:36,0.1,315,Debris Burning,0-25,N,1501-2500,Black Spruce,62.959283,-141.89855,TRUE,Human
65.2666667,-156.2166667,6/19/2015 15:36,5,54503,Lightning,0-25,Flat,0-500,Black Spruce,65.2666667,-156.2166667,TRUE,Natural
61.817567,-147.757133,6/19/2015 15:30,5,8.2,Campfire,0-25,S,2501-3500,Black Spruce,61.81,-147.74,TRUE,Human
66.0004444,-153.9999445,6/19/2015 14:58,0.1,142650.4,Lightning,0-25,Flat,0501-1500,Black Spruce,65.9833333,-154.3666667,TRUE,Natural
64.8280278,-147.6369722,6/19/2015 14:29,0.1,0.1,Human,0-25,Flat,0-500,Grass,64.8280278,-147.6369722,TRUE,Human
65.3288333,-151.6895,6/19/2015 13:17,0.1,98247.1,Lightning,0-25,North West,1501-2500,Black Spruce,65.4666667,-151.8833333,TRUE,Natural
60.499667,-151.186467,6/19/2015 13:07,0.1,0.1,Debris Burning,0-25,E,0-500,Other,60.499667,-151.186467,TRUE,Human
60.467033,-151.13645,6/19/2015 8:28,0.1,0.1,Debris Burning,0-25,Flat,0-500,Other,60.467033,-151.13645,TRUE,Human
61.374783,-149.506458,6/18/2015 18:00,0.1,0.1,Equipment,0-25,SW,0-500,Grass,61.374783,-149.506458,TRUE,Human
58.4,-134.55,6/18/2015 8:28,0.1,0.1,Human,0-25,Flat,0-500,Unknown,58.4,-134.55,TRUE,Human
61.588957,-149.582242,6/17/2015 18:41,0.1,0.1,Children,0-25,S,0-500,Mixed (Hardwoods/Softwoods),61.588957,-149.582242,TRUE,Human
64.81945,-148.516167,6/17/2015 17:55,2,3.5,Lightning,26-40,SW,501-1500,Black Spruce,64.8166667,-148.0833333,TRUE,Natural
64.1175,-144.508833,6/17/2015 13:35,8,9826.3,Lightning,41-55,NW,1501-2500,Black Spruce,64.1175,-144.508833,TRUE,Natural
59.755017,-151.83765,6/17/2015 12:09,0.1,0.1,Debris Burning,0-25,Flat,0-500,Other,59.755017,-151.83765,TRUE,Human
61.489157,-144.015146,6/17/2015 11:47,0.1,0.1,Campfire,0-25,Flat,501-1500,Grass,61.489157,-144.015146,TRUE,Human
61.488467,-148.911517,6/17/2015 11:21,0.1,0.1,Children,0-25,SW,501-1500,Mixed (Hardwoods/Softwoods),61.661683,-148.998772,TRUE,Human
55.6907222,-132.5971111,6/17/2015 9:04,570.1,0.1,Human,0-25,Flat,0-500,Unknown,55.6907222,-132.5971111,TRUE,Human
63.336,-142.781,6/16/2015 20:42,1,1,Lightning,0-25,SW,1501-2500,Dead White Spruce,63.336,-142.781,TRUE,Natural
61.502,-150.320833,6/16/2015 20:42,0.1,0.1,Lightning,0-25,N,0-500,Black Spruce,61.502,-150.320833,TRUE,Natural
64.034817,-144.823167,6/16/2015 20:06,0.5,10.5,Lightning,0-25,N,501-1500,Black Spruce,64.034817,-144.823167,TRUE,Natural
63.962333,-144.850167,6/16/2015 19:41,5,11473.6,Lightning,0-25,N,501-1500,Black Spruce,63.962067,-144.850517,TRUE,Natural
63.94465,-144.835133,6/16/2015 19:18,5,150,Lightning,0-25,N,501-1500,Black Spruce,63.933333,-144.65,TRUE,Natural
60.5766944,-149.8383611,6/16/2015 19:15,0.5,573.6,Lightning,0-25,West,2501-3500,Mixed (Hardwoods/Softwoods),60.542533,-149.892067,TRUE,Natural
61.656667,-150.725,6/16/2015 19:02,0.1,0.1,Lightning,0-25,W,0-500,Mixed (Hardwoods/Softwoods),61.656667,-150.725,TRUE,Natural
61.886683,-149.62535,6/16/2015 18:58,2,4,Lightning,0-25,S,2501-3500,Grass,61.886667,-149.6335,TRUE,Natural
61.548773,-149.496193,6/16/2015 18:31,0.1,0.1,Children,0-25,Flat,0-500,Mixed (Hardwoods/Softwoods),61.548773,-149.496193,TRUE,Human
62.085383,-149.973117,6/16/2015 18:27,0.1,2.3,Lightning,0-25,W,3501-4500,Black Spruce,62.0853833,-149.9731167,TRUE,Natural
60.4742778,-149.8755556,6/16/2015 18:23,0.1,129,Lightning,0-25,Flat,0501-1500,Other,60.433333,-149.983333,TRUE,Natural
62.109783,-149.912533,6/16/2015 17:00,0.1,1.8,Lightning,0-25,E,501-1500,Mixed (Hardwoods/Softwoods),62.000033,-149.9367,TRUE,Natural
59.88985,-151.7655,6/16/2015 15:52,0.1,0.1,Miscellaneous,0-25,Flat,0-500,Other,59.88985,-151.7655,TRUE,Human
58.60325,-134.9206667,6/16/2015 15:49,0.1,0.1,Human,0-25,Flat,0-500,Black Spruce,58.60325,-134.9206667,TRUE,Human
63.112083,-142.028167,6/16/2015 14:28,0.5,0.1,Equipment,26-40,NW,1501-2500,Unknown,63.115467,-142.029117,TRUE,Human
61.665333,-149.52665,6/15/2015 19:59,0.1,0.1,Children,0-25,SW,501-1500,Black Spruce,61.665333,-149.52665,TRUE,Human
66.6833333,-145.7,6/15/2015 19:58,0.1,59,Human,0-25,Flat,0-500,Black Spruce,66.5833333,-145.6666667,TRUE,Human
64.6711111,-146.5414445,6/15/2015 19:25,0.1,1,Human,0-25,North,1501-2500,Black Spruce,64.6690556,-146.5356111,TRUE,Human
64.8148,-147.894717,6/15/2015 17:35,0.1,0.1,Debris Burning,0-25,N,0-500,Mixed (Hardwoods/Softwoods),64.8148,-147.894717,TRUE,Human
65.7209166,-156.3731389,6/15/2015 17:31,0.5,0.5,Lightning,0-25,Flat,0-500,Black Spruce,65.7209166,-156.3731389,TRUE,Natural
61.6189,-149.418267,6/15/2015 17:29,0.2,0.2,Human,0-25,S,0-500,Grass,61.6189,-149.418267,TRUE,?
59.7061,-151.701783,6/15/2015 14:36,0.1,0.1,Miscellaneous,0-25,SW,0-500,Grass,59.7061,-151.7017833,TRUE,Human
60.510267,-150.6358,6/15/2015 13:49,1,8876,Human,0-25,SW,0-500,Black Spruce,60.5093167,-151.133,TRUE,?
61.568672,-149.311693,6/15/2015 4:56,0.2,0.2,Miscellaneous,0-25,W,0-500,Other,61.568672,-149.311693,TRUE,Human
61.559383,-148.925533,6/14/2015 19:40,0.1,0.1,Campfire,26-40,N,0-500,Mixed (Hardwoods/Softwoods),61.559383,-148.925533,TRUE,Human
63.841167,-145.497667,6/14/2015 19:17,2,2,Equipment,0-25,W,1501-2500,Mixed (Hardwoods/Softwoods),63.8333333,-145.4833333,TRUE,Human
65.3332222,-144.4555278,6/14/2015 17:54,35,16107,Lightning,0-25,West,1501-2500,Black Spruce,65.3333333,-144.5,TRUE,Natural
63.71,-144.08925,6/14/2015 15:51,1,721.6,Lightning,0-25,SE,501-1500,Black Spruce,63.71,-144.08925,TRUE,Natural
64.7614,-148.385083,6/14/2015 15:41,0.1,0.2,Lightning,0-25,NE,501-1500,Live White Spruce,64.75,-148.5,TRUE,Natural
64.6708611,-146.6923611,6/14/2015 15:13,0.1,0.3,Human,0-25,Flat,1501-2500,Black Spruce,64.6708611,-146.6923611,TRUE,Human
64.705,-148.303167,6/14/2015 13:52,0.1,0.1,Campfire,26-40,NW,501-1500,Black Spruce,64.74987,-148.374618,TRUE,Human
61.84485,-150.085427,6/14/2015 13:13,2,7264.9,Debris Burning,0-25,W,0-500,Mixed (Hardwoods/Softwoods),61.844848,-150.085427,TRUE,Human
62.802167,-142.010833,6/13/2015 18:28,0.3,0.3,Lightning,0-25,NE,1501-2500,Grass,62.8021667,-142.0108333,TRUE,Natural
60.4606,-150.970383,6/13/2015 17:40,0.1,0.1,Debris Burning,0-25,Flat,0-500,Other,60.4606,-150.970383,TRUE,Human
60.681017,-151.380867,6/13/2015 15:12,0.1,0.1,Miscellaneous,0-25,Flat,0-500,Grass,60.683333,-151.383333,TRUE,Human
61.615567,-149.823183,6/13/2015 14:56,0.1,0.1,Miscellaneous,0-25,SE,0-500,Other,61.616978,-149.844245,TRUE,Human
64.10145,-145.75755,6/13/2015 12:52,0.1,0.1,Children,0-25,W,501-1500,Other,64.100533,-145.745033,TRUE,Human
63.337733,-142.962567,6/13/2015 8:36,0.1,0.1,Campfire,0-25,E,1501-2500,Other,63.337733,-142.962567,TRUE,Human
64.859917,-147.803467,6/12/2015 15:27,0.1,0.1,Campfire,0-25,W,501-1500,Mixed (Hardwoods/Softwoods),64.859917,-147.803467,TRUE,Human
60.534883,-150.495867,6/12/2015 14:26,0.1,0.1,Equipment,0-25,Flat,0-500,Grass,60.534883,-150.495867,TRUE,Human
59.453333,-151.718417,6/11/2015 19:48,0.1,0.1,Campfire,0-25,Flat,0-500,Other,53,-148,TRUE,Human
59.453533,-151.7181,6/11/2015 19:00,0.1,0.1,Campfire,0-25,Flat,0-500,Other,53,-148,TRUE,Human
64.802705,-147.498505,6/11/2015 14:56,0.1,0.1,Debris Burning,0-25,S,0-500,Unknown,64.802705,-147.498505,TRUE,Human
56.3111667,-133.3386111,6/11/2015 5:57,0.1,0.1,Human,0-25,SE,0-500,Unknown,56.3111667,-133.3386111,TRUE,Human
62.463617,-141.63305,6/9/2015 15:37,15,39639.7,Lightning,0-25,E,1501-2500,Black Spruce,62.461667,-141.626667,TRUE,Natural
60.513983,-150.849233,6/9/2015 12:21,0.1,0.1,Lightning,0-25,W,0-500,Hardwoods,60.5051,-150.847467,TRUE,Natural
64.821833,-148.445,6/8/2015 14:15,0.1,10,Lightning,0-25,N,0-500,Black Spruce,64.784983,-148.239217,TRUE,Natural
62.30135,-145.3686,6/7/2015 17:46,0.1,0.1,Campfire,0-25,Flat,501-1500,Mixed (Hardwoods/Softwoods),62.30135,-145.3686,TRUE,Human
64.86985,-147.181,6/7/2015 17:43,0.1,0.1,Equipment,0-25,W,501-1500,Mixed (Hardwoods/Softwoods),64.8682,-147.173683,TRUE,Human
61.51205,-149.93795,6/6/2015 20:12,0.1,0.1,Debris Burning,0-25,S,0-500,Grass,61.51205,-149.93795,TRUE,Human
64.9375,-147.944833,6/6/2015 17:06,0.1,0.1,Miscellaneous,0-25,NE,501-1500,Mixed (Hardwoods/Softwoods),64.936867,-147.941692,TRUE,Human
60.54935,-150.866267,6/6/2015 16:30,0.1,0.1,Debris Burning,0-25,Flat,0-500,Other,60.54935,-150.866267,TRUE,Human
63.654433,-144.01635,6/6/2015 13:34,0.1,0.1,Debris Burning,41-55,S,501-1500,Other,63.654433,-144.01635,TRUE,Human
64.819,-148.031,6/6/2015 0:41,0.1,0.1,Campfire,0-25,NW,501-1500,Mixed (Hardwoods/Softwoods),64.819,-148.031,TRUE,Human
63.008033,-141.802533,6/5/2015 18:43,0.1,0.1,Miscellaneous,0-25,SW,1501-2500,Black Spruce,63.008033,-141.802533,TRUE,Human
61.790117,-145.1615,6/5/2015 17:54,0.1,0.1,Debris Burning,0-25,Flat,501-1500,Mixed (Hardwoods/Softwoods),61.790117,-145.1615,TRUE,Human
63.344112,-143.105722,6/5/2015 15:21,0.1,0.1,Miscellaneous,0-25,N,1501-2500,Mixed (Hardwoods/Softwoods),63.344333,-143.067117,TRUE,Human
64.866767,-147.769417,6/5/2015 14:16,0.1,2.2,Children,0-25,N,0-500,Grass,64.864728,-147.764057,TRUE,Human
64.8113889,-147.6091667,6/4/2015 14:30,0.1,0.1,Human,0-25,Flat,0-500,Grass,64.8113889,-147.6091667,TRUE,Human
62.9680833,-159.3673333,6/3/2015 15:16,15.1,8660.9,Lightning,0-25,Flat,0-500,Mixed Trees,62.9677777,-159.3666667,TRUE,Natural
62.191667,-145.4475,6/3/2015 14:07,0.1,0.1,Miscellaneous,0-25,Flat,1501-2500,Hardwoods,62.191667,-145.4475,TRUE,Human
64.87415,-146.905833,6/3/2015 13:58,0.1,0.1,Miscellaneous,0-25,NE,501-1500,Hardwoods,64.872135,-146.914218,TRUE,Human
62.653333,-156.445,6/3/2015 12:35,2,2,Lightning,26-40,SW,501-1500,Other,62.653333,-156.445,TRUE,Natural
62.9428,-155.595933,6/2/2015 8:47,0.1,0.1,Smoking,0-25,Flat,0-500,Other,62.9428,-155.8959333,TRUE,Human
61.083333,-154.916667,6/1/2015 13:36,0.1,48728.3,Lightning,0-25,NE,501-1500,Other,61.083333,-154.916667,TRUE,Natural
61.1735,-160.491,6/1/2015 13:06,5,15.5,Lightning,0-25,SE,0-500,Grass,61.1735,-160.491,TRUE,Natural
61.683113,-149.953752,6/1/2015 12:30,0.2,0.2,Miscellaneous,0-25,E,0-500,Mixed (Hardwoods/Softwoods),61.687863,-149.960635,TRUE,Human
59.734,-155.545667,5/31/2015 21:52,0.1,0.1,Lightning,0-25,Flat,0-500,Other,59.734,-155.545667,TRUE,Natural
60.507733,-149.8112,5/31/2015 20:12,1,0.1,Under Investigation,56-75,NE,1501-2500,Other,60.50775,-149.82575,TRUE,Human
61.205167,-160.3365,5/31/2015 19:55,0.2,25259.8,Lightning,0-25,S,0-500,Black Spruce,61.205167,-160.3365,TRUE,Natural
60.9995,-160.607833,5/31/2015 19:29,0.1,0.1,Lightning,0-25,W,0-500,Other,60.9995,-160.607833,TRUE,Natural
61.175,-160.662,5/31/2015 19:15,1,3,Lightning,0-25,N,0-500,Other,61.175,-160.662,TRUE,Natural
61.105,-160.867,5/31/2015 19:10,0.2,0.5,Lightning,0-25,SW,0-500,Grass,61.105,-160.867,TRUE,Natural
61.381167,-160.384167,5/31/2015 19:02,2,67778,Lightning,0-25,E,0-500,Black Spruce,61.381167,-160.3841667,TRUE,Natural
61.3912,-160.372183,5/31/2015 18:53,0.2,1000.4,Lightning,0-25,W,0-500,Black Spruce,61.3861667,-160.3841667,TRUE,Natural
64.0597,-145.648533,5/31/2015 18:26,1,1,Debris Burning,0-25,N,501-1500,Grass,53,-148,TRUE,Human
60.5182,-150.7558,5/31/2015 17:34,0.1,0.1,Debris Burning,0-25,NE,0-500,Other,60.5182,-150.7558,TRUE,Human
63.8012222,-146.4570555,5/31/2015 16:58,5,4.8,Human,0-25,Flat,2501-3500,Black Spruce,63.8012222,-146.4570555,TRUE,Human
59.905367,-154.7645,5/31/2015 16:58,0.1,1.5,Lightning,0-25,N,0-500,Other,59.6833333,-153.9,TRUE,Natural
61.970333,-158.667167,5/31/2015 16:30,10,17.2,Lightning,26-40,W,501-1500,Black Spruce,61.96845,-158.6664333,TRUE,Natural
61.9075,-158.3625,5/31/2015 16:14,10,60.5,Lightning,41-55,NW,501-1500,Hardwoods,61.907067,-158.356133,TRUE,Natural
58.3618055,-134.6974722,5/31/2015 12:52,0.1,0.1,Human,0-25,Flat,0-500,Other,58.3620278,-134.6966389,TRUE,Human
63.833683,-144.832067,5/30/2015 18:27,30,37,Campfire,0-25,W,501-1500,Black Spruce,63.834217,-144.823333,TRUE,Human
62.143812,-150.03461,5/30/2015 18:02,0.2,0.2,Debris Burning,0-25,E,0-500,Mixed (Hardwoods/Softwoods),62.143812,-150.03461,TRUE,Human
62.031133,-149.984567,5/30/2015 17:39,0.3,0.1,Miscellaneous,0-25,E,0-500,Black Spruce,62.031133,-149.984567,TRUE,Human
60.534467,-150.84055,5/30/2015 9:29,0.1,0.1,Campfire,0-25,S,0-500,Grass,60.534467,-150.84055,TRUE,Human
59.727267,-151.333567,5/30/2015 8:22,0.1,0.1,Campfire,0-25,NE,501-1500,Other,59.727267,-151.333567,TRUE,Human
60.445133,-150.929417,5/30/2015 7:13,0.1,0.1,Miscellaneous,0-25,S,0-500,Unknown,60.445133,-150.929417,TRUE,Human
61.451667,-149.805033,5/29/2015 23:42,0.1,0.1,Miscellaneous,0-25,SE,0-500,Hardwoods,61.447257,-149.807892,TRUE,Human
63.9691666,-146.5471667,5/29/2015 17:41,0.1,27.8,Human,0-25,Flat,1501-2500,Unknown,63.9691666,-146.5471667,TRUE,Human
60.518733,-150.838783,5/29/2015 15:30,0.1,0.1,Debris Burning,0-25,Flat,0-500,Other,60.5196,-150.83855,TRUE,Human
59.728933,-151.722967,5/29/2015 12:03,0.1,0.1,Campfire,0-25,E,0-500,Other,59.728933,-151.722967,TRUE,Human
61.586767,-149.866183,5/29/2015 11:36,0.1,0.1,Human,0-25,SE,0-500,Mixed (Hardwoods/Softwoods),61.58293,-149.831,TRUE,?
60.475533,-151.0968,5/29/2015 5:27,0.1,0.1,Equipment,0-25,W,0-500,Hardwoods,60.475533,-151.0968,TRUE,Human
63.329467,-143.100317,5/28/2015 19:33,0.1,0.1,Miscellaneous,0-25,N,1501-2500,Black Spruce,53,-148,TRUE,Human
64.9295834,-141.3546111,5/28/2015 17:30,0.1,0.3,Lightning,0-25,West,0501-1500,Unknown,64.9295834,-141.3546111,TRUE,Natural
63.620667,-141.864333,5/28/2015 15:57,3,4,Lightning,0-25,N,1501-2500,Mixed (Hardwoods/Softwoods),63.620667,-141.864333,TRUE,Natural
60.6323,-151.180867,5/28/2015 15:15,0.1,1,Miscellaneous,0-25,N,0-500,Grass,60.620512,-151.175122,TRUE,Human
61.620133,-149.345033,5/28/2015 14:42,0.1,0.1,Human,0-25,NW,0-500,Grass,61.620133,-149.345033,TRUE,?
65.088,-147.4215,5/28/2015 4:11,0.1,0.1,Equipment,41-55,E,501-1500,Mixed (Hardwoods/Softwoods),65.088,-147.4215,TRUE,Human
60.3321,-151.266817,5/27/2015 22:35,0.1,0.1,Human,0-25,NE,0-500,Unknown,60.3321,-151.2668167,TRUE,?
63.630556,-148.588889,5/27/2015 20:34,0.1,0.1,Under Investigation,0-25,W,2501-3500,Unknown,63.630556,-148.588889,TRUE,Human
66.7019444,-145.6873611,5/27/2015 18:28,0.1,0.5,Human,0-25,Flat,0-500,Black Spruce,66.7017778,-145.6916667,TRUE,Human
66.2283889,-142.4080556,5/27/2015 17:00,3,204,Lightning,0-25,Flat,0501-1500,Black Spruce,66.2283889,-142.4080556,TRUE,Natural
64.7911,-147.406567,5/27/2015 16:27,0.1,0.1,Miscellaneous,0-25,SE,0-500,Other,64.791003,-147.407192,TRUE,Human
63.923667,-148.843333,5/27/2015 14:42,0.1,0.1,Miscellaneous,56-75,SW,1501-2500,Other,63.923667,-148.843333,TRUE,Human
64.849643,-147.68744,5/27/2015 14:21,0.1,0.1,Campfire,0-25,N,0-500,Mixed (Hardwoods/Softwoods),64.849643,-147.68744,TRUE,Human
62.0983,-145.982083,5/27/2015 11:11,0.1,0.1,Campfire,0-25,Flat,2501-3500,Mixed (Hardwoods/Softwoods),62.274333,-147.010717,TRUE,Human
64.882107,-147.670615,5/27/2015 7:54,0.1,0.1,Debris Burning,0-25,W,501-1500,Grass,64.882107,-147.670615,TRUE,Human
63.003617,-154.270383,5/26/2015 20:31,1.5,1,Human,0-25,SW,0-500,Live White Spruce,63.005,-154.273517,TRUE,?
64.8458333,-147.6247778,5/26/2015 14:25,0.1,0.1,Human,0-25,Flat,0-500,Grass,64.8458333,-147.6247778,TRUE,Human
66.1908333,-142.3425,5/26/2015 13:21,0.1,5,Lightning,0-25,Flat,0501-1500,Grass,66.1833333,-142.3166667,TRUE,Natural
64.79635,-147.34275,5/26/2015 12:39,0.1,0.5,Human,0-25,N,0-500,Other,64.8,-147.366667,TRUE,?
64.845743,-147.846402,5/25/2015 21:27,0.1,0.1,Children,0-25,E,0-500,Hardwoods,64.845743,-147.846402,TRUE,Human
61.419033,-150.586867,5/25/2015 16:43,0.1,0.1,Debris Burning,0-25,W,0-500,Grass,61.419033,-150.586867,TRUE,Human
65.102,-141.6348333,5/24/2015 19:06,0.1,263.6,Lightning,0-25,East,1501-2500,Unknown,65.102,-141.6348333,TRUE,Natural
64.3627778,-142.2941667,5/24/2015 18:26,0.1,372,Lightning,0-25,South,2501-3500,Unknown,64.4166667,-142.3,TRUE,Natural
65.2325,-141.2395,5/24/2015 18:05,5,5,Lightning,0-25,North West,1501-2500,Black Spruce,65.2325,-141.2395,TRUE,Natural
64.9,-141.3833333,5/24/2015 16:14,0.1,2902.3,Lightning,0-25,South West,1501-2500,Black Spruce,64.8333333,-141.3666667,TRUE,Natural
61.58475,-159.596703,5/24/2015 15:54,0.1,0.1,Debris Burning,0-25,Flat,0-500,Grass,61.581583,-159.54305,TRUE,Human
60.489617,-150.779867,5/24/2015 15:01,0.1,0.1,Debris Burning,0-25,SE,0-500,Unknown,60.489617,-150.779867,TRUE,Human
60.491017,-150.780883,5/24/2015 13:21,0.3,0.5,Debris Burning,0-25,Flat,0-500,Black Spruce,60.489483,-150.77505,TRUE,Human
62.967783,-141.891267,5/24/2015 12:23,0.1,0.1,Debris Burning,0-25,S,1501-2500,Unknown,62.967783,-141.891267,TRUE,Human
64.133833,-148.741,5/23/2015 16:01,0.1,0.1,Miscellaneous,0-25,SW,1501-2500,Black Spruce,64.133833,-148.741,TRUE,Human
64.022167,-148.655667,5/23/2015 15:52,0.1,0.2,Miscellaneous,26-40,SW,1501-2500,Black Spruce,64.022167,-148.655667,TRUE,Human
61.770433,-148.900633,5/23/2015 14:49,0.1,0.1,Human,26-40,W,2501-3500,Black Spruce,61.7704333,-148.9006333,TRUE,?
64.029667,-148.573,5/23/2015 11:56,1,643,Miscellaneous,0-25,N,1501-2500,Black Spruce,64.029667,-148.573,TRUE,Human
60.385517,-151.170033,5/22/2015 14:24,0.1,0.1,Debris Burning,0-25,NW,0-500,Other,60.385517,-151.170033,TRUE,Human
64.812367,-147.417617,5/22/2015 12:25,0.1,0.2,Miscellaneous,0-25,N,0-500,Grass,64.811707,-147.415832,TRUE,Human
64.0778056,-141.1098611,5/21/2015 16:24,0.1,7,Human,0-25,Flat,2501-3500,Black Spruce,64.0783333,-141.1133333,TRUE,Human
59.707438,-151.37856,5/21/2015 15:41,0.1,0.1,Debris Burning,0-25,Flat,501-1500,Grass,59.707438,-151.37856,TRUE,Human
64.859917,-147.8141,5/21/2015 15:15,0.1,0.1,Miscellaneous,0-25,E,0-500,Grass,64.858677,-147.81308,TRUE,Human
55.427,-131.6118334,5/21/2015 15:09,0.1,0.1,Lightning,0-25,West,0501-1500,Black Spruce,55.427,-131.6118334,TRUE,Natural
64.281983,-146.265217,5/21/2015 15:00,0.1,0.1,Debris Burning,26-40,Flat,501-1500,Grass,64.281983,-146.265217,TRUE,Human
60.82555,-149.538333,5/21/2015 14:58,0.5,61.6,Under Investigation,56-75,W,Unknown,Grass,60.847683,-146.848527,TRUE,Human
61.60105,-149.499567,5/21/2015 14:10,0.1,0.1,Children,0-25,N,0-500,Mixed (Hardwoods/Softwoods),61.602787,-149.498303,TRUE,Human
56.7472778,-133.52125,5/21/2015 7:02,0.1,2,Lightning,0-25,South,0501-1500,Black Spruce,55.0994444,-132.7691667,TRUE,Natural
55.6799445,-132.6122778,5/20/2015 20:10,0.1,0.3,Human,0-25,Flat,0-500,Unknown,55.6799445,-132.6122778,TRUE,Human
61.972083,-145.319217,5/20/2015 19:25,0.1,0.1,Human,0-25,Flat,501-1500,Grass,61.972083,-145.319217,TRUE,?
62.730183,-141.191183,5/20/2015 16:02,20,426.4,Equipment,Unknown,Unknown,Unknown,Black Spruce,53,-148,TRUE,Human
65.115333,-147.643667,5/20/2015 15:52,0.1,0.1,Miscellaneous,0-25,NW,1501-2500,Hardwoods,65.1153333,-147.6436667,TRUE,Human
60.9069,-149.45875,5/20/2015 14:54,0.1,0.1,Campfire,0-25,W,0-500,Other,53,-148,TRUE,Human
64.8501,-147.691783,5/20/2015 13:57,0.1,0.1,Equipment,0-25,N,0-500,Grass,64.8501,-147.691783,TRUE,Human
64.008317,-144.9718,5/20/2015 13:31,4,2,Debris Burning,0-25,W,501-1500,Grass,64.008317,-144.9718,TRUE,Human
64.879938,-147.664262,5/20/2015 11:23,0.1,0.1,Campfire,0-25,SE,501-1500,Live White Spruce,64.879938,-147.664262,TRUE,Human
61.529517,-149.030883,5/20/2015 8:32,0.1,0.1,Miscellaneous,0-25,S,0-500,Mixed (Hardwoods/Softwoods),61.529517,-149.030883,TRUE,Human
61.621013,-149.448647,5/19/2015 21:07,0.1,0.2,Debris Burning,0-25,N,0-500,Mixed (Hardwoods/Softwoods),61.621013,-149.448647,TRUE,Human
61.6215,-144.547333,5/19/2015 16:36,0.1,0.1,Campfire,26-40,E,501-1500,Other,53,-148,TRUE,Human
63.4758,-143.835783,5/19/2015 16:05,0.1,0.1,Equipment,26-40,E,1501-2500,Grass,63.4758,-143.835783,TRUE,Human
63.918617,-148.865467,5/19/2015 13:35,22,22,Miscellaneous,0-25,SW,1501-2500,Black Spruce,63.92125,-148.828833,TRUE,Human
63.924383,-148.84805,5/19/2015 10:38,0.1,0.1,Miscellaneous,56-75,W,1501-2500,Dead White Spruce,63.9191,-148.842517,TRUE,Human
61.6596,-149.6273,5/18/2015 19:12,1.2,1.5,Miscellaneous,0-25,S,501-1500,Mixed (Hardwoods/Softwoods),61.6596,-149.6273,TRUE,Human
60.253317,-151.285133,5/18/2015 16:57,0.1,0.1,Equipment,0-25,Flat,0-500,Other,60.253317,-151.285133,TRUE,Human
64.892307,-147.800608,5/18/2015 16:42,0.1,0.1,Miscellaneous,0-25,SE,501-1500,Grass,64.892307,-147.800608,TRUE,Human
61.5872,-149.4335,5/18/2015 13:33,0.1,0.1,Miscellaneous,0-25,W,0-500,Grass,61.588157,-149.431278,TRUE,Human
63.925133,-148.826983,5/18/2015 10:16,0.1,22,Miscellaneous,41-55,E,1501-2500,Grass,63.925083,-148.82725,TRUE,Human
64.039717,-148.676833,5/18/2015 9:00,0.1,0.1,Miscellaneous,26-40,E,1501-2500,Other,64.039717,-148.676833,TRUE,Human
63.858283,-148.748567,5/17/2015 19:12,60,108,Miscellaneous,26-40,N,1501-2500,Other,63.883333,-148.916667,TRUE,Human
60.488217,-150.861283,5/17/2015 17:21,0.1,0.1,Debris Burning,0-25,E,0-500,Grass,60.488217,-150.861283,TRUE,Human
64.071567,-145.707733,5/17/2015 16:29,0.1,0.1,Campfire,0-25,SW,501-1500,Dead White Spruce,64.071567,-145.707733,TRUE,Human
60.473083,-150.754067,5/17/2015 16:09,0.1,0.1,Miscellaneous,0-25,SE,0-500,Other,60.473333,-150.753967,TRUE,Human
58.3753611,-134.7276111,5/17/2015 14:26,0.1,0.1,Human,0-25,Flat,0-500,Other,58.3753611,-134.7276111,TRUE,Human
58.4009167,-134.5650833,5/17/2015 8:33,0.1,0.1,Human,0-25,Flat,0-500,Other,58.4009167,-134.5650833,TRUE,Human
64.949243,-147.530267,5/16/2015 23:07,0.1,0.1,Debris Burning,0-25,SE,1501-2500,Hardwoods,64.948583,-147.529,TRUE,Human
63.882317,-144.98185,5/16/2015 17:39,3,15.1,Miscellaneous,0-25,SW,501-1500,Grass,63.882317,-144.98185,TRUE,Human
65.7146667,-144.3068333,5/16/2015 17:29,0.1,535.4,Human,0-25,Flat,0501-1500,Black Spruce,65.7,-144.4833333,TRUE,Human
64.80735,-148.07265,5/16/2015 15:17,0.1,0.1,Miscellaneous,0-25,S,501-1500,Grass,64.810382,-148.066896,TRUE,Human
64.811333,-148.074333,5/16/2015 14:38,0.2,0.2,Miscellaneous,26-40,E,501-1500,Hardwoods,64.810913,-148.071703,TRUE,Human
61.409283,-143.048083,5/16/2015 13:54,0.1,0.1,Campfire,0-25,Flat,1501-2500,Other,61.409283,-143.048083,TRUE,Human
64.900567,-147.523917,5/16/2015 13:30,0.1,0.1,Equipment,0-25,SE,501-1500,Grass,64.901273,-147.511847,TRUE,Human
64.8975,-147.733167,5/15/2015 19:26,0.2,0.2,Human,0-25,S,501-1500,Grass,64.8985,-147.719,TRUE,?
64.895,-147.729333,5/15/2015 19:18,0.1,0.1,Debris Burning,0-25,Flat,501-1500,Grass,64.892378,-147.740177,TRUE,Human
61.605,-149.21565,5/15/2015 15:52,0.2,0.2,Campfire,0-25,NE,0-500,Mixed (Hardwoods/Softwoods),61.605,-149.21565,TRUE,Human
63.138717,-142.5157,5/15/2015 13:22,0.1,0.1,Debris Burning,0-25,Flat,501-1500,Other,63.138717,-142.5157,TRUE,Human
64.8075,-147.6058334,5/15/2015 13:18,0.1,0.1,Human,0-25,Flat,0-500,Hardwoods,64.8075,-147.6058334,TRUE,Human
64.967333,-147.6405,5/15/2015 12:36,0.5,0.9,Miscellaneous,26-40,N,501-1500,Grass,64.9673333,-147.6405,TRUE,Human
64.910055,-147.552613,5/15/2015 2:16,0.1,0.1,Miscellaneous,26-40,S,501-1500,Grass,64.910055,-147.552613,TRUE,Human
64.795833,-147.5015,5/14/2015 16:17,0.7,0.7,Human,0-25,W,0-500,Grass,64.795833,-147.5015,TRUE,?
64.791178,-147.507123,5/14/2015 15:33,0.2,3,Incendiary,0-25,W,501-1500,Grass,64.791513,-147.509347,TRUE,Human
64.8075,-147.6058334,5/14/2015 11:36,0.1,0.1,Human,0-25,Flat,0-500,Grass,64.8075,-147.6058334,TRUE,Human
64.6660555,-146.5673056,5/13/2015 21:28,0.2,1,Human,0-25,North,1501-2500,Grass,64.6660555,-146.5673056,TRUE,Human
64.879233,-147.682643,5/13/2015 13:50,34,34,Prescribed,0-25,N,0-500,Grass,64.879233,-147.682643,TRUE,Prescribed
64.6823334,-146.559,5/13/2015 13:00,0.1,11.2,Human,0-25,Flat,1501-2500,Grass,64.6823334,-146.559,TRUE,Human
64.8128333,-147.6103334,5/13/2015 10:55,0.1,0.1,Human,0-25,Flat,0-500,Hardwoods,64.8128333,-147.6103334,TRUE,Human
63.883333,-148.166667,5/12/2015 15:58,4,4,Miscellaneous,41-55,N,4501-5500,Grass,63.883333,-148.166667,TRUE,Human
59.74945,-154.812222,5/12/2015 15:45,1.5,1.5,Debris Burning,0-25,SE,0-500,Grass,59.74945,-154.812222,TRUE,Human
61.638533,-149.634217,5/12/2015 15:38,0.1,0.1,Debris Burning,0-25,N,0-500,Mixed (Hardwoods/Softwoods),61.638533,-149.634217,TRUE,Human
64.879533,-147.4067,5/12/2015 13:31,0.1,0.1,Equipment,0-25,NE,0-500,Grass,64.88049,-147.410597,TRUE,Human
64.6748611,-146.5679167,5/11/2015 21:35,0.1,0.1,Human,0-25,Flat,1501-2500,Grass,64.6666667,-146.5666667,TRUE,Human
61.5917,-149.379883,5/10/2015 16:32,0.2,0.2,Debris Burning,0-25,S,0-500,Grass,61.5917,-149.379883,TRUE,Human
60.480483,-151.148317,5/10/2015 13:17,0.1,0.1,Debris Burning,0-25,NW,0-500,Other,60.480483,-151.148317,TRUE,Human
58.5,-134.8166667,5/10/2015 7:04,0.3,0.6,Human,0-25,North,1501-2500,Black Spruce,58.5,-134.8166667,TRUE,Human
61.569483,-149.618483,5/9/2015 15:03,0.1,0.1,Children,0-25,N,0-500,Grass,61.569128,-149.618283,TRUE,Human
63.863983,-144.857417,5/9/2015 13:34,0.1,0.1,Debris Burning,0-25,N,501-1500,Black Spruce,63.833333,-144.85,TRUE,Human
63.3289,-142.887967,5/9/2015 9:56,0.1,0.1,Campfire,0-25,E,1501-2500,Grass,63.3289,-142.887967,TRUE,Human
64.6166667,-146.5333334,5/9/2015 8:25,0.1,0.1,Human,0-25,South West,1501-2500,Grass,64.6166667,-146.5333334,TRUE,Human
63.334017,-142.9636,5/8/2015 23:16,0.1,0.1,Smoking,0-25,NE,1501-2500,Grass,63.334017,-142.9636,TRUE,Human
64.6716667,-146.568,5/8/2015 20:15,0.1,0.1,Human,0-25,East,1501-2500,Hardwoods,64.6716667,-146.568,TRUE,Human
63.9935,-146.4283333,5/8/2015 18:55,2,5,Human,0-25,Flat,1501-2500,Grass,63.9726666,-146.365,TRUE,Human
64.82832,-147.502153,5/8/2015 17:50,0.5,0.5,Debris Burning,0-25,NW,0-500,Grass,64.82832,-147.502153,TRUE,Human
65.0269444,-141.2491667,5/8/2015 15:28,0.1,56,Lightning,0-25,West,1501-2500,Grass,65.0269444,-141.2491667,TRUE,Natural
61.670267,-144.669817,5/8/2015 15:04,1,1,Debris Burning,0-25,Flat,501-1500,Grass,61.67151,-144.679624,TRUE,Human
60.373267,-151.31325,5/8/2015 14:12,0.1,0.1,Debris Burning,0-25,N,0-500,Black Spruce,60.373267,-151.31325,TRUE,Human
64.6966667,-146.9966667,5/8/2015 9:20,0.1,347.6,Prescribed,0-25,Flat,0501-1500,Other,64.6966667,-146.9966667,TRUE,Prescribed
64.92505,-147.88435,5/7/2015 20:07,0.1,0.1,Debris Burning,26-40,N,501-1500,Other,64.92505,-147.88435,TRUE,Human
61.544683,-149.0457,5/7/2015 14:57,1,1,Miscellaneous,0-25,S,0-500,Grass,61.542767,-149.046983,TRUE,Human
64.7138333,-146.4581667,5/7/2015 10:56,0.2,1340.9,Human,0-25,Flat,0501-1500,Grass,64.7138333,-146.4581667,TRUE,Human
61.4406,-148.547383,5/6/2015 17:55,0.1,0.1,Campfire,41-55,NW,501-1500,Mixed (Hardwoods/Softwoods),61.4406,-148.547383,TRUE,Human
61.711117,-145.133333,5/5/2015 21:00,0.1,0.1,Incendiary,0-25,SW,1501-2500,Grass,61.711383,-145.136117,TRUE,Human
64.6750834,-146.5688889,5/5/2015 19:24,15,124.2,Human,0-25,Flat,1501-2500,Grass,64.6750834,-146.5688889,TRUE,Human
64.91095,-147.634767,5/5/2015 13:48,0.1,0.1,Miscellaneous,26-40,E,501-1500,Hardwoods,64.911312,-147.635842,TRUE,Human
64.7001667,-146.582,5/5/2015 11:00,0.1,743.5,Human,0-25,Flat,0501-1500,Grass,64.6895,-146.8938333,TRUE,Human
64.6963056,-146.9978333,5/4/2015 20:00,0.1,10.6,Human,0-25,Flat,0501-1500,Grass,64.6963056,-146.9978333,TRUE,Human
59.802183,-151.62135,5/4/2015 16:05,1,5.1,Debris Burning,0-25,N,501-1500,Other,59.809462,-151.617042,TRUE,Human
64.115483,-145.744367,5/4/2015 15:03,0.3,0.3,Debris Burning,0-25,SW,501-1500,Grass,64.115483,-145.744367,TRUE,Human
61.609133,-149.145733,5/4/2015 13:29,0.2,0.6,Debris Burning,0-25,NW,0-500,Grass,61.609133,-149.145733,TRUE,Human
64.6958333,-146.9808333,5/4/2015 6:15,0.1,0.1,Human,0-25,Flat,0501-1500,Grass,64.6908333,-146.975,TRUE,Human
64.6958333,-146.9808333,5/3/2015 20:34,0.1,28.4,Human,0-25,Flat,0501-1500,Grass,64.6909444,-146.9751666,TRUE,Human
60.71145,-151.333533,5/3/2015 19:25,0.1,0.1,Debris Burning,0-25,Flat,0-500,Other,60.71186,-151.331666,TRUE,Human
64.798783,-147.552767,5/3/2015 16:11,0.1,0.1,Debris Burning,0-25,Flat,0-500,Grass,64.796667,-147.545,TRUE,Human
61.54395,-149.02845,5/3/2015 15:39,0.1,0.2,Debris Burning,0-25,E,0-500,Grass,61.541657,-149.027348,TRUE,Human
61.541117,-149.858833,5/3/2015 14:12,0.1,0.2,Campfire,0-25,S,0-500,Mixed (Hardwoods/Softwoods),61.540918,-149.856805,TRUE,Human
61.574017,-149.136083,5/3/2015 12:38,5,7.6,Debris Burning,0-25,W,0-500,Grass,61.575828,-149.118097,TRUE,Human
61.272333,-149.6035,5/3/2015 7:56,0.1,954,Prescribed,0-25,E,501-1500,Unknown,61.272333,-149.6035,TRUE,Prescribed
64.77885,-147.253167,5/2/2015 16:45,0.1,0.2,Equipment,0-25,N,0-500,Grass,64.778693,-147.252697,TRUE,Human
64.854423,-147.807188,5/2/2015 15:21,0.1,0.1,Debris Burning,0-25,SE,0-500,Grass,64.854423,-147.807188,TRUE,Human
61.54725,-149.089767,5/2/2015 14:30,0.3,1.9,Debris Burning,0-25,S,0-500,Grass,61.54725,-149.089767,TRUE,Human
64.6958333,-146.9808333,5/2/2015 6:30,0.1,0.1,Human,0-25,Flat,0501-1500,Unknown,64.6958333,-146.9808333,TRUE,Human
60.0341,-151.6925,4/30/2015 16:04,0.1,0.3,Debris Burning,0-25,SE,0-500,Other,60.0386,-151.679433,TRUE,Human
64.921978,-147.509313,4/29/2015 19:56,0.1,0.1,Miscellaneous,26-40,SE,501-1500,Grass,64.921978,-147.509313,TRUE,Human
64.8128333,-147.6103334,4/29/2015 9:08,2025,1828.6,Prescribed,0-25,Flat,0-500,Unknown,64.8128333,-147.6103334,TRUE,Prescribed
64.6966667,-146.9966667,4/28/2015 4:15,0.1,0.1,Human,0-25,Flat,0501-1500,Grass,64.6966667,-146.9966667,TRUE,Human
64.051483,-145.414583,4/27/2015 22:23,0.1,0.1,Miscellaneous,0-25,N,501-1500,Unknown,64.05,-145.4,TRUE,Human
64.8128333,-147.6103334,4/27/2015 12:31,0.1,0.1,Human,0-25,Flat,0-500,Grass,64.8128333,-147.6103334,TRUE,Human
64.6966667,-146.9966667,4/26/2015 20:45,0.1,0.1,Human,0-25,Flat,0501-1500,Grass,64.6966667,-146.9966667,TRUE,Human
61.5821,-149.584383,4/26/2015 17:54,0.1,0.1,Debris Burning,0-25,SE,0-500,Mixed (Hardwoods/Softwoods),61.582287,-149.568632,TRUE,Human
59.67295,-151.699967,4/26/2015 15:10,0.1,0.1,Campfire,0-25,Flat,0-500,Other,59.67295,-151.699967,TRUE,Human
59.65675,-151.5477,4/26/2015 13:39,0.1,0.1,Children,0-25,Flat,501-1500,Other,59.65675,-151.5477,TRUE,Human
61.615183,-149.411117,4/26/2015 12:03,0.1,0.1,Miscellaneous,0-25,SW,0-500,Grass,61.614905,-149.41057,TRUE,Human
63.8333333,-145.9,4/26/2015 9:13,1.1,46.1,Prescribed,0-25,Flat,1501-2500,Grass,63.8333333,-145.9,TRUE,Prescribed
63.9833333,-145.6666667,4/26/2015 8:41,490,521.8,Prescribed,0-25,Flat,0501-1500,Grass,63.9333333,-145.6,TRUE,Prescribed
60.526783,-151.124667,4/25/2015 20:08,0.1,0.1,Children,0-25,Flat,0-500,Grass,60.526783,-151.124667,TRUE,Human
61.681,-149.2265,4/25/2015 16:18,0.1,0.7,Debris Burning,0-25,S,501-1500,Unknown,61.681242,-149.225548,TRUE,Human
61.500033,-149.635283,4/25/2015 14:53,0.1,0.5,Human,0-25,W,0-500,Grass,61.500232,-149.638258,TRUE,?
60.523833,-150.66145,4/25/2015 14:50,0.1,0.1,Debris Burning,0-25,Flat,0-500,Other,60.525412,-150.662043,TRUE,Human
61.736383,-150.06845,4/25/2015 14:13,0.1,0.3,Debris Burning,0-25,E,0-500,Grass,61.720305,-150.078727,TRUE,Human
63.9902778,-145.75,4/25/2015 8:39,163.5,82.3,Prescribed,0-25,Flat,0501-1500,Grass,64.8375,-147.6147222,TRUE,Prescribed
61.623467,-149.06195,4/24/2015 17:13,0.1,1.6,Debris Burning,0-25,E,501-1500,Mixed (Hardwoods/Softwoods),61.620917,-149.057497,TRUE,Human
61.64995,-149.370067,4/24/2015 17:11,0.1,0.1,Debris Burning,0-25,W,501-1500,Grass,61.64995,-149.370067,TRUE,Human
61.602733,-149.14685,4/24/2015 16:12,0.1,0.1,Debris Burning,0-25,E,0-500,Grass,61.603392,-149.146758,TRUE,Human
64.8086111,-147.6516666,4/24/2015 14:25,0.1,80.1,Human,0-25,Flat,0-500,Grass,64.8128333,-147.6103334,TRUE,Human
64.235059,-149.079714,4/24/2015 11:47,0.1,0.1,Human,0-25,SW,501-1500,Grass,64.230845,-149.055914,TRUE,?
61.841033,-145.229133,4/23/2015 15:11,0.1,0.1,Smoking,0-25,W,501-1500,Grass,61.833333,-145.25,TRUE,Human
64.6913333,-146.9913333,4/23/2015 13:50,0.1,1,Human,0-25,Flat,0501-1500,Grass,64.6966667,-146.9966667,TRUE,Human
64.938925,-147.554622,4/23/2015 4:30,0.1,0.1,Miscellaneous,26-40,SW,501-1500,Hardwoods,64.938925,-147.554622,TRUE,Human
63.379417,-143.360667,4/22/2015 14:48,0.1,0.1,Debris Burning,0-25,SW,1501-2500,Grass,63.379417,-143.360667,TRUE,Human
64.6966667,-146.9966667,4/22/2015 13:22,0.1,22.5,Human,0-25,Flat,0501-1500,Grass,64.6966667,-146.9966667,TRUE,Human
64.6966667,-146.9966667,4/21/2015 15:00,0.1,2,Human,0-25,Flat,0501-1500,Grass,64.6966667,-146.9966667,TRUE,Human
64.886333,-147.6205,4/21/2015 13:34,0.1,0.1,Miscellaneous,0-25,SW,501-1500,Grass,64.889938,-147.621167,TRUE,Human
61.733517,-149.029083,4/20/2015 12:17,0.1,0.1,Miscellaneous,0-25,NW,501-1500,Grass,61.733517,-149.029083,TRUE,Human
64.052267,-145.739617,4/20/2015 10:38,0.1,0.1,Debris Burning,0-25,SE,501-1500,Other,64.052267,-145.739617,TRUE,Human
64.913545,-147.435217,4/19/2015 13:10,0.1,0.1,Miscellaneous,0-25,N,0-500,Hardwoods,64.7821667,-147.2823333,TRUE,Human
59.062983,-160.47625,4/17/2015 18:11,0.1,190,Debris Burning,0-25,NW,0-500,Grass,59.0686,-160.420103,TRUE,Human
61.708283,-149.229283,4/17/2015 17:18,0.1,0.1,Campfire,0-25,SE,501-1500,Hardwoods,61.678952,-149.233733,TRUE,Human
61.5731,-149.339767,4/17/2015 16:55,0.1,0.1,Miscellaneous,0-25,SE,0-500,Grass,61.58165,-149.336107,TRUE,Human
61.563017,-149.297083,4/17/2015 15:18,0.1,0.1,Human,0-25,NW,0-500,Grass,61.563017,-149.297083,TRUE,?
61.6039,-149.1454,4/15/2015 15:59,0.1,0.1,Campfire,0-25,E,0-500,Grass,61.6039,-149.1454,TRUE,Human
59.06625,-158.457917,4/15/2015 15:52,2,2,Smoking,0-25,N,0-500,Grass,59.06625,-158.457917,TRUE,Human
61.582683,-149.09935,4/15/2015 14:35,0.1,0.1,Equipment,0-25,Flat,0-500,Grass,61.582683,-149.09935,TRUE,Human
61.5548,-149.546083,4/14/2015 17:44,0.1,0.1,Equipment,0-25,NW,0-500,Grass,61.554506,-149.544708,TRUE,Human
60.370283,-151.188583,4/14/2015 11:19,0.1,0.1,Miscellaneous,0-25,N,0-500,Other,60.370283,-151.188583,TRUE,Human
60.271567,-151.270517,4/13/2015 16:03,0.1,0.1,Debris Burning,0-25,Flat,0-500,Dead White Spruce,60.271567,-151.270517,TRUE,Human
60.81965,-148.994675,4/13/2015 11:03,0.1,0,Prescribed,0-25,Flat,0-500,Unknown,60.81965,-148.994675,TRUE,Prescribed
61.670983,-149.098917,4/13/2015 8:13,0.1,0.1,Miscellaneous,0-25,N,501-1500,Grass,61.670983,-149.098917,TRUE,Human
60.682136,-151.382084,4/9/2015 17:25,0.1,0.1,Equipment,0-25,E,0-500,Other,60.682136,-151.382084,TRUE,Human
61.479833,-149.740033,4/9/2015 8:54,0.1,0.1,Debris Burning,0-25,SW,0-500,Mixed (Hardwoods/Softwoods),61.47225,-149.745083,TRUE,Human
61.590828,-149.822587,4/6/2015 16:13,0.1,0.1,Debris Burning,0-25,S,0-500,Grass,61.590828,-149.822587,TRUE,Human
60.25345,-151.173083,4/2/2015 15:10,0.1,0.1,Campfire,0-25,NE,0-500,Mixed (Hardwoods/Softwoods),60.254,-151.173,TRUE,Human
61.610633,-149.2175,3/30/2015 15:10,0.1,0.1,Children,0-25,SE,0-500,Grass,61.6106333,-149.2175,TRUE,Human
60.714788,-151.350675,3/29/2015 14:21,0.1,0.1,Campfire,0-25,NW,0-500,Other,60.705,-151.35,TRUE,Human
61.634883,-149.42555,3/27/2015 18:07,0.1,0.2,Human,0-25,NE,0-500,Grass,61.6348833,-149.42555,TRUE,?
61.445317,-149.2325,3/25/2015 17:19,0.3,0.4,Campfire,76+,S,1501-2500,Mixed (Hardwoods/Softwoods),61.6143833,-149.5892167,TRUE,Human
61.595833,-149.275183,3/25/2015 13:53,0.1,0.1,Debris Burning,0-25,Flat,0-500,Mixed (Hardwoods/Softwoods),61.5958333,-149.2751833,TRUE,Human
61.6144,-149.589317,3/25/2015 10:19,0.1,0.1,Debris Burning,0-25,Flat,0-500,Mixed (Hardwoods/Softwoods),61.6144,-149.5893167,TRUE,Human
61.604,-149.3105,3/24/2015 18:00,0.3,0.3,Debris Burning,0-25,SW,0-500,Mixed (Hardwoods/Softwoods),61.34135,-148.9875167,TRUE,Human
63.7320555,-148.9041666,3/17/2015 10:00,0.1,5.7,Prescribed,0-25,Flat,1501-2500,Black Spruce,63.7320555,-148.9041666,TRUE,Prescribed
61.542717,-149.039183,3/13/2015 17:48,0.2,0.2,Campfire,0-25,SE,0-500,Grass,61.5427167,-149.0391833,TRUE,Human
61.604217,-149.07595,3/13/2015 15:07,0.1,0.1,Campfire,0-25,SE,0-500,Grass,61.6042167,-149.07595,TRUE,Human
65.3288889,-148.3066667,2/15/2015 21:24,0.1,0.1,Human,0-25,North,0501-1500,Black Spruce,65.3288889,-148.3066667,TRUE,Human
61.637,-149.145033,1/8/2015 8:15,2,2,Debris Burning,0-25,Flat,0-500,Other,61.637,-149.145033,TRUE,Human
61.552583,-149.783083,11/25/2014 10:44,0.1,0.1,Miscellaneous,0-25,Flat,0-500,Unknown,61.555308,-149.785203,TRUE,Human
61.5936,-149.393,11/18/2014 11:56,0.1,0.1,Debris Burning,0-25,S,0-500,Other,61.593617,-149.392533,TRUE,Human
61.620017,-149.29335,11/18/2014 10:16,0.6,0.6,Miscellaneous,0-25,SE,0-500,Hardwoods,53,-148,TRUE,Human
63.197333,-142.1939,10/21/2014 9:30,0.1,0.1,Human,0-25,S,1501-2500,Other,63.197333,-142.1939,TRUE,?
63.1973,-142.193,10/19/2014 10:18,0.1,0.1,Human,0-25,S,1501-2500,Other,63.197333,-142.1931,TRUE,?
61.9463889,-162.8622222,10/10/2014 15:16,0.3,0.3,Human,26-40,South East,0-500,Grass,61.9463889,-162.8622222,TRUE,Human
62.8608334,-141.1163889,9/20/2014 16:59,2,2,Human,0-25,Flat,1501-2500,Other,62.860833,-141.116388,TRUE,Human
67.5991666,-162.9736111,9/20/2014 16:30,3,3.5,Human,0-25,Flat,0-500,Tundra,67.5666667,-162.9666666,TRUE,Human
63.9833333,-146.35,9/19/2014 12:00,1.5,1.5,Human,0-25,Flat,1501-2500,Tundra,63.9833333,-146.35,TRUE,Human
58.4038889,-134.5838889,9/19/2014 10:46,0.1,0.1,Human,0-25,West,0-500,,58.4038889,-134.5888889,TRUE,Human
66.2021389,-151.63825,9/18/2014 16:08,1,1,Human,0-25,Flat,0501-1500,,66.2021389,-151.63825,TRUE,Human
58.255,-134.3475,9/18/2014 7:46,0.1,0.1,Human,0-25,Flat,0-500,Other,58.255,-134.3475,TRUE,Human
65.0832778,-151.3249167,9/17/2014 21:05,0.1,0.1,Human,0-25,Flat,0-500,White Spruce,65.0832778,-151.3249167,TRUE,Human
55.6858333,-132.5294444,9/14/2014 10:19,0.1,0.1,Human,0-25,Flat,0-500,,55.6858333,-132.5294444,TRUE,Human
66.7529722,-144.5205555,9/13/2014 17:35,1,0.3,Human,0-25,Flat,0-500,Mixed Trees,66.7529722,-144.5205555,TRUE,Human
60.501389,-149.901389,9/12/2014 8:32,13,40,Prescribed,Unknown,Unknown,Unknown,Unknown,60.501389,-149.901389,TRUE,Prescribed
63.8653611,-145.8981667,9/11/2014 16:54,0.5,0.5,Human,0-25,Flat,1501-2500,Grass,63.8653611,-145.8981667,TRUE,Human
58.3444445,-134.6227778,9/11/2014 9:00,0.1,0.1,Human,0-25,East,0-500,,58.3444445,-134.6227778,TRUE,Human
63.5289167,-150.0491111,9/9/2014 10:17,0.1,2,Prescribed,0-25,Flat,2501-3500,,63.5289167,-150.0491111,TRUE,Prescribed
60.911067,-149.60595,9/8/2014 12:57,2.5,38,Prescribed,Unknown,Unknown,Unknown,Mixed (Hardwoods/Softwoods),60.911067,-149.60595,TRUE,Prescribed
64.6419,-149.248,9/8/2014 10:05,0.3,0.3,Debris Burning,0-25,E,0-500,Other,64.641925,-149.247806,TRUE,Human
66.7981667,-160.73,9/7/2014 17:30,3,0.3,Human,0-25,Flat,0501-1500,Tundra,66.8,-160.6833333,TRUE,Human
64.0385,-148.678,9/4/2014 14:02,1,5,Miscellaneous,41-55,NE,1501-2500,Other,64.0385,-148.6785,TRUE,Human
63.3236,-142.824,9/1/2014 14:31,0.2,0.2,Miscellaneous,0-25,SE,1501-2500,Other,63.323633,-142.823633,TRUE,Human
60.9103055,-149.4580278,9/1/2014 7:35,0.1,0.1,Human,41-55,NE,1501-2500,Unknown,60.9103055,-149.4580278,TRUE,Human
63.327867,-143.068217,8/27/2014 17:22,0.1,0.1,Lightning,0-25,Flat,1501-2500,Other,63.3278667,-143.0682167,TRUE,Natural
60.5646389,-151.2714722,8/26/2014 16:22,0.1,0.1,Human,0-25,Flat,0-500,Black Spruce,60.56464,-151.27146,TRUE,Human
62.0273333,-161.9439167,8/23/2014 21:00,0.1,402.8,Human,0-25,Flat,0-500,Tundra,62.0333333,-161.963,TRUE,Human
59.7098,-151.42,8/23/2014 11:31,0.1,0.1,Debris Burning,26-40,SW,501-1500,Other,59.709383,-151.413583,TRUE,Human
61.82,-147.96,8/20/2014 15:15,0.1,3.5,Human,56-75,W,2501-3500,Grass,61.82,-147.96,TRUE,?
60.5034,-151.078,8/19/2014 12:16,0.1,0.1,Debris Burning,0-25,Flat,0-500,Other,60.503442,-151.077738,TRUE,Human
60.9271389,-149.5750833,8/18/2014 13:42,0.2,0.2,Human,0-25,North West,0501-1500,Other,60.92714,-149.57508,TRUE,Human
60.46,-149.8782222,8/17/2014 8:47,0.1,0.1,Human,0-25,North East,0501-1500,Unknown,60.46,-149.8782222,TRUE,Human
61.522167,-157.126333,8/14/2014 9:25,0.1,0.1,Campfire,0-25,E,0-500,Mixed (Hardwoods/Softwoods),61.5308333,-157.0783333,TRUE,Human
63.9295,-145.6071667,8/14/2014 2:40,0.1,14.8,Human,0-25,Flat,0501-1500,,63.9295,-145.6071667,TRUE,Human
62.3177778,-161.7336111,8/12/2014 22:20,0.1,560,Lightning,0-25,Flat,0-500,Tundra,62.3177778,-161.7336111,TRUE,Natural
66.4333333,-157.8671667,8/12/2014 21:57,30,1200,Lightning,0-25,Flat,0-500,Tundra,66.4333333,-157.8671667,TRUE,Natural
66.5711667,-158.8546667,8/12/2014 21:31,2,189.3,Lightning,0-25,Flat,0-500,Tundra,66.6333333,-158.8333333,TRUE,Natural
66.4706667,-158.4061945,8/12/2014 21:31,1,2,Lightning,0-25,Flat,0-500,Tundra,66.4706667,-158.4061667,TRUE,Natural
63.3831667,-161.6425,8/12/2014 11:22,0.1,2621.9,Lightning,0-25,Flat,0501-1500,Tundra,63.3333333,-161.8333333,TRUE,Natural
65.1075833,-160.7889445,8/11/2014 21:50,2.5,3,Lightning,0-25,Flat,0-500,Tundra,65.1,-160.7833334,TRUE,Natural
64.4333333,-155.1208333,8/11/2014 19:01,4,0.2,Lightning,0-25,Flat,0-500,Tundra,64.4333333,-155.0833333,TRUE,Natural
64.4291667,-155.08,8/11/2014 18:48,6,1,Lightning - WFU,0-25,Flat,0-500,Tundra,64.4333333,-155.1333333,TRUE,Natural
64.3880555,-157.7167222,8/11/2014 18:38,0.1,25,Lightning,0-25,Flat,0-500,Tundra,64.3333333,-157.5833333,TRUE,Natural
64.3590278,-157.7788055,8/11/2014 18:22,0.1,30,Lightning,0-25,Flat,0-500,Tundra,64.4166667,-157.9166667,TRUE,Natural
64.5348334,-160.8643334,8/11/2014 18:09,0.1,1,Lightning,0-25,Flat,0-500,Tundra,64.5333334,-160.75,TRUE,Natural
64.75,-160.1166667,8/11/2014 18:02,0.1,214.3,Lightning,0-25,Flat,0501-1500,Tundra,64.5833333,-160.5833333,TRUE,Natural
64.9946667,-160.9771666,8/11/2014 17:04,0.1,161,Lightning,0-25,Flat,0-500,Tundra,64.9946667,-160.9771666,TRUE,Natural
60.525417,-150.727283,8/11/2014 10:04,0.1,0.1,Debris Burning,0-25,Flat,0-500,Unknown,60.525417,-150.727283,TRUE,Human
63.423,-143.778,8/10/2014 16:15,1,2.1,Lightning,0-25,SW,1501-2500,Other,63.422967,-143.778417,TRUE,Natural
60.515042,-150.913898,8/10/2014 10:19,0.1,0.1,Debris Burning,0-25,Flat,0-500,Other,60.515042,-150.913898,TRUE,Human
63.3336945,-142.9838333,8/9/2014 8:57,0.1,0.1,Human,0-25,Flat,1501-2500,Unknown,63.367033,-142.983833,TRUE,Human
65.8333333,-161.7,8/8/2014 22:08,25,55,Lightning,0-25,Flat,0-500,Tundra,65.8333333,-161.7,TRUE,Natural
65.8333333,-166.1666667,8/8/2014 21:06,15,70,Lightning,0-25,Flat,0-500,Tundra,65.8333333,-166.1666667,TRUE,Natural
65.7666667,-165.1166667,8/8/2014 19:08,5,199.9,Lightning,0-25,Flat,0501-1500,Tundra,65.8333333,-165.5,TRUE,Natural
64.1211,-145.670117,8/8/2014 13:39,0.5,0.8,Equipment,0-25,NE,501-1500,Grass,64.1211,-145.670117,TRUE,Human
67.605,-162.7483333,8/7/2014 17:15,0.1,32.5,Lightning,0-25,Flat,0-500,Tundra,67.1666667,-163.05,TRUE,Natural
61.007633,-149.677333,8/7/2014 16:06,0.1,0.1,Campfire,41-55,S,501-1500,Hardwoods,61.007633,-149.677333,TRUE,Human
57.4638889,-134.5119444,8/6/2014 7:42,0.1,0.1,Human,0-25,Flat,0-500,Black Spruce,57.4638889,-134.5119444,TRUE,Human
64.9572222,-161.0936111,8/5/2014 18:30,8,40,Lightning,0-25,Flat,0-500,Tundra,64.9833333,-161.25,TRUE,Natural
64.7686111,-160.7683333,8/5/2014 16:45,5,20,Lightning,0-25,Flat,0-500,Tundra,64.8333333,-160.6666667,TRUE,Natural
60.6836,-151.202333,8/5/2014 14:17,0.1,0.1,Miscellaneous,0-25,Flat,0-500,Grass,60.68695,-151.19495,TRUE,Human
57.4202222,-134.8784445,8/5/2014 7:48,0.1,0.1,Human,0-25,Flat,0-500,,57.4202222,-134.8784445,TRUE,Human
57.5666667,-134.3572222,8/4/2014 16:59,0.1,0.1,Human,0-25,Flat,0-500,Other,57.5666667,-134.3572222,TRUE,Human
64.1534,-145.845,8/2/2014 5:48,0.1,0.1,Miscellaneous,0-25,N,501-1500,Other,64.153467,-145.843833,TRUE,Human
63.282183,-142.73785,8/1/2014 16:01,0.1,0.2,Campfire,0-25,Flat,1501-2500,Other,63.282183,-142.73785,TRUE,Human
63.33305,-142.98195,7/31/2014 14:57,0.1,0.1,Campfire,0-25,W,1501-2500,Black Spruce,63.33305,-142.98195,TRUE,Human
57.4773333,-135.2664722,7/28/2014 7:39,0.1,0.1,Human,0-25,Flat,0-500,Other,57.4773333,-135.2664722,TRUE,Human
59.6531,-151.529,7/27/2014 10:09,0.1,0.1,Campfire,0-25,Flat,0-500,Other,59.65311,-151.52892,TRUE,Human
61.847,-145.224333,7/26/2014 9:34,0.1,0.1,Miscellaneous,0-25,Flat,501-1500,Live White Spruce,61.847,-145.224333,TRUE,Human
60.4499722,-151.1053889,7/24/2014 16:13,0.1,0.1,Human,0-25,Flat,0-500,Other,60.449967,-151.1054,TRUE,Human
59.644683,-151.5377,7/22/2014 15:23,0.1,0.1,Campfire,0-25,Flat,0-500,Other,59.644592,-151.53353,TRUE,Human
60.5573,-151.269,7/22/2014 15:19,0.1,0.1,Debris Burning,0-25,Flat,0-500,Other,60.557267,-151.2691,TRUE,Human
60.25615,-151.22195,7/22/2014 15:05,0.1,0.1,Campfire,0-25,Flat,0-500,Other,60.25615,-151.22195,TRUE,Human
63.3603055,-143.2029167,7/22/2014 14:57,0.1,0.1,Human,0-25,Flat,1501-2500,Mixed (Hardwoods/Softwoods),63.3603,-143.202933,TRUE,Human
60.5527,-151.227,7/22/2014 14:57,0.1,0.1,Human,0-25,Flat,0-500,Unknown,60.524775,-151.268822,TRUE,?
60.05175,-151.647967,7/22/2014 14:16,0.1,0.1,Campfire,0-25,SW,0-500,Other,60.05175,-151.647967,TRUE,Human
61.0823889,-142.5222778,7/22/2014 11:00,1,0.1,Prescribed,0-25,Flat,0501-1500,Slash,61.0823889,-142.5222778,TRUE,Prescribed
60.254,-151.175,7/21/2014 15:30,0.1,0.1,Campfire,0-25,Flat,0-500,Other,60.25395,-151.174683,TRUE,Human
60.0504444,-151.6512222,7/20/2014 14:41,0.1,0.1,Human,0-25,Flat,0-500,Other,60.05045,-151.651233,TRUE,Human
58.4136111,-134.605,7/19/2014 7:27,0.1,0.1,Human,0-25,Flat,0-500,Other,58.4,-134.6,TRUE,Human
58.4,-134.5666667,7/19/2014 7:25,0.1,0.1,Human,0-25,Flat,0-500,Other,58.4,-134.5666667,TRUE,Human
63.3318,-143.021,7/17/2014 17:38,0.3,0.3,Campfire,0-25,Flat,1501-2500,Other,63.335167,-143.055022,TRUE,Human
67.9968333,-161.3796667,7/10/2014 15:39,2,2,Lightning,0-25,Flat,0501-1500,Tundra,67.9968333,-161.3796667,TRUE,Natural
68.0178333,-161.5038333,7/10/2014 13:59,2,750.2,Lightning,0-25,Flat,0-500,Tundra,68.0178333,-161.5038333,TRUE,Natural
63.901,-146.6171667,7/10/2014 11:45,0.1,2,Lightning,0-25,Flat,1501-2500,Tussock,63.901,-146.6171667,TRUE,?
57.6944,-152.536,7/9/2014 16:22,0.1,0.1,Miscellaneous,Unknown,Unknown,0-500,Other,57.6944,-152.5358,TRUE,Human
59.682583,-151.498483,7/9/2014 2:00,0.1,0.1,Miscellaneous,0-25,Flat,501-1500,Other,59.682583,-151.498483,TRUE,Human
66.6946667,-160.7566667,7/8/2014 17:27,0.1,3,Lightning,0-25,Flat,0-500,Black Spruce,66.6946667,-160.7566667,TRUE,Natural
62.845867,-142.274133,7/8/2014 16:43,0.2,0.2,Lightning,0-25,Flat,1501-2500,Black Spruce,62.845867,-142.274133,TRUE,Natural
57.8375,-152.453333,7/8/2014 8:24,0.1,0.1,Miscellaneous,0-25,NW,0-500,Grass,57.8375,-152.453333,TRUE,Human
66.5446667,-158.8078333,7/7/2014 19:32,10,10,Lightning,0-25,Flat,0-500,Tundra,66.5446667,-158.8078333,TRUE,Natural
66.402,-158.9665,7/7/2014 19:24,50,70,Lightning,0-25,Flat,0-500,Tundra,66.402,-158.9665,TRUE,Natural
66.6678334,-160.5686667,7/7/2014 19:16,0.1,5,Lightning,0-25,Flat,0-500,Tundra,66.6678334,-160.5686667,TRUE,Natural
66.67,-160.3613333,7/7/2014 19:16,0.1,1,Lightning,0-25,Flat,0-500,Tundra,66.67,-160.3613333,TRUE,Natural
65.9958333,-160.2181667,7/7/2014 16:57,0.1,50,Lightning,0-25,Flat,0501-1500,Tundra,65.9958333,-160.2181667,TRUE,Natural
63.9394167,-142.3886944,7/7/2014 16:54,0.5,0.5,Lightning,0-25,Flat,1501-2500,Black Spruce,63.939417,-142.3887,TRUE,Natural
66.073,-161.3898333,7/7/2014 16:45,1,79,Lightning,0-25,Flat,0-500,Tundra,66.073,-161.3898333,TRUE,Natural
66.074,-161.452,7/7/2014 16:45,1,39,Lightning,0-25,Flat,0-500,Tundra,66.074,-161.452,TRUE,Natural
66.0388333,-161.436,7/7/2014 16:45,1,573,Lightning,0-25,Flat,0-500,Tundra,66.0388333,-161.436,TRUE,Natural
65.1456667,-161.4545,7/7/2014 16:04,5,53,Lightning,0-25,Flat,0-500,Tundra,65.1456667,-161.4545,TRUE,Natural
64.1802222,-141.4371667,7/6/2014 16:31,0.1,130,Lightning,0-25,South East,2501-3500,Black Spruce,64.1833333,-141.3833333,TRUE,Natural
60.5408,-150.757283,7/6/2014 15:27,0.1,0.2,Debris Burning,0-25,N,0-500,Grass,60.520318,-150.704987,TRUE,Human
59.6395,-151.555,7/6/2014 10:51,0.1,0.1,Campfire,0-25,Flat,0-500,Other,59.639517,-151.554817,TRUE,Human
60.506683,-151.007867,7/5/2014 23:02,0.1,0.1,Miscellaneous,0-25,Flat,0-500,Other,60.506683,-151.007867,TRUE,Human
60.7023055,-155.7903889,7/5/2014 18:52,25,26,Lightning,0-25,Flat,0501-1500,Black Spruce,60.702333,-155.796,TRUE,Natural
60.7332,-156.564,7/5/2014 17:55,40,298,Lightning,0-25,NE,501-1500,Other,60.741833,-156.537683,TRUE,Natural
59.7194,-151.267617,7/5/2014 17:29,0.1,0.1,Debris Burning,0-25,S,501-1500,Grass,59.7194,-151.267617,TRUE,Human
57.8272,-152.436,7/5/2014 9:13,0.1,0.1,Miscellaneous,26-40,N,0-500,Other,57.836566,-152.45177,TRUE,Human
65.6915278,-156.3680833,7/4/2014 23:00,0.1,0.1,Human,0-25,Flat,0-500,Tundra,65.6915278,-156.3680833,TRUE,Human
60.4813889,-151.0226111,7/4/2014 22:07,0.1,0.1,Human,0-25,Flat,0-500,Black Spruce,60.481383,-151.022633,TRUE,Human
61.6284722,-149.81175,7/4/2014 18:39,0.1,0.1,Human,0-25,Flat,0-500,Grass,61.628483,-149.81175,TRUE,Human
59.6397222,-151.5581667,7/4/2014 17:29,0.1,0.1,Campfire,0-25,Flat,0-500,Other,59.639717,-151.558183,TRUE,Human
59.6396,-151.558,7/4/2014 17:13,0.1,0.1,Campfire,0-25,Flat,0-500,Other,59.63955,-151.557717,TRUE,Human
57.7779,-152.452,7/4/2014 14:25,0.1,0.1,Miscellaneous,26-40,SE,0-500,Other,57.7779,-152.4518,TRUE,Human
61.562167,-149.298583,7/4/2014 14:03,0.1,0.1,Debris Burning,0-25,Flat,0-500,Mixed (Hardwoods/Softwoods),61.562167,-149.298583,TRUE,Human
60.9097222,-149.4591667,7/4/2014 7:52,0.1,0.1,Human,0-25,Flat,0-500,Unknown,60.9097222,-149.4591667,TRUE,Human
59.639633,-151.556533,7/3/2014 10:27,0.1,0.1,Campfire,0-25,Flat,0-500,Other,59.639633,-151.556533,TRUE,Human
58.4014722,-134.54375,7/2/2014 8:23,0.1,0.1,Human,0-25,Flat,0-500,Grass,58.4014722,-134.54375,TRUE,Human
70.3306667,-149.598,7/1/2014 15:23,0.1,0.1,Human,0-25,Flat,0-500,Tundra,70.3306667,-149.598,TRUE,Human
61.5122,-149.992,6/30/2014 15:52,0.1,0.1,Campfire,0-25,Flat,0-500,Other,61.51215,-149.9917,TRUE,Human
64.0168611,-145.6575833,6/29/2014 13:42,0.1,0.1,Human,0-25,Flat,0501-1500,Hardwoods,64.016867,-145.657583,TRUE,Human
60.4744444,-149.7394445,6/29/2014 7:09,0.1,0.1,Human,0-25,Flat,0-500,Unknown,60.4744444,-149.7394445,TRUE,Human
60.5402,-150.757,6/26/2014 16:37,0.1,0.1,Debris Burning,0-25,Flat,0-500,Other,60.541993,-150.75738,TRUE,Human
64.8505556,-148.2747222,6/26/2014 8:00,0.1,0.1,Prescribed,0-25,Flat,0-500,,64.8505556,-148.2747222,TRUE,Prescribed
60.5255,-165.1205,6/25/2014 13:31,0.1,2,Human,0-25,Flat,0-500,Grass,60.545717,-165.087667,TRUE,Human
61.6688,-144.675,6/23/2014 20:21,0.1,0.1,Debris Burning,0-25,N,501-1500,Other,61.66875,-144.674883,TRUE,Human
62.0855,-163.7546389,6/23/2014 19:00,0.1,25.1,Human,0-25,Flat,0-500,Tundra,62.0953333,-163.682,TRUE,Human
65.1578,-147.921,6/22/2014 16:23,0.1,0.1,Campfire,0-25,SE,501-1500,Other,65.157783,-147.920556,TRUE,Human
64.8874,-147.643,6/20/2014 17:26,0.1,0.1,Equipment,0-25,Flat,501-1500,Other,64.88887,-147.638522,TRUE,Human
62.5531667,-154.1063333,6/18/2014 10:26,30,888,Lightning,0-25,Flat,0501-1500,Other,62.45,-153.966667,TRUE,Natural
62.5895,-154.135,6/17/2014 22:12,30,1995,Lightning,0-25,N,501-1500,Other,62.5895,-154.134833,TRUE,Natural
64.7131667,-146.4546667,6/17/2014 17:38,0.1,0.1,Human,0-25,Flat,0501-1500,Grass,64.7131111,-146.4523055,TRUE,Human
64.3357,-146.803,6/17/2014 17:08,0.1,0.1,Miscellaneous,0-25,S,501-1500,Other,64.335733,-146.80335,TRUE,Human
62.3011,-145.368,6/17/2014 13:26,0.1,0.1,Campfire,0-25,Flat,501-1500,Other,62.301067,-145.368133,TRUE,Human
64.873333,-147.486389,6/16/2014 16:59,5,47.5,Lightning,0-25,SE,0-500,Black Spruce,64.8733333,-147.4863333,TRUE,Natural
60.4959,-151.127,6/15/2014 14:12,0.1,0.1,Debris Burning,0-25,Flat,0-500,Other,60.49585,-151.127133,TRUE,Human
60.5062778,-151.10875,6/14/2014 16:07,0.1,0.1,Human,0-25,Flat,0-500,Other,60.506267,-151.10875,TRUE,Human
64.9008,-147.751,6/14/2014 14:33,0.1,0.3,Debris Burning,0-25,Flat,501-1500,Other,64.899667,-147.755667,TRUE,Human
64.9821111,-147.6903333,6/14/2014 12:42,0.1,2,Lightning,0-25,Flat,0501-1500,Black Spruce,64.9502,-147.7058233,TRUE,Natural
59.6509,-151.533,6/13/2014 10:43,0.1,0.1,Miscellaneous,0-25,N,0-500,Other,59.651648,-151.531422,TRUE,Human
63.3341,-142.951,6/12/2014 7:48,0.1,0.1,Miscellaneous,0-25,N,1501-2500,Other,63.334083,-142.95145,TRUE,Human
61.3628,-149.53,6/12/2014 0:45,0.1,0.1,Debris Burning,0-25,Flat,0-500,Other,53,-148,TRUE,Human
61.5289,-149.823,6/11/2014 17:00,0.1,0.1,Miscellaneous,0-25,Flat,0-500,Other,61.528917,-149.82255,TRUE,Human
61.4291,-149.794,6/11/2014 16:51,0.1,0.1,Debris Burning,0-25,Flat,0-500,Other,61.429083,-149.7939,TRUE,Human
64.06975,-145.6743334,6/11/2014 16:38,0.1,0.3,Human,0-25,Flat,0501-1500,Black Spruce,64.074333,-145.674317,TRUE,Human
59.8194722,-151.6456111,6/11/2014 14:37,0.1,1,Human,0-25,Flat,0501-1500,Other,59.8193,-151.639325,TRUE,Human
61.5612778,-149.465,6/11/2014 12:17,0.1,0.1,Human,0-25,Flat,0-500,Grass,61.561267,-149.465,TRUE,Human
61.5558333,-148.9951667,6/9/2014 15:09,0.1,0.1,Human,0-25,North East,0-500,Mixed (Hardwoods/Softwoods),61.553253,-148.995235,TRUE,Human
60.4672,-150.204,6/9/2014 15:07,0.1,0.1,Campfire,0-25,NW,0-500,Other,60.467217,-150.203667,TRUE,Human
60.4664444,-150.2030278,6/9/2014 14:33,0.1,0.1,Human,0-25,Flat,0-500,Other,60.46645,-150.203033,TRUE,Human
61.5495,-149.493,6/9/2014 12:40,0.1,0.1,Debris Burning,0-25,NW,0-500,Other,61.549467,-149.492867,TRUE,Human
61.7865,-148.519,6/9/2014 11:24,0.1,0.1,Debris Burning,0-25,SE,501-1500,Unknown,61.786533,-148.51875,TRUE,Human
59.7004,-151.367,6/8/2014 20:29,0.1,0.1,Debris Burning,0-25,Flat,0-500,Other,59.7004,-151.367067,TRUE,Human
64.7371667,-150.543,6/8/2014 19:12,0.1,1.9,Lightning,0-25,Flat,0501-1500,Mixed Trees,64.7371667,-150.543,TRUE,Natural
66.6106667,-150.3163333,6/8/2014 16:14,0.1,5,Lightning,0-25,Flat,1501-2500,Tundra,66.6106667,-150.3163333,TRUE,Natural
66.4538611,-150.6076111,6/8/2014 13:44,0.1,62.9,Lightning,0-25,Flat,0501-1500,Tussock,66.4583333,-150.575,TRUE,Natural
60.0222,-151.695,6/8/2014 13:36,0.1,0.1,Debris Burning,0-25,S,0-500,Other,60.022233,-151.695333,TRUE,Human
59.65468,-151.54508,6/7/2014 18:59,0.1,0.1,Campfire,56-75,SW,501-1500,Hardwoods,59.654467,-151.574615,TRUE,Human
61.5208333,-149.6653333,6/7/2014 17:39,0.1,0.5,Human,0-25,Flat,0-500,Grass,61.518225,-149.666452,TRUE,Human
63.4111945,-143.6320556,6/7/2014 16:01,0.1,0.1,Lightning,0-25,Flat,1501-2500,Other,63.411183,-143.632067,TRUE,Natural
63.394,-143.761,6/7/2014 15:11,0.1,0.1,Lightning,0-25,W,1501-2500,Other,63.394721,-143.750483,TRUE,Natural
60.4764,-151.098,6/7/2014 13:43,0.1,0.1,Campfire,0-25,S,0-500,Other,60.476417,-151.09775,TRUE,Human
59.4693,-151.673,6/7/2014 12:03,0.1,0.1,Debris Burning,0-25,Flat,0-500,Other,59.469283,-151.673033,TRUE,Human
60.6983,-161.612,6/6/2014 17:26,0.1,0.1,Lightning,0-25,NE,0-500,Other,60.698333,-161.611667,TRUE,Natural
60.9542,-161.563,6/6/2014 17:11,2,25,Lightning,0-25,SE,0-500,Other,61.05,-161.616667,TRUE,Natural
57.8803,-153.257,6/6/2014 16:00,0.1,0.4,Miscellaneous,0-25,E,0-500,Other,57.880278,-153.25722,TRUE,Human
63.2303333,-143.0543611,6/6/2014 14:04,0.2,0.2,Human,0-25,Flat,1501-2500,Grass,63.230333,-143.054367,TRUE,Human
59.6434,-151.536,6/6/2014 12:05,0.1,0.1,Campfire,0-25,Flat,0-500,Other,59.6434,-151.536083,TRUE,Human
60.7423,-160.764,6/5/2014 16:34,0.5,0.5,Lightning,0-25,Flat,0-500,Other,60.742333,-160.764167,TRUE,Natural
60.908967,-161.021767,6/5/2014 16:25,0.5,1,Lightning,0-25,E,0-500,Grass,60.908967,-161.021767,TRUE,Natural
59.7426,-151.268,6/5/2014 15:45,0.5,8.3,Miscellaneous,0-25,N,501-1500,Other,59.7426,-151.267917,TRUE,Human
61.2633,-145.284,6/4/2014 15:16,0.1,0.1,Debris Burning,0-25,SW,501-1500,Unknown,61.265279,-145.284773,TRUE,Human
62.0864,-146.162,6/4/2014 12:47,1,2,Debris Burning,0-25,N,1501-2500,Other,62.086367,-146.162033,TRUE,Human
59.4545,-151.705,6/4/2014 4:00,0.1,0.1,Miscellaneous,0-25,S,0-500,Other,59.442,-151.6835,TRUE,Human
63.3762,-143.376,6/3/2014 23:07,0.1,0.1,Debris Burning,0-25,SE,1501-2500,Other,63.376917,-143.377383,TRUE,Human
59.799183,-151.136467,6/3/2014 21:20,0.1,0.1,Debris Burning,0-25,N,501-1500,Grass,59.799887,-151.134365,TRUE,Human
61.8212,-147.428,6/3/2014 16:18,0.1,0.1,Equipment,0-25,S,2501-3500,Other,61.82115,-147.4276,TRUE,Human
60.5888,-151.317,6/2/2014 16:03,0.1,0.1,Human,0-25,E,0-500,Other,60.588833,-151.31685,TRUE,?
58.0972222,-135.4633333,6/2/2014 6:10,0.1,0.1,Human,0-25,Flat,0-500,Grass,58.0972222,-135.4633333,TRUE,Human
64.050683,-145.741,6/1/2014 17:51,0.1,0.1,Campfire,0-25,E,501-1500,Other,64.050683,-145.741,TRUE,Human
60.4666,-151.178,6/1/2014 16:04,0.1,0.1,Debris Burning,0-25,Flat,0-500,Other,60.466617,-151.177933,TRUE,Human
64.9424,-147.822,5/31/2014 22:02,0.1,0.1,Miscellaneous,0-25,E,501-1500,Other,64.942442,-147.822423,TRUE,Human
65.9083333,-144.1627778,5/31/2014 18:32,0.1,68.5,Lightning,0-25,Flat,0501-1500,Tundra,65.8166667,-144.0833333,TRUE,Natural
64.7939,-148.06,5/31/2014 17:52,0.1,0.1,Miscellaneous,0-25,NW,501-1500,Unknown,64.793908,-148.059618,TRUE,Human
63.3298611,-143.0681667,5/31/2014 17:08,0.1,0.1,Human,0-25,Flat,1501-2500,Black Spruce,63.308855,-143.135029,TRUE,Human
64.7703055,-148.0044722,5/31/2014 16:46,0.1,0.2,Human,0-25,Flat,0-500,Grass,64.7628,-148.055183,TRUE,Human
64.8078056,-148.0721667,5/31/2014 16:36,0.1,0.1,Human,0-25,South,0501-1500,Unknown,64.807803,-148.07218,TRUE,Human
64.6135,-149.075,5/31/2014 16:25,0.1,0.1,Miscellaneous,0-25,NW,0-500,Other,64.6134887,-149.0747077,TRUE,Human
64.775,-147.292,5/31/2014 16:08,0.5,0.5,Miscellaneous,0-25,E,0-500,Other,64.77498,-147.29182,TRUE,Human
63.6861,-144.623,5/31/2014 15:42,0.1,0.1,Debris Burning,0-25,S,501-1500,Other,63.68605,-144.623154,TRUE,Human
64.9379,-147.573,5/31/2014 15:41,0.2,0.2,Miscellaneous,26-40,SE,501-1500,Other,64.937873,-147.57277,TRUE,Human
64.8331667,-147.4838333,5/31/2014 15:16,0.1,0.5,Human,0-25,Flat,0-500,Mixed (Hardwoods/Softwoods),64.8331667,-147.4838333,TRUE,Human
64.84775,-147.3391945,5/31/2014 14:56,0.1,0.1,Human,0-25,Flat,0-500,Grass,64.847742,-147.339193,TRUE,Human
63.333217,-143.0364,5/31/2014 14:40,0.1,0.1,Miscellaneous,0-25,Flat,1501-2500,Black Spruce,63.333183,-143.336083,TRUE,Human
64.5231944,-149.0577222,5/31/2014 14:25,0.1,0.1,Human,0-25,Flat,0-500,Grass,64.518282,-149.051893,TRUE,Human
61.5506,-149.699,5/31/2014 13:30,0.1,0.1,Miscellaneous,0-25,Flat,0-500,Other,61.550633,-149.69875,TRUE,Human
64.0081944,-145.7124444,5/31/2014 12:47,0.1,0.1,Human,0-25,Flat,0501-1500,Grass,53,-148,TRUE,Human
63.3308,-143.068,5/31/2014 12:27,0.1,0.1,Miscellaneous,0-25,Flat,1501-2500,Other,63.139333,-143.0025,TRUE,Human
61.5985,-149.705,5/31/2014 10:43,0.1,0.1,Miscellaneous,0-25,Flat,0-500,Other,61.598533,-149.705283,TRUE,Human
64.07225,-145.633883,5/31/2014 10:34,0.3,0.3,Miscellaneous,0-25,S,501-1500,Black Spruce,64.066667,-145.633333,TRUE,Human
64.7366,-147.275,5/31/2014 8:17,0.1,0.1,Debris Burning,0-25,N,0-500,Other,64.7366,-147.2755,TRUE,Human
64.226417,-149.240083,5/31/2014 0:12,0.1,0.1,Human,0-25,S,501-1500,Grass,64.229165,-149.232516,TRUE,?
64.8294,-147.724,5/30/2014 19:23,0.1,0.1,Smoking,0-25,N,0-500,Other,64.829369,-147.724243,TRUE,Human
64.82,-147.9568333,5/30/2014 15:25,0.1,0.1,Human,0-25,Flat,0501-1500,Grass,64.825768,-147.952107,TRUE,Human
63.9922222,-145.7422222,5/30/2014 14:05,0.1,1,Human,0-25,Flat,0501-1500,Brush,63.9833333,-145.7333333,TRUE,Human
59.1701667,-135.3911667,5/30/2014 10:58,0.1,0.1,Human,0-25,Flat,0-500,Other,59.170167,-135.391167,TRUE,Human
63.8654,-148.75845,5/29/2014 12:46,0.1,0.1,Miscellaneous,26-40,NW,1501-2500,Unknown,63.8654,-148.75845,TRUE,Human
64.7219722,-147.2244167,5/29/2014 11:08,0.1,0.1,Human,0-25,Flat,0501-1500,Other,64.721983,-147.224417,TRUE,Human
60.4997,-151.092,5/29/2014 9:03,0.1,0.1,Debris Burning,0-25,S,0-500,Other,60.499667,-151.0925,TRUE,Human
61.8411666,-145.2580278,5/28/2014 18:06,0.5,3,Human,0-25,Flat,0501-1500,Grass,61.841167,-145.258033,TRUE,Human
64.6312,-147.108,5/28/2014 14:08,0.1,0.1,Debris Burning,0-25,N,501-1500,Other,64.631167,-147.108333,TRUE,Human
61.5776944,-149.1592222,5/28/2014 13:50,0.1,0.1,Human,0-25,North West,0-500,Mixed (Hardwoods/Softwoods),61.5777,-149.159233,TRUE,Human
64.8135,-147.558,5/27/2014 19:50,0.1,0.1,Debris Burning,0-25,NW,0-500,Other,64.813505,-147.558425,TRUE,Human
63.1394,-142.515,5/27/2014 11:04,0.5,0.5,Debris Burning,0-25,Flat,1501-2500,Other,63.139433,-142.515317,TRUE,Human
60.382,-151.322,5/27/2014 10:10,0.1,0.1,Campfire,0-25,Flat,0-500,Other,60.381983,-151.32165,TRUE,Human
64.826,-147.43,5/26/2014 22:19,0.1,0.1,Debris Burning,0-25,NE,0-500,Other,64.826033,-147.42995,TRUE,Human
60.3494,-151.266,5/26/2014 22:15,0.1,0.1,Miscellaneous,0-25,Flat,0-500,Other,60.349383,-151.266417,TRUE,Human
63.7857,-144.794,5/26/2014 16:24,0.1,0.3,Incendiary,0-25,SE,501-1500,Other,63.783333,-144.783333,TRUE,Human
61.5885,-149.827,5/26/2014 15:51,0.1,0.1,Campfire,0-25,Flat,0-500,Other,61.588467,-149.826933,TRUE,Human
62.3342,-149.921,5/25/2014 22:00,0.1,0.1,Equipment,0-25,N,501-1500,Other,62.334183,-149.920783,TRUE,Human
61.5601,-150.015,5/25/2014 18:49,0.1,0.5,Equipment,0-25,Flat,0-500,Other,61.561417,-150.015567,TRUE,Human
61.4088,-149.493,5/25/2014 16:08,0.1,0.2,Miscellaneous,0-25,Flat,0-500,Other,61.408803,-149.492607,TRUE,Human
61.3015,-149.71,5/25/2014 14:41,0.1,9.6,Miscellaneous,26-40,NW,0-500,Other,61.306667,-149.076667,TRUE,Human
61.3734,-143.35,5/25/2014 14:20,0.1,0.1,Campfire,0-25,W,501-1500,Other,61.3734167,-143.34965,TRUE,Human
64.6771667,-147.2231667,5/25/2014 11:39,0.1,1.1,Human,0-25,Flat,0501-1500,Mixed (Hardwoods/Softwoods),64.677567,-147.233237,TRUE,Human
57.0333333,-135.2,5/25/2014 6:16,0.1,0.1,Human,0-25,Flat,0-500,Unknown,57.0333333,-135.2,TRUE,Human
65.1915,-147.254,5/24/2014 21:48,0.1,0.1,Miscellaneous,0-25,W,501-1500,Other,53,-148,TRUE,Human
64.8593,-147.825,5/24/2014 18:28,0.1,0.1,Children,0-25,SW,501-1500,Other,64.8593,-147.8254,TRUE,Human
63.937,-148.834,5/24/2014 17:42,20,20,Miscellaneous,26-40,S,1501-2500,Other,63.93695,-148.833767,TRUE,Human
61.702,-150.125,5/24/2014 17:29,0.1,0.1,Miscellaneous,0-25,Flat,0-500,Other,61.698925,-150.118348,TRUE,Human
61.5396667,-149.5821944,5/24/2014 17:17,0.1,0.1,Human,0-25,Flat,0-500,Mixed (Hardwoods/Softwoods),61.5396667,-149.5821833,TRUE,Human
64.8415555,-147.8441666,5/24/2014 17:14,0.1,0.1,Human,0-25,East,0-500,Grass,64.841567,-147.844167,TRUE,Human
64.8006111,-147.94125,5/24/2014 14:31,0.1,0.1,Human,0-25,Flat,0-500,Grass,64.800617,-147.94125,TRUE,Human
64.14175,-145.7774167,5/24/2014 10:15,0.1,0.1,Human,0-25,Flat,0501-1500,Black Spruce,64.14175,-145.777417,TRUE,Human
59.6368,-151.515,5/23/2014 18:09,0.1,0.1,Debris Burning,0-25,N,0-500,Other,59.63675,-151.5154,TRUE,Human
60.4714444,-151.1803056,5/23/2014 11:38,0.1,0.1,Human,0-25,Flat,0-500,Unknown,60.471433,-151.1803,TRUE,Human
60.4732,-151.177,5/23/2014 11:06,0.1,0.1,Debris Burning,0-25,S,0-500,Other,60.473198,-151.176638,TRUE,Human
61.843,-150.111,5/23/2014 10:40,0.1,0.1,Equipment,0-25,Flat,0-500,Other,61.842983,-150.11085,TRUE,Human
61.5188611,-149.008,5/23/2014 9:50,0.1,0.1,Human,0-25,Flat,0-500,Grass,61.518867,-149.008,TRUE,Human
61.6817,-149.052,5/22/2014 21:28,0.1,0.1,Campfire,56-75,E,501-1500,Other,61.681733,-149.052483,TRUE,Human
60.0399,-151.647,5/22/2014 20:34,0.1,0.1,Human,0-25,W,501-1500,Other,60.039967,-151.639967,TRUE,?
63.9338,-145.372,5/22/2014 19:50,0.2,0.8,Equipment,0-25,S,501-1500,Other,63.93375,-145.372017,TRUE,Human
60.535,-150.774,5/22/2014 14:01,0.1,0.1,Debris Burning,0-25,W,0-500,Other,60.534725,-150.773883,TRUE,Human
61.5976666,-149.4838055,5/22/2014 8:54,0.1,0.1,Human,0-25,Flat,0-500,Mixed (Hardwoods/Softwoods),61.597183,-149.4842,TRUE,Human
64.6361,-147.129,5/21/2014 21:09,2,2,Debris Burning,0-25,Flat,501-1500,Other,64.636083,-147.13495,TRUE,Human
60.4719,-151.163,5/21/2014 18:42,0.1,0.1,Campfire,0-25,E,0-500,Other,60.471865,-151.163385,TRUE,Human
60.3806111,-151.2105,5/21/2014 15:40,0.1,0.1,Human,0-25,Flat,0-500,Mixed (Hardwoods/Softwoods),60.3806,-151.2104833,TRUE,Human
64.8354,-147.712,5/21/2014 14:49,0.1,0.1,Campfire,0-25,N,0-500,Other,64.835395,-147.712015,TRUE,Human
60.5066389,-150.99225,5/21/2014 13:43,0.1,0.1,Human,0-25,Flat,0-500,Other,60.505898,-150.991878,TRUE,Human
60.381,-151.211,5/21/2014 13:10,0.1,0.1,Miscellaneous,0-25,Flat,0-500,Other,60.380953,-151.210942,TRUE,Human
64.7833334,-147.65,5/21/2014 12:30,0.1,0.1,Human,0-25,Flat,0-500,Grass,64.7833334,-147.65,TRUE,Human
64.81925,-147.702417,5/20/2014 19:50,0.1,0.1,Miscellaneous,0-25,Flat,0-500,Grass,64.7833333,-147.6833333,TRUE,Human
65.8773333,-149.6485,5/20/2014 19:15,0.1,402.9,Human,0-25,Flat,0-500,Grass,65.8833333,-149.6333333,TRUE,Human
64.859,-147.7581944,5/20/2014 16:01,0.1,0.1,Human,0-25,Flat,0-500,Grass,64.856738,-147.75805,TRUE,Human
61.7568,-150.096,5/19/2014 21:47,0.1,0.9,Miscellaneous,0-25,Flat,0-500,Other,61.7568167,-150.0956333,TRUE,Human
61.57436,-149.698967,5/19/2014 19:34,0.1,0.1,Debris Burning,0-25,Flat,0-500,Grass,61.57436,-149.6989667,TRUE,Human
61.722,-150.109,5/19/2014 16:15,0.1,0.1,Miscellaneous,0-25,Flat,0-500,Other,61.7219667,-150.1091833,TRUE,Human
60.43945,-150.961883,5/19/2014 16:03,2,196610,Human,0-25,S,0-500,Black Spruce,60.43945,-150.9618833,TRUE,?
61.5031111,-149.0248611,5/19/2014 15:28,0.2,0.2,Human,0-25,Flat,0-500,Grass,61.5813883,-149.439445,TRUE,Human
61.099317,-151.128633,5/19/2014 14:46,5,1906,Miscellaneous,0-25,Flat,0-500,Mixed (Hardwoods/Softwoods),61.068055,-151.136945,TRUE,Human
62.4226,-150.081,5/19/2014 13:45,0.1,0.1,Miscellaneous,0-25,Flat,501-1500,Other,62.4226333,-150.0812167,TRUE,Human
62.204,-150.07,5/19/2014 13:25,0.1,0.1,Miscellaneous,0-25,Flat,0-500,Other,62.20395,-150.0702,TRUE,Human
62.2131,-149.927,5/19/2014 11:39,0.1,3,Human,0-25,Flat,501-1500,Other,62.2131167,-149.92655,TRUE,?
62.4637,-150.258,5/18/2014 20:01,0.1,0.3,Human,0-25,Flat,501-1500,Other,62.4606667,-150.2613333,TRUE,?
60.5541389,-151.2755278,5/18/2014 17:50,0.1,0.1,Human,0-25,Flat,0-500,Grass,60.9236167,-151.4591333,TRUE,Human
60.1528,-149.453,5/18/2014 17:29,0.1,0.1,Miscellaneous,0-25,Flat,0-500,Other,60.1411833,-149.43961,TRUE,Human
61.5438,-148.879,5/18/2014 16:01,0.1,1,Equipment,41-55,SW,501-1500,Other,61.5850017,-149.01788,TRUE,Human
60.5362,-150.829,5/18/2014 15:33,0.1,0.1,Campfire,0-25,Flat,0-500,Other,60.53616,-150.82939,TRUE,Human
61.5089,-149.749,5/18/2014 14:31,0.1,0.1,Equipment,0-25,Flat,0-500,Other,61.512795,-149.6776383,TRUE,Human
64.7742,-147.526,5/17/2014 17:31,0.1,0.1,Equipment,0-25,Flat,0-500,Other,64.7741667,-147.5256667,TRUE,Human
61.5433,-149.789,5/17/2014 16:22,0.1,0.1,Equipment,0-25,S,0-500,Other,61.5433,-149.7889333,TRUE,Human
64.909,-147.773,5/17/2014 15:55,0.1,0.1,Debris Burning,26-40,SE,501-1500,Other,64.909,-147.7726667,TRUE,Human
60.5604445,-151.1060556,5/17/2014 13:30,0.1,0.1,Human,0-25,Flat,0-500,Grass,60.5604333,-151.1060333,TRUE,Human
59.7235278,-151.3074722,5/17/2014 10:58,0.1,0.1,Human,0-25,Flat,0501-1500,Grass,59.7235167,-151.3074833,TRUE,Human
60.5203055,-145.7838889,5/17/2014 6:53,0.6,0.6,Human,0-25,Flat,0-500,Unknown,60.5203055,-145.7838889,TRUE,Human
61.60775,-149.4982778,5/16/2014 19:57,0.1,0.1,Human,0-25,Flat,0-500,Other,61.60775,-149.4982833,TRUE,Human
59.8066,-151.085,5/16/2014 19:02,0.1,1.5,Human,41-55,S,501-1500,Other,59.7916667,-151.0916667,TRUE,?
63.3225,-143.072,5/16/2014 17:37,0.1,0.1,Miscellaneous,0-25,NE,1501-2500,Other,63.32245,-143.0717,TRUE,Human
60.1387,-151.513,5/16/2014 16:38,0.1,0.1,Debris Burning,0-25,Flat,0-500,Other,60.1426533,-151.504515,TRUE,Human
61.583,-149.285,5/16/2014 16:38,0.1,0.1,Human,0-25,N,0-500,Other,61.5829067,-149.2887367,TRUE,?
59.4333,-154.75,5/16/2014 13:05,2,2,Human,0-25,SW,0-500,Other,59.9801667,-154.8391667,TRUE,?
63.3797222,-143.3709722,5/16/2014 10:13,0.1,0.1,Human,0-25,Flat,1501-2500,Other,63.3797283,-143.3709777,TRUE,Human
59.6422222,-151.4766667,5/16/2014 10:00,0.1,0.1,Human,0-25,Flat,0-500,Other,59.6422167,-151.4766667,TRUE,Human
61.6268,-149.823,5/16/2014 9:09,0.1,0.1,Campfire,0-25,Flat,0-500,Other,61.62675,-149.8238,TRUE,Human
64.6623,-146.986,5/15/2014 19:54,5,3.6,Miscellaneous,0-25,N,501-1500,Other,64.6533333,-146.9744444,TRUE,Human
58.3666667,-134.65,5/15/2014 19:11,0.1,0.1,Human,0-25,Flat,1501-2500,Grass,58.3666667,-134.65,TRUE,Human
61.5966,-149.687,5/15/2014 12:00,0.1,0.2,Debris Burning,0-25,Flat,0-500,Other,61.5955167,-149.704,TRUE,Human
64.051683,-145.426733,5/15/2014 7:01,0.1,0.1,Miscellaneous,0-25,Flat,1501-2500,Grass,64.0516833,-145.4267333,TRUE,Human
61.5638333,-148.9938333,5/14/2014 22:07,3,21.1,Human,0-25,Flat,0-500,Black Spruce,61.5850017,-149.01788,TRUE,Human
64.7926,-147.691,5/14/2014 20:48,0.1,0.1,Miscellaneous,0-25,Flat,0-500,Other,64.7991872,-147.7059947,TRUE,Human
60.4874,-150.993,5/14/2014 14:16,0.1,0.1,Debris Burning,0-25,Flat,0-500,Other,60.4873667,-150.9932,TRUE,Human
59.6398,-151.561,5/14/2014 12:47,0.1,0.1,Campfire,0-25,S,0-500,Other,59.64131,-151.5554033,TRUE,Human
63.3501389,-143.0198611,5/13/2014 17:17,0.1,0.1,Human,0-25,Flat,1501-2500,Other,63.3501333,-143.0198667,TRUE,Human
63.3329,-142.984,5/13/2014 16:25,0.1,0.1,Miscellaneous,0-25,SW,501-1500,Other,63.3328667,-142.98395,TRUE,Human
61.596,-149.249,5/13/2014 16:11,0.1,0.2,Debris Burning,0-25,Flat,0-500,Other,61.59811,-149.2528433,TRUE,Human
64.7459,-147.278,5/13/2014 14:25,0.1,0.1,Miscellaneous,0-25,S,0-500,Other,64.745915,-147.2777967,TRUE,Human
61.813,-145.097,5/13/2014 13:31,0.1,0.1,Debris Burning,0-25,NW,501-1500,Other,61.813,-145.0968333,TRUE,Human
64.0338611,-146.3178611,5/13/2014 12:39,0.1,23270,Human,0-25,Flat,0501-1500,Grass,64.0333333,-146.3068333,TRUE,Human
64.7633,-148.043,5/13/2014 7:33,0.1,0.1,Children,26-40,SW,501-1500,Other,64.7633167,-148.0428167,TRUE,Human
64.8259,-147.451,5/12/2014 21:20,0.1,0.1,Debris Burning,0-25,SE,0-500,Other,64.8259088,-147.4507886,TRUE,Human
64.8465,-147.9546667,5/12/2014 13:29,0.1,0.7,Human,0-25,Flat,0501-1500,Black Spruce,64.8514638,-147.9391656,TRUE,Human
61.6406,-149.618,5/12/2014 13:06,0.1,0.1,Debris Burning,0-25,Flat,0-500,Other,61.6406333,-149.61805,TRUE,Human
59.7992222,-151.1371945,5/12/2014 13:02,0.1,0.1,Human,0-25,Flat,0501-1500,Other,59.7992333,-151.1372,TRUE,Human
64.846,-147.992,5/12/2014 11:04,0.1,0.1,Incendiary,0-25,S,501-1500,Other,64.8460288,-147.991707,TRUE,Human
64.8027,-147.745,5/11/2014 19:06,0.1,0.1,Equipment,0-25,Flat,0-500,Other,64.80265,-147.7446833,TRUE,Human
64.8838,-147.242,5/11/2014 18:31,0.1,0.1,Debris Burning,0-25,W,0-500,Other,64.8838333,-147.2416667,TRUE,Human
60.5003,-151.126,5/11/2014 16:17,0.1,0.1,Campfire,0-25,SW,0-500,Other,60.5003,-151.1259833,TRUE,Human
59.639533,-151.55495,5/11/2014 15:28,0.1,0.1,Campfire,0-25,NE,0-500,Unknown,59.6395333,-151.55495,TRUE,Human
59.711183,-151.392233,5/11/2014 11:24,0.1,0.4,Human,0-25,Flat,501-1500,Grass,59.7103806,-151.3913111,TRUE,?
65.0843333,-147.7025,5/11/2014 11:24,1.5,1.6,Human,0-25,Flat,0501-1500,Grass,65.0843333,-147.7025,TRUE,Human
55.4767778,-133.1096111,5/11/2014 7:23,3,3,Human,0-25,West,0501-1500,Grass,55.4767778,-133.1096111,TRUE,Human
60.6813,-151.385,5/11/2014 5:31,0.2,0.2,Miscellaneous,0-25,Flat,0-500,Other,60.6812833,-151.3846167,TRUE,Human
59.73955,-151.75195,5/10/2014 19:33,0.1,0.1,Debris Burning,0-25,Flat,0-500,Grass,59.7219367,-151.7287267,TRUE,Human
64.7846,-147.273,5/10/2014 15:58,0.2,0.4,Debris Burning,0-25,NE,0-500,Other,64.77739,-147.2746667,TRUE,Human
60.5011944,-149.6714722,5/10/2014 7:44,0.1,0.1,Human,0-25,Flat,0501-1500,Grass,60.5011944,-149.6714722,TRUE,Human
64.8325,-147.728,5/9/2014 19:04,0.1,0.1,Children,0-25,Flat,0-500,Other,64.83253,-147.727613,TRUE,Human
64.8419,-147.75,5/9/2014 18:33,0.1,0.1,Incendiary,0-25,Flat,0-500,Other,64.842592,-147.75209,TRUE,Human
59.6816,-151.412,5/9/2014 12:35,0.1,0.1,Debris Burning,0-25,S,0-500,Other,59.6816333,-151.4118867,TRUE,Human
60.9296389,-149.5430556,5/9/2014 7:30,0.1,0.1,Human,0-25,North East,0-500,Grass,60.9296389,-149.5430556,TRUE,Human
61.103,-149.663,5/8/2014 19:22,0.1,0.7,Under Investigation,0-25,Flat,1501-2500,Other,61.1025,-149.6623333,TRUE,Human
58.3146389,-134.3755,5/8/2014 15:33,0.1,0.1,Human,26-40,South East,0501-1500,Mixed (Hardwoods/Softwoods),58.3146389,-134.3755,TRUE,Human
60.3826,-151.174,5/7/2014 21:00,0.1,0.1,Equipment,0-25,Flat,0-500,Other,60.3833333,-151.1766667,TRUE,Human
64.867883,-147.174,5/7/2014 20:06,0.5,0.7,Debris Burning,0-25,NE,501-1500,Grass,64.8661813,-147.1789402,TRUE,Human
64.0418,-145.728,5/7/2014 8:18,0.1,0.1,Incendiary,0-25,S,501-1500,Other,53,-148,TRUE,Human
61.7968889,-148.2674167,5/5/2014 21:48,0.1,0.1,Human,0-25,South,1501-2500,Grass,61.7969,-148.2674167,TRUE,Human
59.63645,-151.536767,5/5/2014 12:07,0.1,0.1,Campfire,0-25,Flat,0-500,Other,59.63645,-151.5367667,TRUE,Human
61.3666667,-149.6333333,5/5/2014 11:31,0.1,969,Prescribed,0-25,Flat,0-500,Grass,61.3666667,-149.6333333,TRUE,Prescribed
61.2166667,-149.6666667,5/5/2014 11:28,0.1,40,Prescribed,0-25,Flat,0501-1500,Grass,61.2166667,-149.6666667,TRUE,Prescribed
59.6372,-151.539,5/5/2014 11:26,0.1,0.1,Campfire,0-25,S,0-500,Unknown,59.6371667,-151.5388,TRUE,Human
61.2666667,-149.6,5/5/2014 10:50,0,94,Prescribed,0-25,North West,0501-1500,Grass,61.2666667,-149.6,TRUE,Prescribed
60.5632,-151.271,5/4/2014 19:01,0.1,0.1,Incendiary,0-25,W,0-500,Other,60.5631667,-151.2715,TRUE,Human
61.5594,-148.926,5/4/2014 16:22,0.1,0.1,Campfire,26-40,N,0-500,Other,61.5593833,-148.92555,TRUE,Human
60.295,-151.262,5/4/2014 16:18,0.1,0.1,Campfire,0-25,SE,0-500,Other,60.2950333,-151.2624667,TRUE,Human
61.5761,-148.976,5/4/2014 14:59,0.1,0.1,Campfire,0-25,Flat,0-500,Other,61.5760833,-148.9761167,TRUE,Human
61.64,-149.54,5/4/2014 14:36,0.5,0.5,Human,0-25,Flat,0-500,Mixed (Hardwoods/Softwoods),61.637685,-149.5335267,TRUE,Human
59.7584722,-151.2220833,5/4/2014 12:40,0.1,0.1,Human,0-25,Flat,1501-2500,Other,59.7584667,-151.2220833,TRUE,Human
57.4538611,-152.4433611,5/3/2014 18:52,0.3,0.3,Human,0-25,Flat,0-500,Grass,57.4538641,-152.4433443,TRUE,Human
63.9945,-146.4195,5/3/2014 18:45,0.1,50,Human,0-25,Flat,1501-2500,Other,64.05,-146.3833333,TRUE,Human
61.5361945,-149.6638333,5/3/2014 18:40,0.1,0.1,Human,0-25,Flat,0-500,Grass,61.5365083,-149.6649633,TRUE,Human
61.6967,-149.535,5/3/2014 17:15,0.2,0.7,Incendiary,0-25,SE,1501-2500,Other,61.6966667,-149.535,TRUE,Human
59.6362,-151.536,5/3/2014 16:24,0.1,0.1,Campfire,0-25,Flat,0-500,Other,59.6361833,-151.5359167,TRUE,Human
62.9453,-155.582,5/3/2014 16:13,0.1,0.1,Human,0-25,N,0-500,Other,62.9528333,-155.607,TRUE,?
57.4551,-152.442,5/3/2014 15:10,0.2,0.2,Miscellaneous,26-40,S,0-500,Other,57.4551387,-152.4422986,TRUE,Human
60.5162,-151.275,5/3/2014 12:50,0.1,0.1,Debris Burning,0-25,SE,0-500,Other,60.5162333,-151.2750667,TRUE,Human
64,-146.3333333,5/3/2014 12:40,0.1,56648,Prescribed,0-25,Flat,1501-2500,Grass,64,-146.3333333,TRUE,Prescribed
64.8244444,-147.7157778,5/3/2014 11:02,0.1,0.1,Human,0-25,Flat,0-500,Grass,64.824307,-147.716043,TRUE,Human
58.3333333,-134.6,5/3/2014 10:25,0.2,0.2,Human,0-25,Flat,0-500,Mixed (Hardwoods/Softwoods),58.3333333,-134.6,TRUE,Human
61.5318611,-149.8546667,5/2/2014 22:30,0.1,0.1,Human,0-25,Flat,0-500,Grass,61.5308067,-149.8642533,TRUE,Human
64.1194,-145.784,5/2/2014 20:51,0.5,0.5,Miscellaneous,0-25,Flat,1501-2500,Other,53,-148,TRUE,Human
64.7916111,-147.181,5/2/2014 17:19,10,35,Human,0-25,Flat,0-500,Grass,64.7916167,-147.1809833,TRUE,Human
64.089467,-145.97085,5/2/2014 17:14,0.1,2,Miscellaneous,0-25,Flat,1501-2500,Hardwoods,64.0741,-145.97435,TRUE,Human
61.6451,-149.022,5/2/2014 16:43,0.1,6.4,Miscellaneous,0-25,W,501-1500,Other,61.6427778,-149.0373639,TRUE,Human
60.4727,-151.173983,5/2/2014 16:11,0.1,0.1,Debris Burning,0-25,Flat,0-500,Other,60.4727,-151.1739833,TRUE,Human
61.596503,-149.404563,5/2/2014 15:56,0.1,0.1,Campfire,0-25,Flat,0-500,Mixed (Hardwoods/Softwoods),61.5965033,-149.4045633,TRUE,Human
64.136,-145.672,5/2/2014 13:26,0.5,2.8,Campfire,0-25,Flat,1501-2500,Other,64.0524667,-145.7352833,TRUE,Human
64.8208,-147.537,5/2/2014 12:57,0.1,0.1,Miscellaneous,0-25,SE,0-500,Other,64.8208317,-147.5371,TRUE,Human
59.877667,-151.139717,5/2/2014 12:05,0.1,9,Debris Burning,26-40,N,501-1500,Grass,59.8776667,-151.1397167,TRUE,Human
64.8497222,-147.7152222,5/2/2014 12:04,0.1,0.1,Human,0-25,Flat,0-500,Grass,64.849725,-147.7152056,TRUE,Human
60.4854,-151.07,5/1/2014 22:17,0.1,0.1,Incendiary,0-25,Flat,0-500,Other,60.4853833,-151.06995,TRUE,Human
63.9039,-149.063,5/1/2014 12:44,0.1,0.1,Equipment,0-25,E,501-1500,Other,63.9333333,-149.1166667,TRUE,Human
63.3205,-142.786,4/30/2014 20:07,0.1,0.4,Debris Burning,0-25,SE,1501-2500,Other,63.3205333,-142.7862167,TRUE,Human
64.6833333,-146.9666666,4/30/2014 19:32,0,230,Prescribed,0-25,Flat,0501-1500,Grass,64.6833333,-146.9666666,TRUE,Prescribed
64.840632,-147.746958,4/30/2014 17:47,0.1,0.1,Debris Burning,0-25,S,0-500,Grass,64.8406317,-147.7469583,TRUE,Human
59.6378055,-151.5398889,4/30/2014 16:51,0.1,0.1,Human,0-25,Flat,0-500,Unknown,59.6378,-151.5398833,TRUE,Human
59.8255556,-151.8194167,4/30/2014 15:44,0.1,0.1,Human,0-25,Flat,0-500,Grass,59.825,-151.8194444,TRUE,Human
59.753,-151.338,4/30/2014 13:50,0.5,0.6,Debris Burning,0-25,SW,501-1500,Other,59.7394333,-151.3374667,TRUE,Human
61.5126111,-149.0604444,4/29/2014 17:59,0.1,0.1,Human,0-25,Flat,0-500,Grass,61.5126167,-149.06045,TRUE,Human
64.8083333,-147.6555,4/29/2014 11:50,0.1,0.1,Human,0-25,Flat,0-500,Grass,64.6958333,-146.9808333,TRUE,Human
60.4833333,-149.9516667,4/28/2014 7:23,0.1,0.1,Human,0-25,Flat,0-500,Grass,60.4833333,-149.9516667,TRUE,Human
64.6958333,-146.9808333,4/27/2014 13:20,0.1,0.3,Human,0-25,Flat,0501-1500,Grass,64.6958333,-146.9808333,TRUE,Human
61.6129,-149.352,4/26/2014 14:59,0.1,0.8,Children,0-25,Flat,501-1500,Other,61.6129333,-149.3516,TRUE,Human
65.1461667,-149.2986667,4/26/2014 13:00,0.1,12,Human,0-25,Flat,0-500,Grass,65.1333333,-149.2833333,TRUE,Human
64.8133333,-147.6268889,4/26/2014 9:00,0,187,Prescribed,0-25,Flat,0-500,Grass,64.8133333,-147.6268889,TRUE,Prescribed
61.635,-149.362,4/25/2014 8:05,0.1,0.1,Miscellaneous,0-25,NW,501-1500,Other,61.635,-149.3616667,TRUE,Human
60.25,-151.3566111,4/24/2014 16:21,0.1,0.1,Human,0-25,Flat,0-500,Other,60.2501933,-151.3568117,TRUE,Human
61.5665,-149.323,4/24/2014 13:52,0.1,0.1,Debris Burning,0-25,Flat,0-500,Other,61.5665167,-149.3229,TRUE,Human
64.6958333,-146.9808333,4/20/2014 21:56,0.1,0.1,Human,0-25,Flat,0501-1500,Grass,64.6958333,-146.9808333,TRUE,Human
61.553,-149.308,4/20/2014 14:48,1,3.5,Debris Burning,76+,S,0-500,Other,61.5524883,-149.29941,TRUE,Human
59.645083,-151.570867,4/19/2014 15:50,0.1,0.5,Debris Burning,0-25,NE,0-500,Grass,59.6450833,-151.5708667,TRUE,Human
61.5798,-149.327,4/19/2014 11:27,0.1,0.1,Debris Burning,0-25,N,0-500,Other,61.5797833,-149.3274,TRUE,Human
61.6574166,-149.30375,4/17/2014 16:29,0.1,0.1,Human,0-25,Flat,0501-1500,Grass,61.6574167,-149.30375,TRUE,Human
60.496083,-151.126417,4/16/2014 12:53,0.1,0.1,Debris Burning,0-25,Flat,0-500,Other,60.4960833,-151.1264167,TRUE,Human
57,-133.3166667,4/15/2014 15:28,0.1,0.1,Human,0-25,Flat,0-500,Grass,57,-133.3166667,TRUE,Human
61.6028334,-149.1464722,4/14/2014 16:19,0.1,0.1,Human,0-25,Flat,0-500,Grass,61.5055417,-149.62054,TRUE,Human
61.5419,-149.412,4/14/2014 16:02,0.1,0.1,Miscellaneous,0-25,S,0-500,Other,61.5410483,-149.4128817,TRUE,Human
61.5705278,-149.4153056,4/12/2014 17:46,0.1,0.1,Human,0-25,Flat,0-500,Black Spruce,61.5705383,-149.4153183,TRUE,Human
57.8395,-152.422,4/10/2014 16:29,0.3,0.3,Miscellaneous,41-55,S,0-500,Other,57.8394683,-152.42225,TRUE,Human
65.0269444,-141.2491667,4/10/2014 15:59,0.1,6,Lightning,0-25,West,1501-2500,Black Spruce,65.1938889,-159.2491667,TRUE,Natural
60.4852,-150.951,4/10/2014 15:43,0.1,0.1,Debris Burning,0-25,S,0-500,Other,60.4852167,-150.9506333,TRUE,Human
59.721667,-151.324883,4/10/2014 14:10,0.1,0.3,Debris Burning,0-25,Flat,501-1500,Grass,59.7224333,-151.3201583,TRUE,Human
59.6458889,-151.5984444,4/9/2014 10:03,0.1,0.1,Human,0-25,Flat,0-500,Grass,59.6459,-151.5984333,TRUE,Human
59.6651,-151.516,4/8/2014 16:50,0.1,0.1,Debris Burning,0-25,S,501-1500,Other,59.6651333,-151.5163167,TRUE,Human
63.8458333,-145.9166667,4/7/2014 15:44,0,136,Prescribed,0-25,Flat,1501-2500,Black Spruce,63.8458333,-145.9166667,TRUE,Prescribed
63.9333333,-145.6,4/7/2014 15:36,0,1243,Prescribed,0-25,Flat,0501-1500,Black Spruce,63.9333333,-145.6,TRUE,Prescribed
59.6634722,-151.5223611,4/4/2014 14:08,0.1,0.1,Human,0-25,South,0501-1500,Other,59.6634667,-151.5223667,TRUE,Human
61.6386,-149.072,4/4/2014 6:20,0.1,0.1,Miscellaneous,0-25,E,501-1500,Other,61.6386,-149.0723833,TRUE,Human
59.7409722,-151.2474722,4/3/2014 15:41,0.1,0.1,Human,0-25,South East,0501-1500,Other,59.7333333,-151.25,TRUE,Human
63.9833333,-145.75,4/2/2014 14:12,0,44.6,Prescribed,0-25,Flat,0501-1500,Black Spruce,63.9833333,-145.75,TRUE,Prescribed
59.8094,-151.617,4/1/2014 12:00,0.1,0.1,Human,0-25,Flat,501-1500,Other,59.8094,-151.6169667,TRUE,?
61.5904,-149.277,3/29/2014 19:00,0.1,0.3,Debris Burning,0-25,SW,0-500,Other,61.5904167,-149.2765667,TRUE,Human
59.6360278,-151.5335556,3/27/2014 15:10,0.1,0.1,Human,0-25,Flat,0-500,Other,59.6360167,-151.53355,TRUE,Human
59.2061111,-135.4397222,3/25/2014 12:38,1.5,1.5,Human,0-25,Flat,0-500,Grass,59.2061167,-135.4397167,TRUE,Human
64.0146944,-145.5304722,3/23/2014 14:50,0.1,0.1,Human,0-25,Flat,0501-1500,Hardwoods,64.0311667,-145.5208333,TRUE,Human
63.979583,-145.5517,3/13/2014 13:06,4,3,Debris Burning,0-25,Flat,501-1500,Grass,53,-148,TRUE,Human
61.605027,-149.199118,2/9/2014 22:30,0.3,0.3,Miscellaneous,0-25,SE,0-500,Unknown,53,-148,TRUE,Human
