ESTIMATEDTOTALACRES,ORIGINSLOPE,ORIGINASPECT,ORIGINELEVATION,SPRUCE,MUNDRA,GRASS,BRUSH,HARD,LEAF,UNKNOWN,OTHER
0.5,0-25,Flat,0501-1500,1,,,,,,,
0.1,0-25,Flat,0501-1500,,1,,,,,,
0.1,0-25,Flat,0-500,1,,,,,,,
0.1,0-25,Flat,0-500,,,,,,1,,
0.3,0-25,South East,0501-1500,1,,,,,,,
0.1,0-25,Flat,0-500,,,1,,,,,
0.1,0-25,Flat,1501-2500,,,,,,1,,
1.5,0-25,Flat,0501-1500,1,,,,,,,
0,0-25,Flat,1501-2500,,,,,,1,,
0.1,0-25,Flat,0-500,,,,,,,,1
0.1,0-25,Flat,0-500,1,,,,,1,,
0.1,0-25,Flat,0-500,,,,,,1,,
0.1,0-25,Flat,1501-2500,1,,,,,,,
0.3,0-25,Flat,1501-2500,1,,,,,,,
0.1,0-25,Flat,0501-1500,,,,,1,,,
0.1,0-25,Flat,3501-4500,1,,,,,,,
0.3,0-25,North East,0-500,,,,,,,,1
0.8,0-25,Flat,0501-1500,1,1,1,,,,,
0.1,0-25,Flat,1501-2500,1,,,,,,,
0.1,0-25,Flat,0501-1500,1,,,,,,,
0.1,0-25,Flat,0501-1500,,,,,1,,,
0.1,0-25,Flat,0-500,,,,1,,,,
0.5,0-25,Flat,1501-2500,1,,,,,,,
0.1,0-25,Flat,0501-1500,,,1,,,,,
0.3,0-25,Flat,1501-2500,,,,,1,,,
0,0-25,South,2501-3500,1,,,,,,,
0.1,0-25,Flat,0-500,,,,,,,,1
0,0-25,Flat,0-500,,,,,,1,,
96.5,0-25,Flat,0-500,,1,,,1,,,
0.3,0-25,Flat,0501-1500,1,,,,1,,,
0.1,0-25,Flat,0501-1500,1,,,,,,,
19981.7,0-25,South West,1501-2500,1,,,,1,,,
0.1,0-25,Flat,0-500,,,1,,1,,,
1,0-25,East,1501-2500,,,,,,,,1
0.1,0-25,Flat,1501-2500,,,,,1,,,
0.1,0-25,Flat,1501-2500,1,1,,,,,,
0.1,0-25,Flat,0-500,,,1,,,,,
0.2,0-25,Flat,0501-1500,,,,1,1,,,
0.1,0-25,Flat,1501-2500,,,,,,,,1
0.1,0-25,Flat,0-500,,,,,,,,1
0.1,0-25,Flat,0-500,,,,,,1,,
0.1,0-25,Flat,0-500,1,,1,,,,,
0.1,0-25,Flat,0-500,,,,,,,,1
0.1,0-25,West,0-500,,,,,,1,,
0.1,0-25,North East,0-500,,1,,,,,,
0.5,0-25,Flat,0501-1500,1,,,,,,,
0.1,0-25,Flat,0-500,,,,,,1,,
0.1,0-25,Flat,1501-2500,,,1,,,,,
0.2,0-25,South,1501-2500,,,,,1,1,,
0.1,0-25,Flat,0-500,1,1,,,,,,
0.1,0-25,Flat,0501-1500,,,1,,,,,
0.1,0-25,Flat,0-500,1,1,,,,,,
0.3,0-25,Flat,0-500,1,,,1,,,,
0.1,0-25,Flat,0-500,,1,,,,,,
0.1,0-25,Flat,0-500,,,1,1,,,,
1.3,0-25,Flat,0-500,1,,,,1,,,
0.1,0-25,Flat,0-500,,,1,1,,,,
0.1,0-25,Flat,0-500,1,,1,,,,,
0.2,0-25,Flat,0-500,1,,1,1,,,,
0.1,0-25,Flat,0-500,,1,1,,,,,
7,0-25,East,1501-2500,1,,,,,,,
0.1,0-25,Flat,0-500,,,1,,,,,
0.1,0-25,South East,1501-2500,,,,,1,,,
0.1,0-25,Flat,0-500,,,,,1,,,
0.1,0-25,Flat,0-500,,,1,1,1,,,
35.2,0-25,Flat,0-500,1,,,,,,,
0.1,0-25,Flat,0-500,,,1,,,,,
1,0-25,West,0501-1500,1,,,,1,,,
0.1,0-25,Flat,0-500,,,,,,,,1
0.1,0-25,Flat,0501-1500,,,,,,1,,
1,0-25,Flat,0-500,1,,,,1,,,
0.1,0-25,Flat,0-500,,,,,,,,1
0.1,0-25,Flat,0-500,,,1,,,,,
0.1,0-25,Flat,0-500,,,1,,,,,
1261.1,0-25,South East,1501-2500,1,,,,,,,
532,0-25,South West,2501-3500,1,,,,,,,
1157.2,0-25,Flat,2501-3500,1,,,,,,,
0.1,0-25,Flat,0501-1500,,,1,,,1,,
0.1,0-25,Flat,1501-2500,1,,,,,,,
29611.8,0-25,South West,1501-2500,1,1,,,,,,
6538.3,0-25,Flat,1501-2500,1,,,,1,,,
0,0-25,Flat,0-500,,,1,,,,,
56.4,0-25,Flat,2501-3500,1,,,,1,,,
2708.5,0-25,North East,0501-1500,1,1,,,,,,
0.1,0-25,Flat,0501-1500,,,,,,,,1
0.1,0-25,Flat,0501-1500,1,,,,1,,,
0.1,0-25,Flat,0-500,1,,,,1,,,
1080.3,0-25,Flat,0-500,,1,,,,,,
155.8,0-25,Flat,0-500,,1,,,,,,
0.1,0-25,East,0501-1500,1,,,,,,,
2760.1,0-25,Flat,0501-1500,,1,,,,,,
0.1,0-25,Flat,0-500,,,1,,,1,,
0.1,0-25,South West,0501-1500,,,1,,,1,,
1.3,0-25,Flat,0501-1500,1,,,,,,,
0.1,0-25,North East,1501-2500,1,,,,1,,,
0.2,0-25,Flat,0501-1500,1,,,,1,,,
10.6,0-25,Flat,0-500,,,,,,,,1
0.3,0-25,Flat,1501-2500,1,,,,,,,
0.4,0-25,Flat,0501-1500,1,,,,1,,,
0,0-25,Flat,0-500,,,,,,,,1
1.3,0-25,Flat,0-500,1,,,,,,,
0.1,0-25,Flat,0-500,,,,,1,,,
0.1,0-25,Flat,0501-1500,,,1,,,,,
0.1,0-25,Flat,0-500,1,,,,,,,
0.1,0-25,Flat,0501-1500,1,,,,1,,,
0.1,0-25,Flat,0-500,,,,,1,,,
1551.2,0-25,East,1501-2500,1,,,,,,,
0.1,0-25,Flat,0-500,,,,,1,,,
0.1,0-25,Flat,0-500,1,,,,,,,
50.6,0-25,Flat,0501-1500,1,1,,,,,,
0.1,0-25,Flat,0-500,,,1,,,,,
0.1,0-25,Flat,0-500,,,1,,,,,
1223,0-25,South East,0501-1500,,,,,,,,1
0.1,0-25,Flat,1501-2500,1,,,,1,,,
1,0-25,Flat,0501-1500,1,,,,,,,
91.2,0-25,South East,0501-1500,1,,,,1,,,
0.1,0-25,Flat,0501-1500,1,,,,1,,,
0.1,0-25,Flat,0-500,,,1,1,,,,
0.1,0-25,Flat,0-500,,,1,,,,,
2,0-25,Flat,0-500,,1,,,,,,
30.5,0-25,West,0501-1500,1,,,,,,,
4272.6,0-25,Flat,0-500,1,,,,,,,
72.3,0-25,Flat,0-500,1,1,,,,,,
7990.7,0-25,Flat,0-500,,1,1,,,,,
4430,0-25,Flat,0501-1500,1,,,,,,,
127.9,0-25,North West,0501-1500,,,,,1,,,
6576.6,0-25,Flat,0501-1500,1,,,,,,,
0.1,0-25,Flat,0501-1500,,,1,,,,,
1,0-25,Flat,0-500,1,,,,,,,
1000.5,0-25,Flat,0-500,,,,1,,,,
1390.3,0-25,Flat,0501-1500,,1,1,,,,,
1894,0-25,East,0501-1500,,1,,,,,,
69.8,0-25,Flat,0-500,1,1,,,,,,
0.1,0-25,Flat,0-500,,,1,,1,,,
644.2,0-25,Flat,0-500,,1,,,,,,
0.1,0-25,Flat,0501-1500,1,,,,,,,
61.4,0-25,Flat,0501-1500,1,1,,,,,,
0.1,0-25,Flat,0-500,,,1,,,,,
39.5,0-25,Flat,0501-1500,1,1,,,1,,,
25.7,0-25,Flat,0-500,1,,,,,,,
4933.9,0-25,Flat,0501-1500,,1,,,,,,
1.5,0-25,Flat,0-500,1,,,,,,,
0.1,0-25,Flat,0-500,,,1,,,,,
0.1,0-25,Flat,0501-1500,,,,1,,,,
0.1,0-25,Flat,0-500,,,1,,,,,
0.1,0-25,Flat,0-500,,,1,,,,,
0.1,0-25,Flat,0-500,,,1,1,,,,
0.1,0-25,Flat,0501-1500,1,,,,,,,
0.1,0-25,Flat,0-500,,,1,,,,,
0.1,0-25,Flat,0501-1500,,,1,1,,,,
0.1,0-25,Flat,0-500,1,,1,,,,,
0.1,0-25,Flat,0-500,,,,,,,,1
0.9,0-25,Flat,0-500,1,,,,,,,
0.1,0-25,Flat,0-500,,,1,,,,,
0.1,0-25,Flat,0501-1500,,,1,,,,,
0.1,0-25,Flat,0-500,,,1,,,,,
0.1,0-25,Flat,0-500,,,1,,,,,
0.1,0-25,South East,0-500,,,,,,,,1
0.1,0-25,Flat,0-500,,,,,,,,1
0.1,0-25,Flat,2501-3500,,,1,,,,,
0.1,0-25,Flat,2501-3500,,,1,,,,,
0.1,0-25,Flat,0501-1500,,,1,,,,,
0.1,0-25,Flat,0-500,,,,1,1,,,
0.1,0-25,Flat,1501-2500,,,,,,,,1
0.3,0-25,Flat,0-500,,,1,1,,,,
0.1,0-25,Flat,0-500,,,,,1,,,
0.3,0-25,Flat,0501-1500,1,,,,1,,,
0.1,0-25,Flat,0501-1500,1,1,,,1,,,
0.1,0-25,South East,1501-2500,,1,,,,,,
0.1,0-25,Flat,0501-1500,,,,,,,,1
0.1,0-25,Flat,1501-2500,,,,,,,,1
0.3,0-25,Flat,1501-2500,1,,,,,,,
140.2,26-40,South,1501-2500,1,,1,,,,,
0,0-25,Flat,0501-1500,,,1,1,,,,
0,0-25,Flat,0-500,,,1,,,,,
0.1,0-25,Flat,0-500,,,,,,,,1
0.3,0-25,East,0501-1500,,,1,,,1,,
0.1,0-25,Flat,0-500,1,,,,,,,
0.1,0-25,Flat,1501-2500,,,1,,,,,
0.1,0-25,Flat,0-500,,,1,,,,,
0.1,0-25,Flat,0-500,,,1,,,,,
0.3,0-25,Flat,0-500,,,1,1,,,,
0.1,0-25,Flat,0-500,,,1,,,1,,
0.1,0-25,South,0501-1500,,,1,,,,,
0.1,0-25,Flat,0-500,1,,1,,,,,
180.7,0-25,Flat,1501-2500,,,1,,,,,
0.1,0-25,South West,1501-2500,,,,1,,,,
0.7,0-25,Flat,0501-1500,,,1,,,,,
0.1,0-25,Flat,0-500,,,1,,,,,
0.1,0-25,Flat,0501-1500,,,,,,,,1
3953.9,0-25,North East,1501-2500,,,1,,,,,
0.5,0-25,Flat,0501-1500,,,1,,,,,
0.2,0-25,Flat,0-500,,,1,,,,,
0.9,0-25,Flat,0501-1500,,,1,,,,,
0.1,0-25,Flat,1501-2500,,,,,,,,1
0.1,0-25,Flat,1501-2500,,,,,,,,1
0.1,0-25,Flat,0501-1500,,,1,,,,,
0.1,0-25,Flat,0-500,,,,,,,,1
0.1,0-25,Flat,0-500,,,1,,,,,
1.4,0-25,Flat,0-500,,,1,,,,,
0.1,0-25,Flat,0-500,,,1,,,,,
0.1,0-25,Flat,0-500,,,1,,,,,
0.1,0-25,Flat,0-500,,,1,1,,,,
0.3,0-25,East,0-500,,,1,,,,,
0.2,0-25,Flat,0-500,,,1,,,,,
226.5,0-25,Flat,0-500,,,,,,,,1
1,0-25,Flat,0-500,,,1,,,,,
0.1,0-25,Flat,0-500,,,1,,,,,
0.1,0-25,Flat,0-500,,,1,,,,,
0.1,0-25,Flat,0-500,,,1,,,,,1
0.1,0-25,Flat,0-500,,,,1,,,,
0.1,0-25,Flat,0-500,,,1,,,,,
0.1,0-25,Flat,0501-1500,,,1,,,,,
0.1,0-25,Flat,0-500,,,1,,,1,,
0.8,0-25,Flat,0-500,1,,1,1,,,,
0.1,0-25,Flat,0-500,,,1,,1,,,
0.1,0-25,Flat,0501-1500,,,1,,,,,
0.1,0-25,South East,0501-1500,,,1,,,,,
0.1,0-25,Flat,0-500,,,,1,1,,,
0.1,0-25,Flat,0501-1500,,,1,1,,,,
0.1,0-25,Flat,1501-2500,,,1,,,,,
0.1,0-25,Flat,0501-1500,1,,1,,,,,
0.5,0-25,Flat,0501-1500,,,1,1,,,,
0.4,0-25,Flat,0-500,,,1,1,,,,
1,0-25,Flat,0-500,1,,,,,,,
0.1,0-25,Flat,0-500,,,,,,,,1
0.1,0-25,Flat,0-500,,,,,,,,1
0.1,0-25,Flat,0501-1500,,,1,,,,,
0.1,0-25,Flat,1501-2500,,,,,,,,1
0.1,0-25,Flat,0-500,,,,1,,,,
0.1,0-25,Flat,0501-1500,,,,,1,,,
24,Unknown,Unknown,Unknown,,,,,,,1,
0.1,0-25,E,501-1500,,,,,,,1,
0.1,0-25,SE,1501-2500,1,,,,,,,
0.1,0-25,NW,0-500,,,1,,,,,
0.2,0-25,SW,501-1500,,,1,,,,,
1,0-25,W,1501-2500,,,,,,,1,
0.1,Unknown,Unknown,Unknown,,,,,,,1,
0.1,0-25,SW,0-500,1,,,,,,,
0.1,0-25,NW,501-1500,,,1,,,,,
0.1,0-25,SE,0-500,,,,,1,,,
0.1,0-25,N,0-500,,,1,,,,,
0.1,0-25,E,501-1500,1,,,,,,,
0.1,0-25,NW,501-1500,1,,,,,,,
0.1,0-25,SE,501-1500,,,,,,,1,
1,0-25,S,2501-3500,1,,,,,,,
0.1,0-25,W,501-1500,,,1,,,,,
0.1,0-25,NE,501-1500,1,,,,,,,
0.1,0-25,W,501-1500,1,,,,,,,
0.1,0-25,N,501-1500,1,,,,,,,
0.1,0-25,N,1501-2500,1,,,,,,,
0.1,0-25,NW,1501-2500,1,,,,,,,
0.1,0-25,W,1501-2500,1,,,,,,,
0.1,0-25,NE,1501-2500,1,,,,,,,
0.1,0-25,N,1501-2500,1,,,,,,,
0.1,0-25,N,1501-2500,1,,,,,,,
0.1,0-25,NW,1501-2500,1,,,,,,,
0.1,0-25,NE,1501-2500,1,,,,,,,
0.1,0-25,N,0-500,,,,,,,1,
0.1,0-25,SE,0-500,1,,,,,,,
0.1,0-25,Flat,Unknown,,,1,,,,,
0.1,0-25,E,0-500,,,,,,,,1
58,Unknown,Unknown,Unknown,,,,,,,1,
0.2,0-25,NW,1501-2500,1,,,,,,,
0.1,Unknown,Unknown,Unknown,,,,,,,1,
0.1,0-25,Flat,501-1500,,,,,1,,,
143.5,0-25,Flat,0501-1500,,,,1,,,,
0.1,0-25,E,501-1500,,,,,1,,,
0.1,26-40,E,1501-2500,,,,,,,,1
0.1,0-25,S,0-500,1,,,,,,,
85,0-25,SW,2501-3500,,,,,1,,,
0.1,0-25,E,501-1500,,,,,1,,,
653,0-25,S,1501-2500,1,,,,,,,
5,0-25,E,1501-2500,1,,,,,,,
0.1,0-25,S,501-1500,,,,,1,,,
0.8,0-25,SW,1501-2500,,,,,1,,,
1403.3,0-25,East,2501-3500,1,,,,,,,
0.5,0-25,NW,501-1500,,,,,1,,,
3786.2,0-25,W,0-500,,,,,1,,,
0.1,0-25,E,501-1500,,,1,,,,,
1.3,0-25,NW,501-1500,,,,,1,,,
0.1,0-25,SW,0-500,1,,,,,,,
0.1,0-25,NE,2501-3500,,,,,1,,,
2.7,Unknown,Flat,2501-3500,1,,,,,,,
0.1,0-25,N,501-1500,1,,,,,,,
0.1,0-25,S,1501-2500,,,1,,,,,
41.6,0-25,NE,1501-2500,1,,,,,,,
0.1,0-25,SW,1501-2500,,,1,,,,,
0.5,0-25,E,1501-2500,,,,,1,,,
0.2,0-25,W,501-1500,1,,,,,,,
6720,0-25,W,1501-2500,,,,,1,,,
0.1,0-25,S,1501-2500,1,,,,,,,
9316,0-25,NE,1501-2500,,,,,1,,,
1.5,0-25,N,1501-2500,1,,,,,,,
0.2,0-25,N,1501-2500,1,,,,,,,
39.3,0-25,E,501-1500,,,,,1,,,
0.1,0-25,SE,501-1500,,,1,,,,,
0.2,0-25,E,501-1500,1,,,,,,,
33893.4,0-25,S,1501-2500,1,,,,,,,
1409.8,0-25,SW,501-1500,1,,,,,,,
7603.3,0-25,SW,1501-2500,1,,,,,,,
2,0-25,SE,1501-2500,1,,,,,,,
9,0-25,SE,1501-2500,1,,,,,,,
8.7,0-25,NW,501-1500,1,,,,,,,
1,0-25,NE,2501-3500,,,,,1,,,
0.2,0-25,NE,501-1500,1,,,,,,,
16.9,0-25,NW,501-1500,,,,,1,,,
1860.2,0-25,North West,1501-2500,1,,,,,,,
0.1,0-25,W,3501-4500,1,,,,,,,
0.2,0-25,NW,501-1500,1,,,,,,,
129.7,0-25,W,1501-2500,,,,,1,,,
33.6,0-25,S,501-1500,,,,,1,,,
168.4,0-25,SW,1501-2500,,,1,,,,,
506.2,0-25,W,1501-2500,,,,,1,,,
8858,0-25,NW,0-500,1,,,,,,,
2,0-25,NW,501-1500,,,,,1,,,
0.2,0-25,NE,1501-2500,1,,,,,,,
0.2,0-25,SW,501-1500,,,,,1,,,
0.1,0-25,S,501-1500,1,,,,,,,
210,0-25,Flat,1501-2500,,1,,1,,,,
,0-25,East,0501-1500,,1,1,,,,,
,0-25,Flat,0-500,1,,,,,,,
,0-25,Flat,0-500,1,,,,,,,
68.1,0-25,E,501-1500,1,,,,,,,
13.9,0-25,Flat,1501-2500,1,1,,,,,,
310.2,0-25,Flat,0-500,,1,1,,,,,
54,0-25,E,1501-2500,1,,,,,,,
2,0-25,NE,1501-2500,1,,,,,,,
54,0-25,E,1501-2500,,,,,1,,,
1.1,0-25,North,1501-2500,,1,,,,,,
9,0-25,NE,1501-2500,,,,,1,,,
889.1,0-25,E,1501-2500,,,,,1,,,
138.1,0-25,North East,1501-2500,,1,,,,,,
0.1,0-25,S,501-1500,,,,,,,1,
13792,0-25,W,501-1500,,,,,1,,,
4963.2,0-25,W,501-1500,,,,,1,,,
48792.1,0-25,SE,501-1500,,,1,,,,,
76.2,0-25,Flat,1501-2500,1,,,,1,,,
0.5,0-25,NW,501-1500,,,,,1,,,
0.1,0-25,S,1501-2500,,,,,1,,,
0.1,0-25,NE,0-500,,,,,1,,,
0.1,0-25,W,0-500,,,1,,,,,
0.1,0-25,Flat,Unknown,1,,,,,,,
0.1,0-25,SE,501-1500,1,,,,,,,
0.1,0-25,SE,0-500,,,1,,,,,
0.1,0-25,W,0-500,,,1,,,,,
0.1,Unknown,Unknown,Unknown,,,,,,,1,
0.2,0-25,NE,501-1500,,,,,1,,,
0.1,Unknown,Unknown,Unknown,,,,,,,1,
0.1,41-55,E,501-1500,,,,,1,,,
0.1,0-25,NE,501-1500,,,1,,,,,
0.1,0-25,SE,1501-2500,,,,,1,,,
0.1,0-25,E,2501-3500,,,1,,,,,
0.1,0-25,Unknown,501-1500,,,,,,,,1
1.3,0-25,SW,1501-2500,1,,,,,,,
0.1,0-25,E,501-1500,,,1,,,,,
85.2,0-25,NW,1501-2500,,,1,,,,,
0.1,0-25,E,0-500,,,1,,,,,
0.2,0-25,W,501-1500,,,,,1,,,
0.3,0-25,NE,501-1500,,,,,1,,,
0.2,0-25,SW,1501-2500,1,,,,,,,
0.2,76+,S,2501-3500,,,,,1,,,
41.6,0-25,S,501-1500,,,,,1,,,
0.1,0-25,N,0-500,,,1,,,,,
0.1,0-25,W,0-500,,,,,,,,1
0.1,0-25,W,501-1500,,,,,1,,,
0.1,0-25,E,501-1500,,,1,,,,,
1.2,0-25,Flat,501-1500,1,,,,,,,
0.3,0-25,W,0-500,1,,,,,,,
0.1,0-25,SE,0-500,,,,,,,,1
507.9,0-25,NW,1501-2500,1,,,,,,,
0.1,0-25,S,0-500,,,,,,,,1
0.1,0-25,S,0-500,,,,,1,,,
0.1,0-25,NW,501-1500,,,,,1,,,
0.1,0-25,NW,0-500,,,1,,,,,
0.1,Unknown,Unknown,Unknown,,,,,,,1,
0.1,0-25,W,0-500,,,,,1,,,
0.1,0-25,NE,0-500,1,,,,,,,
0.1,0-25,SW,501-1500,,,1,,,,,
0.1,0-25,W,0-500,,,,,,,,1
0.1,0-25,W,501-1500,1,,,,,,,
0.1,0-25,NE,1501-2500,1,,,,,,,
0.1,0-25,S,2501-3500,1,,,,,,,
249.5,0-25,SW,1501-2500,1,,,,,,,
0.1,26-40,NE,0-500,,,,,1,,,
0.1,0-25,NE,1501-2500,1,,,,,,,
246.2,0-25,E,1501-2500,,,,,1,,,
0.1,Unknown,Unknown,Unknown,,,,,,,1,
0.1,0-25,SE,501-1500,,,,,1,,,
27.6,0-25,NE,1501-2500,,,,,1,,,
1.5,0-25,NE,501-1500,,,1,,,,,
0.1,0-25,E,501-1500,1,,,,,,,
0.1,0-25,S,1501-2500,,,1,,,,,
0.1,0-25,SE,0-500,,,,,1,,,
0.1,0-25,E,501-1500,,,1,,,,,
0.1,0-25,S,501-1500,,,1,,,,,
11.3,0-25,SE,501-1500,1,,,,,,,
1.3,0-25,NW,501-1500,1,,,,,,,
1.7,0-25,Flat,0-500,,,1,,,,,
13,0-25,N,0-500,,,,,,,,1
0.1,0-25,NE,1501-2500,,,1,,,,,
0,Unknown,Unknown,Unknown,,,,,,,1,
0.1,0-25,SE,501-1500,,,,,1,,,
0.1,0-25,Flat,Unknown,,,1,,,,,
0.1,0-25,N,0-500,,,1,,,,,
0.1,0-25,E,0-500,,,,,,,,1
0.1,0-25,N,501-1500,,,1,,,,,
0.1,Unknown,Unknown,Unknown,,,,,,,1,
0.2,0-25,Flat,0-500,,,1,,,,,
0.1,0-25,Flat,Unknown,,,,,,,,1
19.8,0-25,E,3501-4500,,,,,1,,,
0.8,0-25,SE,501-1500,1,,,,,,,
1,0-25,N,0-500,1,,,,,,,
0.1,0-25,E,0-500,,,1,,,,,
1.3,0-25,SW,501-1500,1,,,,,,,
0.1,0-25,S,0-500,,,1,,,,,
0.1,0-25,S,1501-2500,,,1,,,,,
0.1,0-25,NW,0-500,,,1,,,,,
0.1,0-25,E,0-500,,,1,,,,,
0.1,0-25,S,0-500,,,1,,,,,
0.1,0-25,S,501-1500,,,1,,,,,
1,Unknown,Unknown,Unknown,,,,,,,1,
0.1,0-25,S,0-500,,,1,,,,,
1.6,0-25,Flat,0-500,1,,,,,,,
0.1,0-25,SW,0-500,,,,,1,,,
0.1,0-25,N,0-500,1,,,,,,,
2.4,0-25,E,0-500,,,1,,,,,
0.1,0-25,NW,0-500,,,,,,,,1
0.1,0-25,Flat,0-500,,,1,,,,,
0.1,0-25,SE,0-500,,,,,,,,1
0.1,0-25,SE,0-500,,,1,,,,,
0.3,0-25,SW,0-500,,,1,,,,,
310.1,0-25,NE,501-1500,1,,,,,,,
0.1,0-25,Flat,0-500,,,1,,,,,
0.1,0-25,Flat,0-500,,,1,,,,,
0.1,0-25,S,501-1500,,,1,,,,,
0.1,0-25,Flat,0-500,,,1,,,,,
0.1,0-25,W,501-1500,,,1,,,,,
0.2,0-25,W,501-1500,,,,,1,,,
0.1,0-25,Flat,0-500,,,,,1,,,
0.1,0-25,Flat,0-500,,,,,1,,,
0.2,0-25,W,501-1500,,,,,1,,,
0.1,Unknown,Unknown,Unknown,,,,,,,,1
0.1,0-25,N,501-1500,,,,,1,,,
0.7,0-25,W,0-500,,,1,,,,,
0.8,0-25,SW,0-500,,,1,,,,,
9.6,Unknown,Unknown,Unknown,,,1,,,,,
0.1,0-25,Flat,0-500,,,1,,,,,
0.1,0-25,SE,0-500,,,,,1,,,
0.3,0-25,W,0-500,,,,,1,,,
0.1,Unknown,Flat,Unknown,,,,,,,,1
0.2,0-25,Flat,0-500,,,1,,,,,
0.3,0-25,Flat,0-500,,,1,,,,,
0.2,0-25,Flat,0-500,,,1,,,,,
0.1,41-55,S,2501-3500,,,,,,,,1
0.1,0-25,Flat,0-500,,,1,,,,,
0.1,0-25,Flat,0-500,,,1,,,,,
0.1,0-25,S,0-500,,,1,,,,,
0.1,0-25,W,0-500,,,1,,,,,
0.1,0-25,NE,0-500,,,1,,,,,
0.3,0-25,N,0-500,,,1,,,,,
5,Unknown,Unknown,Unknown,,,,,,,1,
1,0-25,NE,0-500,,,1,,,,,
0.1,0-25,NW,0-500,,,,,,,,1
917.9,0-25,NE,501-1500,,,,,,,1,
1.2,0-25,SE,0-500,,,1,,,,,
0.1,0-25,W,501-1500,,,1,,,,,
0.1,0-25,E,0-500,,,1,,,,,
0.1,Unknown,Unknown,Unknown,,,1,,,,,
4.5,26-40,S,501-1500,1,,,,,,,
9.5,Unknown,Unknown,Unknown,,,,,,,1,
0.1,0-25,SE,0-500,,,1,,,,,
1.9,0-25,SE,0-500,,,1,,,,,
21.8,0-25,SE,0-500,,,,,,,1,
0.1,0-25,N,501-1500,,,1,,,,,
0.1,0-25,SE,0-500,,,1,,,,,
0.2,0-25,SW,0-500,,,1,,,,,
0.1,0-25,SE,3501-4500,,,1,,,,,
0.1,0-25,NW,0-500,,,1,,,,,
0.1,0-25,N,0-500,,,1,,,,,
0.4,0-25,SE,0-500,,,1,,,,,
0.1,0-25,SW,0-500,,,1,,,,,
0.1,0-25,E,0-500,1,,,,,,,
0.1,0-25,NE,0-500,,,1,,,,,
0.1,0-25,S,0-500,,,1,,,,,
11,0-25,N,501-1500,,,,,,,1,
11.9,Unknown,Unknown,Unknown,,,,,,,1,
0.1,0-25,W,501-1500,,,,,,,1,
0.5,0-25,SE,0-500,,,1,,,,,
0,Unknown,Unknown,Unknown,,,,,,,1,
0.1,Unknown,Unknown,Unknown,,,,,1,,,
0.1,Unknown,Unknown,Unknown,,,,,1,,,
1,Unknown,Unknown,Unknown,,,,,,,1,
0,Unknown,Unknown,Unknown,,,,,,,1,
1,Unknown,Unknown,Unknown,,,,,,,1,
106.2,0-25,W,501-1500,,,,,1,,,
0.1,0-25,Flat,0-500,,,,,1,,,
1,0-25,NE,1501-2500,,,,,,,1,
0.1,Unknown,Unknown,Unknown,,,,,,,,1
0.1,0-25,E,2501-3500,,,,,1,,,
0.1,0-25,NE,0-500,,,,,1,,,
0.1,Unknown,Flat,Unknown,,,,,1,,,
0.1,0-25,NE,501-1500,,,1,,,,,
0.1,0-25,E,501-1500,,,,,,,1,
5,Unknown,Unknown,Unknown,,,,,1,,,
104.6,0-25,W,1501-2500,1,,,,,,,
13.4,Unknown,Unknown,Unknown,1,,,,,,,
1,Unknown,Unknown,Unknown,,,,,1,,,
0.2,0-25,Unknown,Unknown,,,,,1,,,
0.1,0-25,W,0-500,1,,,,,,,
0.1,0-25,Flat,501-1500,1,,,,,,,
0.1,0-25,NW,0-500,,,,,,,,1
0.1,Unknown,Unknown,Unknown,,,,,,,,1
0.1,Unknown,Unknown,Unknown,,,,,,,1,
3,0-25,Flat,0-500,,1,,,,,,
2.4,0-25,Flat,0501-1500,,1,,,,,,
22.8,0-25,Flat,0501-1500,,1,,,,,,
3.5,0-25,Flat,0501-1500,,1,,,,,,
0.1,0-25,W,0-500,,,1,,,,,
0.1,0-25,N,0-500,,,,,1,,,
0.1,0-25,S,0-500,,,,,1,,,
0.1,0-25,S,0-500,,,1,,,,,
0.1,Unknown,Unknown,Unknown,,,1,,,,,
0.1,0-25,S,0-500,,,,,,,,1
0.1,0-25,W,0-500,1,,,,,,,
0.1,Unknown,Unknown,Unknown,,,1,,,,,
0.1,0-25,NE,0-500,,,,,,,,1
0.1,0-25,NE,0-500,,,1,,,,,
0.1,0-25,NW,0-500,,,1,,,,,
0.1,0-25,Unknown,Unknown,,,,,1,,,
0.1,0-25,Flat,0-500,,,1,,,,,
0.3,0-25,S,2501-3500,,,,,1,,,
0.1,Unknown,Unknown,Unknown,,,,,,,1,
0.1,0-25,NW,501-1500,,,,,1,,,
0.1,0-25,N,0-500,1,,,,,,,
0.1,0-25,SE,0-500,,,,,1,,,
0.1,0-25,Flat,Unknown,,,,,1,,,
0.1,Unknown,Unknown,Unknown,,,,,,,1,
1.8,Unknown,Unknown,Unknown,1,,,,,,,
0.1,Unknown,Unknown,Unknown,1,,,,,,,
0.1,0-25,S,0-500,,,1,,,,,
0.1,Unknown,Unknown,Unknown,,,,,,,1,
0.1,Unknown,Unknown,Unknown,,,,,,,1,
0.1,0-25,NW,0-500,,,,,1,,,
0.2,Unknown,Unknown,Unknown,,,1,,,,,
0.1,Unknown,Unknown,Unknown,,,,,1,,,
0.1,0-25,W,0-500,,,,,,,,1
0.1,0-25,Flat,1501-2500,,,,,1,,,
0.1,0-25,NW,0-500,,,,,1,,,
0.1,0-25,E,0-500,1,,,,,,,
0.1,0-25,E,501-1500,,,,,1,,,
0.1,0-25,SE,0-500,,,1,,,,,
69,0-25,E,501-1500,,,,,1,,,
0.1,Unknown,Unknown,Unknown,,,,,,,1,
0.2,0-25,Flat,0-500,,,,,1,,,
33.6,0-25,S,0-500,1,,,,,,,
0.1,Unknown,Unknown,Unknown,,,,,1,,,
0.1,Unknown,Unknown,Unknown,,,,,1,,,
1.7,0-25,NE,0-500,1,,,,,,,
6682.1,0-25,NE,501-1500,,,,,1,,,
0.1,0-25,SE,0-500,,,,,1,,,
0.1,76+,S,0-500,,,1,,,,,
14.5,0-25,NE,0-500,1,,,,,,,
0.1,0-25,SW,0-500,,,,,1,,,
0.1,Unknown,Unknown,Unknown,1,,,,,,,
102.9,Unknown,Unknown,Unknown,1,,,,,,,
0.1,0-25,SW,0-500,,,1,,,,,
0.1,0-25,N,0-500,,,,,1,,,
0.5,Unknown,Unknown,Unknown,1,,,,,,,
1,0-25,E,1501-2500,1,,,,,,,
2865.5,0-25,NW,501-1500,1,,,,,,,
0.1,0-25,NE,0-500,,,,,1,,,
88.9,0-25,SW,0-500,,,,,1,,,
0.3,0-25,SE,0-500,,,,,1,,,
122.3,Unknown,Unknown,Unknown,,,,,1,,,
3,Unknown,Unknown,Unknown,,,,,,,1,
0.1,26-40,S,501-1500,,,1,,,,,
117.8,0-25,NW,2501-3500,1,,,,,,,
0.1,Unknown,Unknown,Unknown,,,,,,,1,
0.1,0-25,NW,0-500,,,,,1,,,
0.1,0-25,W,0-500,,,1,,,,,
0.2,0-25,NE,0-500,,,,,1,,,
1319,Unknown,Unknown,Unknown,1,,,,,,,
4.3,41-55,E,4501-5500,1,,,,,,,
770.1,Unknown,Unknown,Unknown,,,,,1,,,
196.7,Unknown,Unknown,Unknown,,,,,1,,,
983.5,Unknown,Unknown,Unknown,,,,,1,,,
2374.1,Unknown,Unknown,Unknown,,,,,1,,,
16247.7,0-25,NE,501-1500,1,,,,,,,
0.1,Unknown,Unknown,Unknown,,,,,,,1,
0.1,0-25,S,0-500,,,1,,,,,
0.1,0-25,SE,0-500,,,1,,,,,
0.1,0-25,SW,0-500,,,1,,,,,
1,Unknown,Unknown,Unknown,1,,,,,,,
1,26-40,Unknown,Unknown,,,,,1,,,
0.1,0-25,S,0-500,,,,,,,,1
2.1,Unknown,Unknown,Unknown,1,,,,,,,
0.1,Unknown,Unknown,Unknown,,,,,,,1,
5,26-40,NW,501-1500,,,,,1,,,
0.4,0-25,NE,1501-2500,1,,,,,,,
0.3,0-25,SE,0-500,,,1,,,,,
6904.6,Unknown,Unknown,Unknown,1,,,,,,,
0.5,0-25,SE,1501-2500,1,,,,,,,
7644.3,Unknown,Unknown,Unknown,1,,,,,,,
0.1,0-25,E,0-500,1,,,,,,,
0.1,0-25,N,0-500,,,1,,,,,
0.8,Unknown,Unknown,Unknown,,,,,1,,,
0.1,0-25,Flat,0-500,,,1,,,,,
22.6,Unknown,Unknown,Unknown,1,,,,,,,
4119.7,Unknown,Unknown,Unknown,1,,,,,,,
13.2,0-25,SE,1501-2500,,,,,1,,,
0.1,0-25,S,1501-2500,,,,,,,,1
0.3,Unknown,Unknown,Unknown,1,,,,,,,
2192,0-25,Flat,0-500,1,,,,,,,
0.3,0-25,E,0-500,,,,,1,,,
0.8,Unknown,Unknown,Unknown,,,,,,,1,
9.8,0-25,N,0-500,,,1,,,,,
0.1,Unknown,Unknown,Unknown,,,,,1,,,
1231.5,Unknown,Unknown,Unknown,1,,,,,,,
0.1,Unknown,Unknown,Unknown,,,,,,,1,
0.1,0-25,SE,2501-3500,1,,,,,,,
0.1,0-25,N,0-500,,,,,1,,,
0.1,0-25,E,501-1500,1,,,,,,,
0.1,0-25,SE,0-500,,,1,,,,,
0.1,Unknown,Unknown,Unknown,,,,,,,1,
0.1,Unknown,Unknown,Unknown,,,,,,,1,
0.2,Unknown,Unknown,Unknown,,,,,,,1,
0.1,0-25,W,0-500,,,1,,,,,
0.3,0-25,NW,0-500,1,,,,,,,
0.1,Unknown,Unknown,Unknown,,,,,,,1,
0.2,0-25,Unknown,Unknown,1,,,,,,,
0.1,0-25,SE,0-500,,,1,,,,,
0.1,0-25,N,501-1500,,,,,,,1,
0.5,0-25,Flat,0-500,1,,,,,,,
0.1,Unknown,Unknown,Unknown,,,,,,,1,
3,0-25,SW,1501-2500,,,,,,,,1
1236.9,0-25,N,501-1500,,,,,1,,,
0.3,Unknown,Unknown,Unknown,,,,,,,1,
0.1,0-25,Flat,501-1500,1,,,,,,,
0.1,Unknown,Unknown,Unknown,,,,,,,,1
43603.6,0-25,Flat,0-500,1,,,,,,,
0.1,0-25,W,501-1500,,,1,,,,,
12390.6,Unknown,Unknown,Unknown,1,,,,,,,
0.2,Unknown,Unknown,Unknown,,,1,,,,,
0.1,0-25,Flat,501-1500,1,,,,,,,
0.2,0-25,SE,0-500,,,,,1,,,
4.7,0-25,NW,501-1500,,,1,,,,,
0.1,0-25,NW,501-1500,,,,,1,,,
0.7,0-25,SE,0-500,,,1,,,,,
13.7,0-25,Flat,0-500,1,,,,,,,
0.1,0-25,Flat,0-500,,,1,,,,,
0.1,Unknown,Unknown,Unknown,,,,,,,,1
73284,Unknown,Unknown,Unknown,,,,,1,,,
37752.3,0-25,SE,0-500,1,,,,,,,
0.1,0-25,SE,0-500,,,,,1,,,
246.3,0-25,Flat,0501-1500,,1,,,,,,
0.1,Unknown,Unknown,Unknown,,,,,,,,1
25255.1,0-25,Flat,Unknown,1,,,,,,,
0.1,0-25,SW,0-500,,,,,,,1,
2,Unknown,Unknown,Unknown,,,,,,,1,
0.1,Unknown,Unknown,Unknown,,,,,,,,1
0.1,Unknown,Unknown,Unknown,1,,,,,,,
18.3,0-25,Flat,0501-1500,1,,,,,,,
13280.4,0-25,SE,2501-3500,1,,,,,,,
7802.9,0-25,Unknown,Unknown,,,,,1,,,
0.1,0-25,SW,0-500,,,1,,,,,
0.1,0-25,E,0-500,,,1,,,,,
0.5,Unknown,Unknown,Unknown,1,,,,,,,
2.4,0-25,W,0-500,,,1,,,,,
0.2,0-25,NW,0-500,,,,,1,,,
0.3,0-25,W,0-500,,,,,1,,,
1,0-25,SW,0-500,,,1,,,,,
59.6,26-40,W,Unknown,,,,,1,,,
0.7,0-25,S,Unknown,,,,,1,,,
0.1,Unknown,Unknown,Unknown,,,,,,,,1
1.8,0-25,W,0-500,,,1,,,,,
0.5,0-25,Flat,Unknown,,,,,1,,,
0.1,Unknown,Unknown,Unknown,,,,,,,,1
55807.9,0-25,SE,501-1500,,,,,1,,,
0.2,0-25,NE,0-500,1,,,,,,,
0.3,0-25,Flat,501-1500,,,,,1,,,
0.1,0-25,NW,0-500,,,,,1,,,
0.1,0-25,W,0-500,,,1,,,,,
0.1,0-25,Flat,0-500,,,1,,,,,
3081.6,0-25,SW,0-500,,,1,,,,,
2513.9,0-25,E,501-1500,,,,,1,,,
17.6,0-25,Flat,0501-1500,1,,,1,1,,,
2740.7,0-25,NE,501-1500,,,,,1,,,
0.1,0-25,Flat,0-500,,,,,1,,,
0.1,0-25,Flat,0-500,1,,,,,,,
0.1,Unknown,Unknown,Unknown,,,,,1,,,
735,Unknown,Unknown,Unknown,,,1,,,,,
178.7,0-25,W,1501-2500,,,1,,,,,
1426.2,26-40,W,0-500,,,1,,,,,
45734,0-25,E,501-1500,1,,,,,,,
53291,0-25,E,501-1500,1,,,,,,,
112646.1,0-25,NE,501-1500,,,,,1,,,
0.3,0-25,NW,501-1500,,,,,1,,,
206821.6,0-25,NE,501-1500,1,,,,,,,
87792.5,0-25,SW,0-500,,,,,1,,,
43409.4,0-25,E,0-500,,,1,,,,,
10.5,0-25,SW,1501-2500,,,,,1,,,
28.9,0-25,E,0-500,,,1,,,,,
0.3,Unknown,Unknown,Unknown,,,,,1,,,
26243.2,0-25,NE,0-500,,,,,1,,,
91624.3,0-25,NE,501-1500,1,,,,,,,
6.1,0-25,S,0-500,,,1,,,,,
107.3,0-25,S,0-500,,,1,,,,,
0.1,0-25,W,0-500,,,,,1,,,
0.1,Unknown,Unknown,Unknown,,,,,,,1,
36073.4,0-25,SW,501-1500,,,,,1,,,
17948,0-25,NW,0-500,,,,,1,,,
9.8,0-25,E,501-1500,,,,,1,,,
0.9,0-25,SE,0-500,,,1,,,,,
7791.2,0-25,S,501-1500,1,,,,,,,
65.5,0-25,NW,0-500,,,,,1,,,
0.5,0-25,Flat,0-500,1,,,,,,,
5,0-25,Flat,0-500,1,,,,,,,
8,0-25,W,0-500,1,,,,,,,
0.1,0-25,Flat,0-500,,,,,1,,,
2.8,0-25,N,0-500,1,,,,,,,
6.6,0-25,SE,501-1500,,,1,,,,,
9910.7,0-25,SW,501-1500,,,1,,,,,
17.7,0-25,E,501-1500,,,1,,,,,
0.1,Unknown,Unknown,Unknown,,,,,,,1,
0.1,0-25,S,0-500,,,1,,,,,
0.1,0-25,W,0-500,,,1,,,,,
6591.5,26-40,SW,501-1500,,,1,,,,,
115030,Unknown,Unknown,Unknown,1,,,,,,,
31836.3,0-25,S,0-500,,,1,,,,,
51145.5,0-25,S,501-1500,1,,,,,,,
0.8,Unknown,Unknown,Unknown,,,,,1,,,
0.1,0-25,N,0-500,,,,,1,,,
40450.5,0-25,SW,501-1500,,,,,1,,,
39959,0-25,N,501-1500,,,,,1,,,
0.1,0-25,Flat,0-500,,,,,1,,,
0.6,0-25,W,501-1500,,,,,1,,,
0.1,0-25,SW,0-500,,,,,1,,,
74.1,0-25,SE,501-1500,,,,,1,,,
1.4,0-25,N,501-1500,,,1,,,,,
0.3,0-25,West,4501-5500,,1,,,,,,
0.1,Unknown,Unknown,Unknown,,,,,,,1,
3429.4,0-25,SW,501-1500,,,,,1,,,
4816.4,0-25,SE,501-1500,,,1,,,,,
65.8,0-25,SW,1501-2500,1,,,,,,,
2.2,0-25,N,0-500,1,,,,,,,
7.7,0-25,E,501-1500,,,1,,,,,
206057,0-25,Flat,0501-1500,1,,,,,,,
0.1,0-25,NW,0-500,,,1,,,,,
233007.7,0-25,NW,501-1500,,,,,1,,,
199.5,0-25,NW,501-1500,,,1,,,,,
5.6,0-25,Flat,0501-1500,1,1,,,,,,
0.1,0-25,NE,0-500,,,,,1,,,
0.7,0-25,W,501-1500,,,1,,,,,
0.1,0-25,E,0-500,,,1,,,,,
0.5,0-25,Unknown,501-1500,1,,,,,,,
0.2,0-25,Flat,501-1500,,,1,,,,,
3.1,0-25,SE,0-500,,,1,,,,,
0.1,0-25,Unknown,501-1500,,,,,,,,1
0.1,0-25,Flat,0-500,,,,,1,,,
0.1,0-25,E,0-500,,,,,1,,,
0.1,Unknown,Unknown,Unknown,,,,,,,1,
0.3,0-25,S,0-500,,,1,,,,,
0.1,0-25,E,0-500,,,,,1,,,
2.8,0-25,SW,0-500,,,,,1,,,
0.1,Unknown,Unknown,Unknown,,,1,,,,,
0.1,0-25,Flat,0-500,,,,,1,,,
0.1,0-25,W,0-500,,,,,1,,,
0.5,Unknown,Flat,Unknown,,,,,1,,,
0.1,0-25,SE,501-1500,,,1,,,,,
10654.2,0-25,SW,501-1500,,,1,,,,,
0.4,0-25,Flat,0-500,,,,,1,,,
0.4,0-25,Flat,Unknown,1,,,,,,,
0.2,0-25,Flat,0-500,,,,,1,,,
0.1,0-25,W,0-500,,,1,,,,,
0.1,0-25,Flat,0-500,,,,,1,,,
0.1,0-25,W,0-500,,,1,,,,,
0.1,0-25,Flat,0-500,,,1,,,,,
0.1,Unknown,Unknown,Unknown,1,,,,,,,
5,0-25,N,0-500,,,1,,,,,
0.1,0-25,NW,501-1500,,,1,,,,,
0.9,Unknown,Unknown,Unknown,1,,,,,,,
0.1,0-25,N,0-500,,,1,,,,,
7.8,Unknown,Unknown,Unknown,,,,,,,1,
13.3,0-25,SE,501-1500,,,1,,,,,
0.1,0-25,SW,0-500,,,1,,,,,
0.1,Unknown,Unknown,Unknown,,,,,,,1,
0.8,0-25,SW,501-1500,,,,,1,,,
0.1,Unknown,Unknown,Unknown,,,1,,,,,
0.1,Unknown,Unknown,Unknown,,,,,,,1,
0.2,0-25,SW,0-500,,,1,,,,,
0.1,0-25,W,0-500,,,,,1,,,
1,0-25,Flat,Unknown,,,1,,,,,
0.1,Unknown,Unknown,Unknown,,,,,1,,,
0.1,0-25,S,0-500,,,1,,,,,
40.8,0-25,Flat,0-500,1,1,,,,,,
0.1,0-25,NE,0-500,,,1,,,,,
0.1,0-25,NW,0-500,,,1,,,,,
0.1,0-25,Flat,0-500,,,,,1,,,
5.1,0-25,N,501-1500,,,,,1,,,
0.1,0-25,SE,0-500,,,1,,,,,
0.2,0-25,SE,0-500,,,1,,,,,
0.1,0-25,W,0-500,,,,,1,,,
0.3,Unknown,Unknown,Unknown,,,1,,,,,
0.1,Unknown,Unknown,Unknown,,,,,1,,,
3.2,0-25,Flat,0-500,,,1,,,,,
37.8,Unknown,Unknown,Unknown,,,,,1,,,
740.5,Unknown,Unknown,Unknown,,,,,,,1,
1.8,0-25,SW,501-1500,1,,,,,,,
0.1,0-25,Flat,0-500,,,1,,,,,
0.6,Unknown,Unknown,Unknown,,,1,,,,,
5,0-25,SW,0-500,,,1,,,,,
0.1,41-55,E,0-500,,,1,,,,,
0.1,26-40,W,0-500,,,,,1,,,
1.5,0-25,NW,501-1500,,,1,,,,,
0.1,0-25,W,0-500,,,1,,,,,
0.1,0-25,W,0-500,,,1,,,,,
0.1,0-25,Flat,0-500,,,1,,,,,
0.3,0-25,N,0-500,,,,,1,,,
24.3,0-25,NE,0-500,,,1,,,,,
2.1,0-25,S,0-500,,,,,1,,,
0.1,0-25,Flat,0-500,,,1,,,,,
0.1,0-25,Flat,0-500,,,1,,,,,
0.1,0-25,W,0-500,,,,,,,,1
0.1,0-25,S,0-500,,,1,,,,,
29.2,0-25,NW,0-500,,,1,,,,,
0.1,0-25,NW,0-500,,,,,1,,,
0.1,0-25,Flat,0-500,,,1,,,,,
0.5,0-25,NW,0-500,,,,,,,,1
0.2,0-25,Flat,0-500,,,,,1,,,
0.1,0-25,NE,0-500,,,1,,,,,
0.1,Unknown,Unknown,Unknown,,,,,,,1,
0.1,0-25,S,0-500,,,1,,,,,
0.2,0-25,SW,0-500,,,1,,,,,
0.1,0-25,W,0-500,,,1,,,,,
0.1,0-25,W,0-500,,,,,,,,1
70.4,26-40,E,0-500,,,1,,,,,
0.1,0-25,NE,501-1500,,,1,,,,,
0.1,0-25,NW,0-500,,,1,,,,,
0.1,0-25,NW,0-500,,,1,,,,,
4,0-25,N,0-500,,,1,,,,,
0.1,0-25,SE,501-1500,,,,,,,,1
0.1,0-25,NE,501-1500,,,,,1,,,
0.1,Unknown,Unknown,Unknown,1,,,,,,,
0.1,0-25,S,501-1500,,,,,,,,1
4.3,Unknown,Unknown,Unknown,,,,,,,,1
0.2,0-25,S,0-500,,,1,,,,,
0.1,0-25,N,0-500,1,,,,,,,
0.3,0-25,N,0-500,,,,,1,,,
0.1,0-25,S,0-500,,,1,,,,,
0.1,0-25,SE,0-500,,,,,,,,1
0.1,0-25,Flat,0-500,,,1,,,,,
0.1,0-25,E,0-500,,,,,,,,1
0.5,Unknown,Unknown,Unknown,,,,,,,1,
919.6,0-25,E,0-500,,,1,,,,,
0.4,0-25,N,0-500,,,1,,,,,
0.2,0-25,E,0-500,,,1,,,,,
0.1,0-25,SW,0-500,,,1,,,,,
566,0-25,S,0-500,,,,,,,1,
0.3,0-25,E,0-500,,,1,,,,,
0.1,0-25,S,501-1500,,,1,,,,,
0.1,0-25,S,0-500,,,1,,,,,
0.1,0-25,SE,0-500,,,,,1,,,
0.1,0-25,W,0-500,,,1,,,,,
0.1,0-25,Flat,0-500,,,1,,,,,
0.1,0-25,SW,0-500,,,1,,,,,
0.1,0-25,Flat,0-500,,,1,,,,,
0.1,76+,S,0-500,,,1,,,,,
0.1,0-25,N,0-500,,,,,,,,1
0.6,0-25,N,501-1500,,,1,,,,,
0.1,0-25,SE,0-500,,,1,,,,,
0.1,0-25,Flat,0-500,,,1,,,,,
0.4,0-25,NE,0-500,,,,,,,,1
1.3,26-40,E,0-500,,,,,1,,,
0.1,0-25,Flat,Unknown,,,,,,,,1
0.1,0-25,SW,0-500,,,,,1,,,
0.1,0-25,SW,501-1500,,,1,,,,,
0.1,0-25,SW,0-500,,,1,,,,,
0.2,0-25,S,0-500,,,,,,,,1
0.1,0-25,NW,0-500,,,,,,,,1
0.1,0-25,Flat,0-500,,,1,,,,,
0.1,0-25,Flat,Unknown,,,,,,,,1
0.2,0-25,Flat,0-500,,,1,,,,,
0.1,0-25,SW,0-500,,,1,,,,,
0.3,0-25,Flat,0-500,,,1,,,,,
0.1,0-25,S,0-500,,,1,,,,,
0.1,0-25,Flat,0-500,,,,,1,,,
0.1,0-25,SE,0-500,,,1,,,,,
0.4,0-25,Flat,0-500,,,,,1,,,
0.1,0-25,SE,0-500,,,1,,,,,
0.1,0-25,E,0-500,,,,,1,,,
0.1,0-25,Flat,0-500,,,1,,,,,
0.1,0-25,W,0-500,,,1,,,,,
5,Unknown,Unknown,Unknown,,,,,,,1,
0.2,0-25,Flat,0-500,,,1,,,,,
0.1,0-25,W,0-500,,,,,1,,,
10302.5,0-25,NW,0-500,,,1,,,,,
0.2,0-25,Flat,0-500,,,1,,,,,
0.1,0-25,Flat,0-500,,,,,1,,,
0.1,Unknown,Unknown,Unknown,,,,,,,1,
0.3,0-25,E,0-500,,,1,,,,,
0.1,0-25,S,0-500,,,1,,,,,
0.1,0-25,Flat,0-500,,,1,,,,,
0.1,Unknown,Unknown,Unknown,,,,,,,1,
0.1,0-25,Unknown,Unknown,,,,,,,1,
0.1,0-25,S,0-500,,,1,,,,,
0.1,0-25,S,0-500,,,1,,,,,
18,Unknown,Unknown,Unknown,,,,,,,1,
0.1,Unknown,Unknown,Unknown,,,,,,,1,
22,Unknown,Unknown,Unknown,,,,,,,1,
0.1,0-25,SW,501-1500,,,1,,,,,
1,Unknown,Unknown,Unknown,,,,,,,1,
0.1,0-25,SE,501-1500,,,1,,,,,
0.1,0-25,E,0-500,,,1,,,,,
0.1,0-25,W,0-500,,,,,1,,,
0.1,0-25,NE,0-500,,,1,,,,,
0.1,Unknown,Unknown,Unknown,,,,,,,,1
0.1,0-25,NE,0-500,,,,,1,,,
0.5,0-25,SW,0-500,,,1,,,,,
0.1,0-25,S,0-500,1,,,,,,,
0.1,0-25,W,0-500,1,,,,,,,
0.1,0-25,E,0-500,,,,,,,,1
0.1,0-25,S,1501-2500,,,,,1,,,
0.1,0-25,SE,1501-2500,,,,,1,,,
0.1,Unknown,Unknown,Unknown,,,1,,,,,
1,Unknown,Unknown,Unknown,,,,,,,1,
0.2,0-25,NW,1501-2500,,,,,1,,,
0.5,0-25,SE,501-1500,,,,,1,,,
0.1,Unknown,Unknown,Unknown,,,,,,,1,
0.5,0-25,SE,0-500,,,,,1,,,
0.1,0-25,NW,0-500,,,,,1,,,
0.1,0-25,SW,1501-2500,1,,,,,,,
69.5,0-25,South East,1501-2500,1,,,,1,,,
0.2,Unknown,Unknown,Unknown,,,,,,,1,
0.1,0-25,SW,501-1500,,,,,,,,1
417.5,0-25,Flat,0501-1500,1,1,,,,,,
2,0-25,E,0-500,,,,,1,,,
5,0-25,NE,501-1500,1,,,,,,,
0.1,Unknown,Unknown,Unknown,,,,,,,1,
1.3,Unknown,Unknown,Unknown,1,,,,,,,
0.4,41-55,SE,1501-2500,,,,,1,,,
0.3,Unknown,Unknown,Unknown,,,,,,,1,
2828.1,Unknown,Unknown,Unknown,1,,,,,,,
0.1,0-25,Flat,0501-1500,1,1,,,,,,
0.1,0-25,N,501-1500,,,,,1,,,
0.1,0-25,SW,0-500,,,,,1,,,
0.3,Unknown,Unknown,Unknown,,,,,,,1,
0.1,0-25,SW,501-1500,,,1,,,,,
0.1,26-40,NE,501-1500,1,,,,,,,
2662.8,0-25,Flat,0501-1500,1,,,,,,,
0.1,0-25,Flat,2501-3500,,1,,,,,,
1607.5,0-25,Flat,0501-1500,1,,,,,,,
0.1,0-25,SE,501-1500,,,,,1,,,
0.2,0-25,Unknown,Unknown,,,1,,,,,
0.1,0-25,Flat,0501-1500,1,1,,,,,,
0.3,0-25,East,2501-3500,1,1,,,,,,
0.1,0-25,Flat,1501-2500,1,1,,,,,,
0.1,0-25,West,0501-1500,1,,,,,,,
0.5,0-25,NW,501-1500,1,,,,,,,
0.1,0-25,W,1501-2500,,,,,,,,1
30305.1,Unknown,Unknown,Unknown,1,,,,,,,
488,Unknown,Unknown,Unknown,1,,,,,,,
0.1,Unknown,Unknown,Unknown,,,1,,,,,
16.8,0-25,NW,0-500,,,1,,,,,
0.7,0-25,NE,1501-2500,1,,,,,,,
33.6,0-25,NW,501-1500,1,,,,,,,
0.1,0-25,Flat,0-500,,,1,,,,,
0.1,Unknown,Unknown,Unknown,,,,,,,1,
0.3,0-25,E,0-500,,,1,,,,,
0.1,0-25,NE,0-500,,,1,,,,,
0.1,Unknown,Unknown,Unknown,,,,,1,,,
3.5,0-25,S,Unknown,,,,,1,,,
0.1,0-25,N,0-500,,,1,,,,,
1,76+,S,0-500,,,1,,,,,
0.1,Unknown,Unknown,Unknown,,,,,,,1,
0.1,Unknown,Unknown,Unknown,,,,,1,,,
0.1,0-25,Flat,0-500,,,1,,,,,
1,41-55,E,Unknown,,,1,,,,,
0.1,0-25,Flat,0-500,,,1,,,,,
0.1,Unknown,Unknown,Unknown,,,,,,,,1
0.1,Unknown,Unknown,Unknown,,,,,,,1,
0.1,Unknown,Unknown,Unknown,,,,,,,1,
0.1,0-25,N,0-500,,,1,,,,,
0.1,Unknown,Unknown,Unknown,,,1,,,,,
0.1,Unknown,Unknown,Unknown,,,,,,,1,
0.1,0-25,N,1501-2500,1,,,,,,,
0.1,Unknown,Unknown,Unknown,,,,,,,1,
0.1,Unknown,Unknown,Unknown,,,1,,,,,
0.1,0-25,Flat,0-500,,,1,,,,,
0.1,0-25,Flat,0-500,,,1,,,,,
2.4,0-25,Flat,0-500,,,,,1,,,
0.2,0-25,Flat,0-500,,,1,,,,,
0.1,0-25,Flat,0-500,,,1,,,,,
0.1,0-25,Flat,0-500,,,1,,,,,
0.1,Unknown,Unknown,Unknown,,,,,,,1,
0.1,Unknown,Unknown,Unknown,,,,,1,,,
0.1,Unknown,Unknown,Unknown,,,,,,,,1
0.1,Unknown,Unknown,Unknown,,,,,,,1,
0.1,0-25,SE,0-500,1,,,,,,,
0.1,0-25,Flat,Unknown,1,,,,,,,
0.1,0-25,S,1501-2500,,,,,1,,,
0.1,0-25,SE,0-500,,,1,,,,,
0.1,0-25,Flat,1501-2500,,,,,,,1,
0.1,0-25,Flat,0-500,,1,,,,,,
0.7,0-25,Flat,0501-1500,,1,,,,,,
17.8,0-25,SW,0-500,,,,,1,,,
0.1,Unknown,Unknown,Unknown,,,,,,,1,
0.5,41-55,SW,0-500,,,1,,,,,
0.1,0-25,NE,0-500,,,1,,,,,
0.1,0-25,N,0-500,,,,,1,,,
15620,0-25,South,0501-1500,1,,,,,,,
0.1,0-25,Flat,0-500,,,1,,,,,
0.1,0-25,Flat,0-500,,,1,,,,,
0.5,0-25,SE,501-1500,,,1,,,,,
0.2,0-25,Flat,0-500,,,1,,,,,
0.3,0-25,N,501-1500,,,1,,,,,
0.1,0-25,Flat,0-500,,1,,,,,,
3,0-25,Flat,0-500,,1,,,,,,
1,0-25,Flat,0-500,,1,,,,,,
2,0-25,Flat,0-500,,1,,,,,,
0.1,0-25,Flat,0-500,,,1,,,,,
13.8,0-25,Flat,0-500,,1,,,,,,
0.1,0-25,Flat,0-500,,1,,,,,,
0.1,0-25,Flat,0-500,,1,,,,,,
4.1,0-25,Flat,0-500,,1,,,,,,
1.6,0-25,Flat,0-500,,1,,,,,,
12.2,0-25,Flat,0-500,,1,,,,,,
5.7,0-25,Flat,0-500,,1,,,,,,
4.2,0-25,Flat,0-500,,1,,,,,,
86.9,0-25,Flat,0-500,,1,,,,,,
33.7,0-25,Flat,0-500,,1,,,,,,
2.8,0-25,Flat,0-500,,1,,,,,,
3.8,0-25,Flat,0501-1500,,1,,1,,,,
5.3,0-25,Flat,0-500,,1,,1,,,,
0.5,0-25,Flat,0-500,,1,,,,,,
3.8,0-25,Flat,0-500,,,1,,,,,
1.9,0-25,Flat,0501-1500,,1,,1,,,,
1.2,0-25,Flat,0-500,1,1,,,,,,
1.4,0-25,Flat,0501-1500,,1,,,,,,
0.1,0-25,Flat,0-500,,1,,,,,,
13.1,0-25,Flat,0501-1500,,1,,,,,,
16.8,0-25,Flat,0-500,,1,,1,,,,
0.1,0-25,SE,0-500,,,,,,,,1
0.1,0-25,S,0-500,,,1,,,,,
0.1,0-25,NE,0-500,,,,,1,,,
30.9,0-25,N,501-1500,,,,,1,,,
5988.3,0-25,Flat,0-500,,1,,,,,,
3,0-25,Flat,0-500,1,1,,,,,,
16.4,0-25,Flat,0-500,,1,,1,,,,
50964.8,0-25,SW,1501-2500,1,,,,,,,
19001.7,0-25,Flat,0501-1500,,1,1,,,,,
0.1,0-25,SE,0-500,,,,,,,,1
0.1,0-25,E,501-1500,,,1,,,,,
16,0-25,W,501-1500,1,,,,,,,
6,0-25,N,501-1500,1,,,,,,,
1.5,0-25,Flat,0-500,1,,,,,,,
2.4,0-25,SW,501-1500,1,,,,,,,
2.1,0-25,N,0-500,1,,,,,,,
28.2,0-25,NE,501-1500,1,,,,,,,
1.5,0-25,SW,0-500,1,,,,,,,
1,0-25,W,0-500,1,,,,,,,
0.1,0-25,Flat,0-500,1,1,,,,,,
99.5,0-25,S,501-1500,1,,,,,,,
54.4,0-25,N,501-1500,1,,,,,,,
215.8,0-25,W,1501-2500,,,,,1,,,
0.3,0-25,NW,501-1500,,,,,,,1,
0.5,0-25,N,3501-4500,,,,,,,,1
0.1,0-25,SW,0-500,,,,,,,,1
0.1,0-25,Flat,0-500,1,1,,,,,,
1,0-25,Flat,0-500,1,1,,,,,,
0.1,0-25,Flat,0-500,1,1,,,,,,
2,0-25,Flat,0-500,1,1,,,,,,
0.1,0-25,Flat,0-500,1,1,,,,,,
0.6,0-25,N,0-500,,,,,1,,,
95.7,0-25,SW,1501-2500,,,,,,,1,
927.2,0-25,S,1501-2500,1,,,,,,,
37.1,0-25,S,1501-2500,1,,,,,,,
2186.1,0-25,SW,0-500,1,,,,,,,
0.1,Unknown,Unknown,Unknown,,,,,,,1,
0.1,0-25,W,0-500,,,1,,,,,
0.1,0-25,NE,1501-2500,,,,,1,,,
0.1,0-25,W,0-500,,,1,,,,,
4224,0-25,Flat,0501-1500,,1,1,,,,,
40,0-25,NE,0-500,,,,,,,,1
418.7,0-25,Flat,1501-2500,,1,1,1,,,,
0.1,Unknown,Unknown,Unknown,,,,,,,,1
0.1,0-25,SE,0-500,,,,,,,1,
0.1,0-25,SW,0-500,,,,,,,1,
102.2,0-25,Flat,Unknown,1,,,,,,,
0.1,Unknown,Unknown,Unknown,,,,,,,1,
0.1,0-25,S,0-500,,,1,,,,,
118.8,0-25,Flat,0-500,1,,,1,,,,
1,Unknown,Unknown,Unknown,1,,,,,,,
0.4,Unknown,Unknown,Unknown,1,,,,,,,
0.1,0-25,NW,0-500,,,1,,,,,
0.1,0-25,Flat,1501-2500,,,1,,,,,
7,Unknown,Unknown,Unknown,,,,,1,,,
0.1,Unknown,Unknown,Unknown,,,,,,,,1
181.7,Unknown,Unknown,Unknown,,,,,,,1,
31.2,0-25,Flat,1501-2500,1,1,,,,,,
0.1,0-25,SW,0-500,,,1,,,,,
57.3,0-25,Flat,1501-2500,1,1,,,,,,
0.1,0-25,NW,0-500,,,1,,,,,
1.2,0-25,Unknown,Unknown,1,,,,,,,
0.2,Unknown,Unknown,Unknown,,,,,,,,1
2,0-25,Flat,Unknown,1,,,,,,,
0.1,0-25,S,0-500,,,1,,,,,
287.1,0-25,Flat,1501-2500,,1,1,,,,,
0.1,0-25,NW,0-500,,,1,,,,,
0.1,Unknown,Unknown,Unknown,,,,,,,1,
0.1,0-25,S,0-500,,,,,1,,,
0.1,Unknown,Unknown,Unknown,,,1,,,,,
0.3,0-25,Flat,0-500,,,,,1,,,
0.3,0-25,W,0-500,,,,,1,,,
0.2,0-25,Flat,0-500,,,,,,,,1
67.6,0-25,E,0-500,,,,,1,,,
0.1,0-25,Flat,0-500,,,1,,,,,
1.9,Unknown,Flat,501-1500,,,,,1,,,
0.3,0-25,Flat,0-500,1,,,,,,,
0.1,0-25,SE,0-500,,,1,,,,,
0.1,Unknown,Unknown,Unknown,,,1,,,,,
0.1,Unknown,Unknown,Unknown,,,1,,,,,
0.1,Unknown,Unknown,Unknown,,,1,,,,,
0.1,Unknown,Unknown,Unknown,,,1,,,,,
0.4,Unknown,Unknown,Unknown,,,1,,,,,
0.1,0-25,Flat,0-500,,,1,,,,,
5,0-25,Flat,1501-2500,,,1,,,,,
18.6,0-25,Flat,1501-2500,,,1,,,,,
0.1,0-25,W,0-500,,,,,1,,,
0.2,Unknown,Unknown,Unknown,,,1,,,,,
0.1,0-25,S,0-500,,,,,1,,,
0.1,Unknown,Unknown,Unknown,,,,,,,,1
0.1,0-25,Flat,Unknown,,,1,,,,,
0.1,0-25,Flat,501-1500,,,,,,,1,
0.1,0-25,Flat,Unknown,,,1,,,,,
0,Unknown,Unknown,Unknown,,,,,,,1,
0.1,Unknown,Unknown,Unknown,1,,,,,,,
0.1,0-25,Flat,0-500,1,,,,,,,
0.3,0-25,E,0-500,,,,,1,,,
1.2,76+,Unknown,Unknown,,,1,,,,,
0.2,0-25,S,0-500,,,1,,,,,
0.1,0-25,Flat,0-500,,,,,,,1,
0.1,Unknown,Unknown,Unknown,,,1,,,,,
1.7,0-25,Flat,0-500,,,,,1,,,
0.1,0-25,Flat,0-500,,,,,,,,1
254.2,0-25,SE,0-500,,,,,1,,,
0.1,0-25,Flat,0-500,,,,,1,,,
0.1,Unknown,Unknown,Unknown,,,1,,,,,
0.2,0-25,W,0-500,,,,,1,,,
0.1,0-25,Flat,0-500,,,1,,,,,
3600.2,0-25,NW,0-500,,,1,,,,,
0.3,Unknown,Unknown,Unknown,,,1,,,,,
3033.3,0-25,W,0-500,,,,,,,,1
0.2,0-25,Flat,0-500,1,,,,,,,
0.1,0-25,Flat,0-500,,,1,,,,,
0.1,0-25,Flat,0-500,,,1,,,,,
0.1,0-25,Flat,0-500,,,,,1,,,
0.1,0-25,SE,0-500,,,,,,,,1
2.4,Unknown,Unknown,Unknown,1,,,,,,,
0.2,0-25,Flat,0-500,,,,,1,,,
0.1,0-25,Flat,0-500,1,,,,,,,
0.1,0-25,Flat,0-500,,,,,1,,,
0.1,0-25,Flat,0-500,,,1,,,,,
0.1,0-25,Flat,Unknown,,,1,,,,,
0.2,0-25,S,0-500,,,,,1,,,
0.1,0-25,Flat,0-500,,,1,,,,,
0.4,0-25,Flat,0-500,,,,,1,,,
0.1,0-25,Flat,501-1500,,,,,1,,,
0.1,Unknown,Unknown,Unknown,,,1,,,,,
6.8,0-25,Flat,0-500,1,,,,,,,
0.1,Unknown,Unknown,Unknown,,,,,,,1,
0.1,Unknown,Unknown,Unknown,1,,,,,,,
0.1,Unknown,Unknown,Unknown,,,,,,,1,
0.2,0-25,SE,0-500,,,1,,,,,
0.1,Unknown,Unknown,Unknown,1,,,,,,,
0.1,0-25,Flat,0-500,,,1,,,,,
0.1,26-40,N,0-500,,,1,,,,,
0.1,0-25,S,0-500,,,1,,,,,
0.1,Unknown,Unknown,Unknown,,,,,,,,1
0.1,Unknown,Flat,Unknown,1,,,,,,,
0.1,Unknown,Unknown,Unknown,,,,,,,1,
0.2,0-25,Flat,Unknown,,,1,,,,,
0.1,41-55,W,0-500,,,1,,,,,
5,Unknown,Unknown,Unknown,,,1,,,,,
0.5,0-25,Unknown,Unknown,,,1,,,,,
0.1,0-25,Flat,0-500,,,1,,,,,
0.1,0-25,Flat,0-500,,,,,1,,,
1.9,0-25,Flat,0-500,,,1,,,,,
0.1,Unknown,Unknown,Unknown,,,1,,,,,
0.3,Unknown,Unknown,Unknown,,,,,,,,1
0.8,0-25,W,0-500,,,1,,,,,
1.5,0-25,Flat,0-500,,,1,,,,,
0.1,0-25,Flat,0-500,,,1,,,,,
9.1,Unknown,Unknown,Unknown,1,,,,,,,
0.3,Unknown,Unknown,Unknown,,,,,1,,,
0.1,0-25,Flat,0-500,,,,,1,,,
0.5,0-25,Flat,0-500,,,1,,,,,
0.1,0-25,Flat,0-500,,,1,,,,,
58.9,Unknown,Unknown,Unknown,,,1,,,,,
5,Unknown,Unknown,Unknown,,,,,,,1,
0.6,Unknown,Unknown,Unknown,,,1,,,,,
5,Unknown,Unknown,Unknown,,,1,,,,,
1.3,0-25,Flat,0-500,,,1,,,,,
1292,Unknown,Unknown,Unknown,,,,,,,1,
0.1,Unknown,Unknown,Unknown,,,,,,,1,
0.1,Unknown,Unknown,Unknown,,,,,,,,1
15,Unknown,Unknown,Unknown,,,,,,,1,
0.1,Unknown,Unknown,Unknown,,,1,,,,,
0.1,Unknown,Unknown,Unknown,,,1,,,,,
0.5,0-25,Flat,0-500,,,1,,,,,
0.5,0-25,Flat,0-500,,,1,,,,,
0.1,0-25,Flat,0-500,,,1,,,,,
0.1,0-25,Flat,0-500,,,1,,,,,
0.1,0-25,N,0-500,,,1,,,,,
0.1,0-25,Flat,0-500,,,,,,,1,
0.5,0-25,Flat,Unknown,,,1,,,,,
0.1,0-25,Flat,0-500,,,1,,,,,
0.3,0-25,Flat,0-500,,,1,,,,,
0.1,0-25,Flat,0-500,,,1,,,,,
0.1,Unknown,Unknown,Unknown,,,,,,,1,
0.7,0-25,E,501-1500,,,1,,,,,
2.2,0-25,S,0-500,,,1,,,,,
0.1,0-25,E,0-500,,,,,,,1,
2.7,0-25,NW,501-1500,1,,,,,,,
0.1,0-25,S,501-1500,,,,,1,,,
0.1,0-25,SW,501-1500,,,1,,,,,
0.1,0-25,SE,Unknown,,,,,1,,,
0.4,Unknown,Unknown,Unknown,,,,,,,1,
2.3,Unknown,Unknown,Unknown,,,,,,,1,
1.2,Unknown,Unknown,Unknown,,,,,,,1,
0.5,0-25,E,0-500,,,1,,,,,
0.3,0-25,SE,0-500,,,1,,,,,
0.4,0-25,NW,0-500,,,1,,,,,
0.1,0-25,NE,0-500,,,1,,,,,
0.1,Unknown,Unknown,Unknown,1,,,,,,,
0.2,Unknown,Unknown,Unknown,,,,,,,1,
0.1,0-25,E,0-500,,,,,,,,1
720,0-25,SE,501-1500,,,,,,,1,
33.1,0-25,SW,0-500,,,,,,,1,
1.1,0-25,SW,0-500,,,1,,,,,
0.1,0-25,NE,501-1500,,,1,,,,,
0.1,0-25,NW,501-1500,,,1,,,,,
0.1,0-25,NE,0-500,,,1,,,,,
40,Unknown,Unknown,Unknown,,,,,,,1,
0.1,0-25,W,0-500,1,,,,,,,
0.1,0-25,SW,1501-2500,1,,,,,,,
0.2,26-40,NW,501-1500,,,,,1,,,
0.1,0-25,E,501-1500,,,,,,,1,
0.1,0-25,SE,501-1500,,,,,1,,,
0.1,0-25,E,1501-2500,,,,,1,,,
0.1,0-25,Flat,0501-1500,1,,,,,,,
0.1,Unknown,Unknown,Unknown,,,,,,,1,
0.1,Unknown,Unknown,Unknown,,,,,,,,1
0.1,0-25,SW,501-1500,1,,,,,,,
0.5,0-25,E,1501-2500,1,,,,,,,
0.1,0-25,N,1501-2500,,,1,,,,,
0.1,0-25,E,0-500,1,,,,,,,
0.4,0-25,W,0-500,,,,,1,,,
0.1,0-25,E,501-1500,,,1,,,,,
0.1,0-25,NE,0-500,1,,,,,,,
0.1,0-25,E,0-500,,,1,,,,,
0.1,0-25,E,0-500,,,,,,,1,
0.1,0-25,W,0-500,,,,,,,1,
0.3,0-25,Flat,0-500,1,,,,,,,
7.4,0-25,Flat,0-500,,,1,,,,,
0.1,0-25,Flat,0-500,,,1,,,,,
0.1,0-25,Flat,1501-2500,,,,,1,,,
0.1,0-25,Flat,0-500,,,1,,,,,
0.1,0-25,S,0-500,,,,,,,1,
0.1,0-25,Flat,0-500,,,1,,,,,
0.1,0-25,NE,501-1500,,,,,,,,1
0.1,0-25,Flat,1501-2500,1,,,,,,,
0.1,0-25,Flat,0-500,,,1,,,,,
0.1,0-25,Flat,0-500,,,1,,,,,
0.1,0-25,Flat,0-500,,,,,1,,,
0.1,0-25,Flat,0-500,,,1,,,,,
0.1,0-25,Flat,0-500,,,,,1,,,
0.1,0-25,Flat,0-500,,,,,,,1,
0.1,0-25,Flat,0-500,,,1,,,,,
11.7,0-25,Flat,0501-1500,,1,,,,,,
0.1,0-25,Flat,0-500,,,1,,,,,
0.5,0-25,W,0-500,,,1,,,,,
1523.3,0-25,Flat,0-500,,,1,,,,,
0.1,0-25,Flat,0-500,,,1,,,,,
4.7,0-25,Flat,0501-1500,,1,,,,,,
11.1,0-25,Flat,0501-1500,1,1,,,,,,
0.4,Unknown,Unknown,Unknown,,,,,,,1,
0.1,0-25,Flat,0-500,1,,,,,,,
0.1,0-25,Flat,0-500,,,1,,,,,
0.1,0-25,Flat,0-500,,,,,,,1,
0.1,0-25,Flat,0-500,,,1,,,,,
0.3,0-25,Flat,0-500,,1,,,,,,
0.1,0-25,SE,1501-2500,,,,,,,1,
0.2,0-25,Flat,0-500,,,1,,,,,
0.1,0-25,Flat,0-500,,,1,,,,,
0.1,0-25,North,1501-2500,,,,,,,,1
0.1,0-25,SW,0-500,,,1,,,,,
0.1,0-25,Flat,0-500,,,1,,,,,
0.1,0-25,Flat,0-500,,,1,,,,,
0.1,0-25,Flat,0-500,,,,,1,,,
0.1,0-25,Flat,0-500,,,1,,,,,
0.5,0-25,Flat,0-500,,,1,,,,,
0.1,0-25,Flat,0-500,,,1,,,,,
0.1,0-25,Flat,0501-1500,,,1,,,,,
0.1,0-25,Flat,0-500,,,1,,,,,
0.1,0-25,Flat,0-500,,,,,1,,,
34.8,0-25,Flat,0501-1500,1,,,,,,,
18.3,0-25,Flat,0501-1500,1,,,,,,,
0.1,0-25,W,501-1500,,,,,,,1,
0.2,0-25,Flat,0-500,,,,,1,,,
0.1,0-25,Flat,0-500,,,,,,,,1
0.1,0-25,NW,1501-2500,,,,,,,,1
7.2,0-25,Flat,0-500,1,,,,,,,
0.1,0-25,SW,1501-2500,1,,,,,,,
0.1,0-25,Flat,0-500,,,1,,,,,
0.1,0-25,Flat,0-500,,,,,,,1,
0.1,0-25,SW,501-1500,,,,,,,1,
0.1,0-25,Flat,0-500,,,1,,,,,
38.8,0-25,Flat,0-500,,,,,1,,,
3,0-25,North West,0501-1500,1,,,,,,,
7,0-25,North East,0501-1500,,,,,1,,,
0.8,0-25,SE,501-1500,1,,,,,,,
5,0-25,Flat,0-500,,1,,,,,,
2,0-25,Flat,0501-1500,,1,,,,,,
8.7,0-25,Flat,0-500,,,,,1,,,
0.2,0-25,Flat,1501-2500,1,,,,,,,
0.1,0-25,Flat,0-500,,,,,1,,,
505.3,0-25,Flat,0-500,,1,,,1,,,
1006.3,0-25,Flat,0-500,,1,,,1,,,
27,0-25,Flat,0-500,,1,,,1,,,
68.7,0-25,Flat,0-500,,1,,,1,,,
27.5,0-25,Flat,0-500,,1,,,,,,
90.7,0-25,Flat,0-500,,1,,,,,,
9.9,0-25,Flat,0-500,,1,,,,,,
2,0-25,Flat,0-500,,1,,,,,,
0.5,0-25,Flat,0-500,,1,,,,,,
4.8,0-25,Flat,0-500,,1,,,,,,
0.5,0-25,Flat,0-500,1,,,,,,,
249.1,0-25,Flat,0-500,,,1,,,,,
4976.8,0-25,Flat,0501-1500,1,,,,,,,
1,0-25,Flat,Unknown,1,,,,,,,
1,0-25,Flat,0-500,,1,,,1,,,
1,0-25,N,501-1500,1,,,,,,,
1,0-25,N,501-1500,1,,,,,,,
13.3,0-25,Flat,0501-1500,,,,,1,,,
0.1,0-25,S,501-1500,1,,,,,,,
0.1,0-25,S,501-1500,1,,,,,,,
28.8,0-25,Flat,0501-1500,,,,,,,,1
1,0-25,W,501-1500,,,,,1,,,
44.4,0-25,N,501-1500,,,,,1,,,
2,0-25,South East,0501-1500,,1,,,,,,
0.3,0-25,Flat,0-500,,,1,,,,,
8.3,0-25,Flat,0501-1500,1,,,,,,,
2,0-25,Flat,0-500,,1,,,,,,
0.1,0-25,Flat,1501-2500,,1,,,,,,
0.1,0-25,Flat,0-500,1,,,,1,,,
83.3,0-25,Flat,0501-1500,1,,,,1,,,
15199.6,0-25,Flat,0501-1500,1,,,,,,,
0.1,0-25,S,501-1500,,,,,1,,,
3.8,0-25,Flat,0-500,,1,,,,,,
5.1,0-25,Flat,0-500,,1,,,,,,
0.1,0-25,NW,0-500,,,,,,,1,
0.1,0-25,Flat,0-500,,,1,,,,,
232.9,0-25,Flat,0-500,,,1,,,,,
0.1,0-25,Flat,0-500,,,,,1,,,
7.9,0-25,Flat,0-500,,,1,,,,,
4,0-25,North West,0501-1500,,1,,,,,,
0.1,0-25,Flat,0-500,,,1,,,,,
0.2,Unknown,Unknown,Unknown,,,,,,,1,
0.1,0-25,North West,0-500,,,,,,,1,
242.7,0-25,Flat,1501-2500,,1,,,,,,
400.2,0-25,Flat,0501-1500,,1,,,,,,
187.4,0-25,Flat,0501-1500,,1,,,,,,
12139.2,0-25,Flat,0501-1500,1,,,,,,,
112.3,0-25,Flat,0-500,,1,,,,,,
0.1,0-25,Flat,0501-1500,,,1,,,,,
2239.9,0-25,Flat,0-500,1,1,,,,,,
0.1,0-25,Flat,0-500,,,1,,,,,
5,0-25,Flat,1501-2500,,1,,,,,,
2.4,0-25,Flat,0-500,,1,,,,,,
3.4,0-25,Flat,0-500,,1,,,,,,
5,0-25,Flat,0-500,,1,,,,,,
246.1,0-25,Flat,0501-1500,,1,,,,,,
20.9,0-25,Flat,0-500,,1,,,,,,
31.3,0-25,Flat,0501-1500,,1,,,,,,
0.1,0-25,Flat,0501-1500,1,,1,,,,,
0.1,0-25,Flat,0501-1500,,,1,,,,,
21.7,0-25,Flat,0-500,,,1,,,,,
1.5,0-25,Flat,0-500,,1,,,,,,
29322.2,0-25,Flat,0-500,,,1,,,,,
13030.3,0-25,Flat,0-500,,,1,,,,,
432,0-25,Flat,0-500,,1,,,,,,
0.3,0-25,Flat,0-500,,,,,,,,1
0.3,0-25,Flat,0-500,,1,,,,,,
0.1,0-25,Flat,0-500,,,1,,,,,
0.5,0-25,SE,1501-2500,,,,,,,,1
44.1,0-25,Flat,0-500,,1,,,,,,
1801.1,0-25,Flat,0-500,,1,,,,,,
241.7,0-25,NE,0-500,,,1,,,,,
3524.9,0-25,Flat,0-500,,,1,,,,,
2,0-25,Flat,0-500,,,1,,,,,
113.6,0-25,SE,501-1500,1,,,,,,,
100.5,0-25,Flat,0501-1500,,,1,,,,,
1.6,0-25,Flat,0501-1500,,,1,,,,,
82.1,0-25,Flat,0-500,,,1,,,,,
498.2,0-25,Flat,0501-1500,,,,,1,,,
11.8,0-25,South,0501-1500,1,,,,,,,
1,0-25,Flat,0-500,,1,,,,,,
3.2,0-25,Flat,0501-1500,,,1,,,,,
0.9,0-25,Flat,0-500,1,,,,,,,
12133.3,0-25,Flat,0-500,,,1,,,,,
164.2,0-25,Flat,0501-1500,,,1,,,,,
25.6,0-25,Flat,0-500,,1,,,,,,
54099.1,0-25,Flat,0-500,,,1,,,,,
50.9,0-25,Flat,0501-1500,,,1,,,,,
0.1,0-25,Flat,0501-1500,,,,,,,,1
0.1,0-25,Flat,0-500,,,,,,,1,
0.1,26-40,South East,0-500,,,1,,,,,
3,Unknown,Unknown,Unknown,,,,,1,,,
0.1,0-25,Flat,0-500,,,,,1,,,
1,0-25,Flat,0-500,,,1,,,,,
0.5,0-25,Flat,0-500,,,1,,,,,
0.1,0-25,North East,0-500,,,,,,,,1
0.1,0-25,E,501-1500,,,1,,,,,
5.5,0-25,S,501-1500,,,1,,,,,
7.2,Unknown,Unknown,Unknown,,,,,,,1,
0.1,0-25,SW,501-1500,,,1,,,,,
0.2,0-25,Flat,1501-2500,1,,,,,,,
0.1,0-25,Flat,0-500,,,1,,,,,
0.1,0-25,Flat,1501-2500,1,,,,,,,
1.7,0-25,SW,0-500,,,1,,,,,
0.1,Unknown,Unknown,Unknown,,,,,,,1,
0.5,0-25,Flat,0-500,,,1,,,,,
0.1,0-25,Flat,0-500,1,,,,,,,
0.1,0-25,Flat,0-500,,,1,,,,,
54.1,0-25,Flat,0501-1500,,,,,1,,,
5.8,0-25,Flat,0-500,,,1,,,,,
0.1,0-25,Flat,0-500,,,1,,,,,
0.1,0-25,Flat,0-500,,,,,1,,,
1.5,0-25,Flat,0-500,,,1,,,,,
0.1,0-25,E,501-1500,1,,,,,,,
0.1,0-25,Flat,0-500,,,,,,,1,
1.1,0-25,NE,1501-2500,,,1,,,,,
0.1,0-25,Flat,0-500,,,1,,,,,
0.1,0-25,Flat,0-500,,,1,,,,,
0.1,0-25,South,0-500,,,1,,,,,
0.1,0-25,South,0501-1500,,,1,,,,,
3.8,0-25,West,0501-1500,,,,,1,,,
0.1,0-25,Flat,0-500,,,1,,,,,
2.4,0-25,Flat,0501-1500,,,1,,,,,
0.4,0-25,N,501-1500,,,1,,,,,
15.5,0-25,Flat,0-500,,,,,,,1,
0.1,26-40,West,0501-1500,,,,,,,1,
0.8,0-25,Flat,0-500,,,1,,,,,
0.1,0-25,SE,501-1500,,,1,,,,,
0.5,0-25,W,501-1500,,,1,,,,,
2.2,0-25,Flat,0-500,,,1,,,,,
0.2,0-25,South,0501-1500,,,,,,,1,
0.1,0-25,Flat,0-500,,,1,,,,,
0.1,0-25,Flat,1501-2500,,,1,,,,,
2,0-25,Flat,0-500,,,1,,,,,
0.1,0-25,Flat,0501-1500,,,1,,,,,
0.1,0-25,Flat,0-500,,,1,,,,,
3,0-25,Flat,0501-1500,,,,,1,,,
0.1,0-25,Flat,0501-1500,,,1,,,,,
0.1,0-25,North East,0501-1500,,,,,,,1,
0.3,0-25,Flat,0-500,,,1,,,,,
0.1,0-25,Flat,0-500,,,1,,,,,
0.5,0-25,Flat,0-500,,,1,,,,,
0.2,0-25,Flat,0-500,,,1,,,,,
0.1,0-25,Flat,0-500,,,1,,,,,
0.1,0-25,Flat,0-500,,,1,,,,,
0.1,0-25,Flat,0-500,,,,,,,1,
0.1,0-25,South West,0-500,,,1,,,,,
0.2,0-25,Flat,0501-1500,,,1,,,,,
0.3,0-25,Flat,0-500,,,1,,,,,
0.1,0-25,Flat,0-500,,,,,1,,,
0.1,0-25,Flat,1501-2500,,,1,,,,,
0.1,0-25,Flat,0-500,,,1,,,,,
1.7,26-40,West,0-500,,,,,,,1,
0.2,0-25,Flat,0-500,,,,,1,,,
0.1,0-25,Flat,0-500,,,1,,,,,
0.1,0-25,Flat,0-500,,,1,,,,,
0.4,Unknown,Unknown,Unknown,,,1,,,,,
0.1,0-25,Flat,0-500,,,,,,,1,
0.1,0-25,Flat,0501-1500,,,1,,,,,
0.1,0-25,Flat,1501-2500,,,,,,,,1
0.1,0-25,Flat,0-500,,,1,,,,,
0.1,0-25,Flat,0501-1500,,,,,,,1,
1,Unknown,Unknown,Unknown,,,1,,,,,
0.1,0-25,Flat,0-500,,,,,1,,,
139.5,0-25,Flat,0-500,,,1,,,,,
0.1,0-25,Flat,0-500,,,1,,,,,
0.1,0-25,Flat,0-500,,,1,,,,,
0.1,0-25,Flat,0-500,,,1,,,,,
0.1,0-25,Flat,0-500,,,1,,,,,
0.1,0-25,Flat,1501-2500,,,1,,,,,
0.9,0-25,Flat,0-500,,,1,,,,,
0.1,0-25,Flat,0-500,,,1,,,,,
0.1,0-25,Flat,0-500,,,1,,,,,
0.1,0-25,Flat,0-500,,,1,,,,,
0.2,0-25,Flat,0-500,,,1,,,,,
0.1,0-25,Flat,0-500,,,1,,,,,
0.1,0-25,Flat,0-500,,,1,,,,,
0.1,0-25,Flat,0-500,,,1,,,,,
0.1,0-25,South West,0-500,,,,,,,1,
0.1,0-25,Flat,0-500,,,1,,,,,
0.1,0-25,Flat,0-500,,,1,,,,,
0.1,0-25,Flat,0-500,1,,,,,,,
0.1,0-25,Flat,0-500,,,1,,,,,
0.1,0-25,West,1501-2500,,,,,,,,1
0.8,0-25,SW,0-500,,,1,,,,,
0.1,0-25,S,0-500,,,1,,,,,
0.2,0-25,NW,0-500,,,,,1,,,
0.1,0-25,S,501-1500,,,,,,,1,
0.1,0-25,S,501-1500,,,,,,,,1
0.1,0-25,N,2501-3500,,,,,,,1,
0.1,0-25,N,0-500,,,,,,,1,
0.1,26-40,SE,1501-2500,1,,,,,,,
0.1,0-25,NW,2501-3500,,,1,,,,,
0.1,0-25,Flat,0501-1500,,,,,1,,,
0.1,0-25,S,0-500,1,,,,,,,
0.1,0-25,Flat,1501-2500,,,1,,,,,
0.1,0-25,Flat,501-1500,1,,,,,,,
0.3,0-25,NW,1501-2500,1,,,,,,,
0.1,Unknown,Unknown,Unknown,,,1,,,,,
0.1,0-25,SE,0-500,,,1,,,,,
0.1,Unknown,Unknown,Unknown,,,,,,,1,
0.1,0-25,SW,0-500,,,1,,,,,
0.1,0-25,Flat,0501-1500,,,,,,,1,
0.1,0-25,S,501-1500,,,,,,,,1
0.4,0-25,NE,2501-3500,,,1,,,,,
0.1,Unknown,Unknown,Unknown,,,,,,,1,
0.1,0-25,E,0-500,,,1,,,,,
0.1,Unknown,Unknown,Unknown,,,,,,,,1
0.1,0-25,W,0-500,,,1,,,,,
0.1,0-25,NE,501-1500,,,1,,,,,
0.1,0-25,SE,0-500,,,1,,,,,
0.1,0-25,W,0-500,,,1,,,,,
0.1,Unknown,Unknown,Unknown,,,,,,,1,
0.1,0-25,NW,0-500,,,1,,,,,
0.1,0-25,E,501-1500,,,1,,,,,
0.1,41-55,SW,501-1500,,,1,,,,,
74,41-55,NW,1501-2500,1,,,,,,,
23.4,0-25,W,0-500,,,1,,,,,
25.7,0-25,SE,0-500,1,,,,,,,
0.1,0-25,SW,0-500,,,1,,,,,
0.1,26-40,NE,0-500,,,,,,,,1
0.1,0-25,SE,0-500,,,1,,,,,
0.1,0-25,W,0-500,,,1,,,,,
5939.5,0-25,SW,0-500,1,,,,,,,
0.1,0-25,E,501-1500,,,1,,,,,
0.1,0-25,W,0-500,,,,,1,,,
0.2,0-25,N,0-500,,,,,1,,,
0.5,0-25,SW,0-500,,,1,,,,,
0.1,0-25,S,0-500,,,,,,,1,
0.1,0-25,SW,0-500,,,,,1,,,
0.3,0-25,W,0-500,,,1,,,,,
0.1,0-25,NW,0-500,,,,,1,,,
0.1,56-75,E,2501-3500,,,1,,,,,
0.2,0-25,NW,0-500,,,,,1,,,
0.3,0-25,NW,0-500,,,,,1,,,
0.1,0-25,SE,0-500,,,1,,,,,
871,0-25,SW,501-1500,,,,,,,,1
0.2,0-25,E,2501-3500,1,,,,,,,
9344.9,0-25,W,0-500,1,,,,,,,
59.3,0-25,W,501-1500,,,,,,,,1
2732.9,0-25,N,0-500,,,1,,,,,
0.3,0-25,SW,0-500,,,,,1,,,
0.6,41-55,S,501-1500,,,,,1,,,
0.1,0-25,NE,0-500,,,1,,,,,
0.1,0-25,NW,0-500,,,1,,,,,
0.1,0-25,N,0-500,,,,,1,,,
0.1,0-25,W,0-500,,,,,1,,,
0.1,0-25,SW,501-1500,,,,,1,,,
0.1,0-25,NW,0-500,,,1,,,,,
0.1,0-25,SW,0-500,,,,,1,,,
0.1,0-25,NW,0-500,,,1,,,,,
0.1,26-40,SE,0-500,,,1,,,,,
3288.8,0-25,W,0-500,1,,,,,,,
0.1,0-25,N,0-500,,,,,,,1,
1314.2,0-25,W,0-500,1,,,,,,,
1,0-25,W,0-500,,,,,1,,,
2.5,0-25,NW,0-500,1,,,,,,,
0.1,0-25,Flat,0-500,,,1,,,,,
0.2,0-25,SW,0-500,,,,,1,,,
0.1,0-25,S,0-500,,,,,1,,,
0.1,0-25,South West,0-500,1,,,,,,,
0.4,0-25,South West,0-500,,,1,,,,,
0.1,0-25,E,0-500,,,1,,,,,
0.1,0-25,Flat,0-500,1,,,,,,,
0.1,0-25,Flat,0-500,,,,,,,1,
0.1,0-25,SW,0-500,,,1,,,,,
0.1,0-25,N,0-500,,,1,,,,,
0.1,0-25,N,0-500,,,,,,,1,
0.1,Unknown,Unknown,Unknown,,,,,,,1,
0.1,0-25,NW,1501-2500,1,,,,,,,
0.1,0-25,Flat,0-500,,,1,,,,,
0.1,0-25,SE,0-500,,,1,,,,,
1,26-40,NW,1501-2500,,,,,,,,1
0.1,0-25,Flat,0-500,1,,,,,,,
0.1,0-25,Flat,0-500,1,,,,,,,
8.7,0-25,SW,501-1500,1,,,,,,,
0.8,0-25,W,1501-2500,,,,,,,,1
0.1,41-55,NW,501-1500,,,,,,,,1
2,0-25,N,0-500,,,,,1,,,
1.4,0-25,SE,0-500,,,1,,,,,
0.1,0-25,NW,0-500,,,,,1,,,
155.7,41-55,SE,2501-3500,,,,,1,,,
0.2,26-40,NW,1501-2500,,,,,,,1,
0.1,0-25,Flat,0-500,,,1,,,,,
0.1,0-25,Flat,0-500,,,,,,,1,
0.1,0-25,SE,0-500,,,1,,,,,
0.3,0-25,Flat,0-500,,,1,,,,,
0.1,0-25,SW,0-500,,,,,,,1,
0.1,0-25,North,0-500,,,1,,,,,
0.5,41-55,NE,1501-2500,,,1,,,,,
0.1,0-25,Flat,Unknown,,,,,,,1,
0.1,0-25,N,0-500,,,1,,,,,
0.1,0-25,S,501-1500,,,,,1,,,
0.1,0-25,Flat,0-500,1,,,,,,,
0.1,0-25,NE,0-500,,,,,,,1,
0.1,0-25,SW,501-1500,,,1,,,,,
2,Unknown,Unknown,Unknown,1,,,,,,,
288.1,0-25,Flat,0501-1500,,1,,,,,,
156.8,0-25,Flat,0501-1500,,1,,,,,,
8,26-40,S,1501-2500,,,,,,,1,
189.3,0-25,S,501-1500,1,,,,,,,
2,41-55,SE,1501-2500,1,,,,,,,
43.5,26-40,SW,1501-2500,1,,,,,,,
8,0-25,N,501-1500,,,1,,,,,
0.6,0-25,N,0-500,1,,,,,,,
2,0-25,E,501-1500,1,,,,,,,
50.9,0-25,NE,1501-2500,1,,,,,,,
0.1,0-25,S,0-500,1,,,,,,,
51.9,0-25,NE,0-500,1,,,,,,,
0.1,0-25,SW,0-500,,,,,,,1,
9.8,0-25,NE,501-1500,,,,,,,1,
7.1,0-25,N,501-1500,1,,,,,,,
38.6,41-55,NE,1501-2500,,,,,1,,,
9.8,0-25,N,501-1500,1,,,,,,,
0.1,0-25,SW,0-500,,,,,1,,,
0.1,0-25,SW,501-1500,1,,,,,,,
0.1,0-25,N,0-500,,,,,1,,,
0.2,0-25,SE,1501-2500,,,,,,,,1
0.3,0-25,E,501-1500,,,,,1,,,
9.4,0-25,Flat,0-500,1,,,,,,,
13,26-40,NW,1501-2500,,,,,,,1,
0.3,0-25,S,2501-3500,1,,,,,,,
447.4,41-55,NE,501-1500,1,,,,,,,
0.1,0-25,W,1501-2500,1,,,,,,,
0.4,0-25,SE,0-500,,,,,1,,,
1,0-25,NW,0-500,,,,,,,,1
0.1,0-25,S,0-500,,,,,1,,,
0.1,0-25,N,501-1500,,,,,,,,1
1,0-25,Flat,0-500,,1,,,,,,
2,0-25,Flat,0-500,,1,,,,,,
0.1,56-75,N,3501-4500,,,,,,,1,
0.1,0-25,S,0-500,,,1,,,,,
21.5,0-25,Flat,0501-1500,,1,,,,,,
0.7,0-25,N,0-500,1,,,,,,,
1.3,0-25,S,0-500,1,,,,,,,
14907.3,0-25,SE,2501-3500,1,,,,,,,
0.1,26-40,N,0-500,,,,,,,1,
823.3,0-25,North West,3501-4500,,,1,,,,,
2826.9,0-25,Flat,0501-1500,1,,,,,,,
2129.6,41-55,E,1501-2500,1,,,,,,,
0.1,26-40,South West,0501-1500,1,,,,,,,
2910,0-25,Flat,0-500,,1,,,,,,
5025.7,0-25,North East,1501-2500,1,,,,,,,
3.3,0-25,Flat,0-500,,,,,1,,,
23065.6,0-25,Flat,0-500,1,,,,,,,
0.1,0-25,N,2501-3500,1,,,,,,,
0.1,0-25,N,0-500,,,,,,,1,
0.1,0-25,S,501-1500,,,,,1,,,
2,0-25,SE,0-500,1,,,,,,,
22.9,0-25,NW,0-500,1,,,,,,,
0.1,0-25,South,0-500,1,,,,,,,
0.1,0-25,S,0-500,,,,,1,,,
8873.3,0-25,Flat,0-500,1,,,,,,,
0.5,0-25,N,0-500,1,,,,,,,
21.2,0-25,Flat,0501-1500,1,1,,,,,,
0.2,41-55,W,1501-2500,1,,,,,,,
442.5,0-25,S,0-500,1,,,,,,,
0.1,Unknown,Unknown,Unknown,,,,,,,1,
0.2,0-25,S,1501-2500,,,,,,,1,
7.1,26-40,NW,501-1500,,,,,1,,,
0.1,0-25,SE,1501-2500,1,,,,,,,
1885.2,0-25,NE,0-500,1,,,,,,,
492.1,56-75,W,501-1500,1,,,,,,,
0.1,0-25,NW,0-500,,,,,1,,,
907.5,0-25,SW,0-500,,,1,,,,,
11.7,0-25,W,0-500,1,,,,,,,
0.1,26-40,SE,501-1500,,,,,,,1,
15.4,0-25,W,0-500,,,,,1,,,
2.3,0-25,NE,501-1500,1,,,,,,,
1241.9,0-25,S,0-500,1,,,,,,,
2305.1,0-25,N,0-500,,,,,1,,,
410.1,0-25,NE,0-500,1,,,,,,,
962.6,0-25,SE,0-500,1,,,,,,,
1486.3,0-25,NW,0-500,1,,,,,,,
0.1,0-25,N,0-500,,,1,,,,,
33.4,0-25,N,0-500,1,,,,,,,
838.7,0-25,SW,0-500,1,,,,,,,
6499.8,0-25,W,501-1500,1,,,,,,,
64849.4,26-40,SW,501-1500,1,,,,,,,
320.9,41-55,SW,1501-2500,1,,,,,,,
895.6,0-25,NW,501-1500,,,,,1,,,
29846,0-25,NE,501-1500,,,1,,,,,
3.2,26-40,N,1501-2500,1,,,,,,,
2288,0-25,NE,501-1500,1,,,,,,,
0.1,0-25,SW,501-1500,,,1,,,,,
903.6,0-25,W,0-500,1,,,,,,,
3864.7,0-25,W,501-1500,1,,,,,,,
0.1,41-55,S,2501-3500,,,,,1,,,
31.2,0-25,S,0-500,1,,,,,,,
0.1,0-25,W,0-500,,,,,,,1,
558,0-25,N,0-500,1,,,,,,,
8516.4,0-25,N,0-500,1,,,,,,,
20.1,26-40,N,501-1500,,,,,1,,,
23.3,26-40,SE,501-1500,1,,,,,,,
1775,0-25,N,0-500,1,,,,,,,
3267.3,0-25,W,501-1500,1,,,,,,,
282.9,0-25,W,501-1500,1,,,,,,,
8126.4,0-25,W,0-500,,,,,1,,,
0.2,0-25,SW,501-1500,,,,,,,1,
0.2,0-25,NW,0-500,,,1,,,,,
5.5,26-40,SW,501-1500,1,,,,,,,
10001.7,0-25,NE,501-1500,1,,,,,,,
8653.4,26-40,E,501-1500,1,,,,,,,
3538.3,26-40,S,501-1500,1,,,,,,,
2878.9,26-40,NW,501-1500,1,,,,,,,
81.1,0-25,W,1501-2500,,,,,1,,,
207.3,0-25,Flat,1501-2500,1,,,,,,,
84.5,0-25,N,1501-2500,,,1,,,,,
981,0-25,W,501-1500,1,,,,,,,
673.4,0-25,W,0-500,1,,,,,,,
268,0-25,N,501-1500,1,,,,,,,
964.8,0-25,SW,501-1500,1,,,,,,,
592.4,56-75,SE,1501-2500,1,,,,,,,
4103.5,0-25,SE,501-1500,1,,,,,,,
132.2,41-55,SW,501-1500,1,,,,,,,
1,0-25,Flat,0-500,,,,,1,,,
0.1,0-25,SE,0-500,,,1,,,,,
54.1,0-25,North East,1501-2500,1,,,,,,,
326.9,0-25,Flat,1501-2500,,,1,,,,,
1016.9,26-40,N,501-1500,,,,,1,,,
0.2,26-40,NE,Unknown,,,,,,,,1
5,0-25,W,0-500,,,1,,,,,
176,0-25,E,1501-2500,1,,,,,,,
0.1,0-25,Flat,0-500,1,,,,,,,
3.6,0-25,SW,0-500,,,,,1,,,
0.1,0-25,E,Unknown,1,,,,,,,
5961.3,0-25,SE,0-500,,,1,,,,,
2.6,26-40,S,1501-2500,1,,,,,,,
0.1,0-25,NE,501-1500,,,,,,,,1
0.3,0-25,SE,0-500,,,1,,,,,
2.6,26-40,East,1501-2500,,,1,1,,,,
84.5,26-40,W,501-1500,,,,,1,,,
0.1,0-25,Flat,0-500,,,,,,,,1
0.1,0-25,West,0-500,1,,,,,,,
0.1,0-25,Flat,0-500,,,,,,,,1
1,0-25,SE,0-500,,,1,,,,,
0.4,0-25,S,0-500,,,1,,,,,
0.1,0-25,SE,1501-2500,,,,,,,,1
0.1,0-25,NW,1501-2500,,,,,,,,1
0.1,0-25,SW,0-500,,,1,,,,,
0.1,0-25,NW,501-1500,,,1,,,,,
0.1,0-25,SW,0-500,,,1,,,,,
0.1,0-25,NW,0-500,,,1,,,,,
27.4,0-25,W,1501-2500,1,,,,,,,
0.1,0-25,Flat,0-500,1,,,,,,,
0.3,0-25,Flat,501-1500,1,,,,,,,
0.1,56-75,NW,501-1500,,,,,,,1,
0.1,0-25,NE,1501-2500,1,,,,,,,
367.6,0-25,S,501-1500,,,,,1,,,
0.1,0-25,N,0-500,,,1,,,,,
25.3,0-25,NW,0-500,1,,,,,,,
0.1,0-25,W,501-1500,,,1,,,,,
0.1,0-25,SW,3501-4500,,,,,,,,1
2.5,0-25,N,1501-2500,1,,,,,,,
53,0-25,NW,2501-3500,1,,,,,,,
0.1,0-25,SW,0-500,,,1,,,,,
0.3,0-25,SW,0-500,1,,,,,,,
0.5,0-25,N,0-500,1,,,,,,,
0.1,0-25,N,1501-2500,,,,,,,,1
0.1,0-25,S,0-500,,,,,,,1,
0.3,0-25,E,0-500,,,1,,,,,
18452.5,0-25,N,501-1500,1,,,,,,,
0.1,0-25,N,0-500,,,1,,,,,
0.8,0-25,N,0-500,,,1,,,,,
0.1,0-25,N,0-500,1,,,,,,,
0.3,0-25,SW,0-500,,,,,1,,,
1.3,0-25,SW,0-500,,,,,1,,,
3,0-25,Flat,0-500,,,,,,,1,
0.1,0-25,N,0-500,,,,,,,,1
1.5,0-25,E,501-1500,1,,,,,,,
0.1,0-25,SE,0-500,,,1,,,,,
0.1,0-25,W,0-500,,,1,,,,,
8,0-25,N,501-1500,1,,,,,,,
0.1,0-25,SW,0-500,,,1,,,,,
0.1,0-25,SE,0-500,,,1,,,,,
0.1,0-25,NW,0-500,1,,,,,,,
0.1,0-25,N,501-1500,,,,,,,,1
0.1,0-25,NW,0-500,,,1,,,,,
1.1,0-25,S,0-500,1,,,,,,,
0.1,0-25,NE,0-500,,,1,,,,,
0.1,0-25,S,0-500,,,1,,,,,
0.1,0-25,SW,0-500,,,,,,,1,
36.1,Unknown,Unknown,Unknown,,,1,,,,,
14912.8,41-55,NW,4501-5500,,,,,,,,1
0.1,0-25,NW,0-500,,,,,1,,,
85260.5,0-25,SW,501-1500,1,,,,,,,
51455.1,41-55,E,1501-2500,,,,,1,,,
3,Unknown,Unknown,Unknown,1,,,,,,,
0.1,0-25,S,0-500,,,,,,,,1
178.8,0-25,N,0-500,,,1,,,,,
3.1,26-40,S,501-1500,,,,,,,1,
12208.4,0-25,N,501-1500,,,,,,,,1
17498.7,41-55,S,501-1500,,,,,1,,,
22487.5,Unknown,Unknown,Unknown,1,,,,,,,
0.1,0-25,Flat,0-500,,,1,,,,,
93.4,0-25,NW,1501-2500,1,,,,,,,
2.5,0-25,E,501-1500,1,,,,,,,
0.2,0-25,NE,0-500,,,1,,,,,
24.7,0-25,NE,1501-2500,,,,,,,1,
0.1,0-25,SE,0-500,,,1,,,,,
45.3,0-25,Flat,0-500,,,1,,,,,
0.1,0-25,NW,0-500,,,1,,,,,
0.1,0-25,N,0-500,1,,,,,,,
23.9,0-25,SW,0-500,,,1,,,,,
0.1,0-25,SW,501-1500,1,,,,,,,
46.5,0-25,N,0-500,,,1,,,,,
16.5,0-25,S,0-500,,,1,,,,,
257.6,26-40,S,501-1500,,,,,1,,,
0.1,0-25,NW,0-500,,,1,,,,,
21849.6,41-55,W,501-1500,1,,,,,,,
0.5,0-25,SW,0-500,,,,,1,,,
3.5,0-25,N,0-500,,,1,,,,,
78.6,0-25,NW,0-500,1,,,,,,,
48,0-25,N,0-500,,,1,,,,,
23.5,0-25,E,0-500,,,,,1,,,
1.5,0-25,Flat,0-500,,,1,,,,,
4408.8,0-25,W,0-500,,,1,,,,,
2.6,0-25,N,0-500,,,,,1,,,
2,0-25,NW,0-500,,,,,1,,,
51.3,0-25,NW,501-1500,1,,,,,,,
30.3,0-25,NW,0-500,,,1,,,,,
2,0-25,NE,0-500,,,1,,,,,
0.3,0-25,NE,0-500,1,,,,,,,
2,0-25,SE,501-1500,,,1,,,,,
9,0-25,SW,501-1500,,,1,,,,,
782.4,0-25,N,501-1500,1,,,,,,,
0.2,0-25,SW,0-500,,,,,1,,,
145.3,26-40,SW,501-1500,,,,,1,,,
0.1,0-25,NW,501-1500,,,1,,,,,
0.1,0-25,W,0-500,,,,,1,,,
0.1,56-75,S,0-500,,,1,,,,,
3,0-25,N,0-500,,,1,,,,,
96.1,0-25,S,0-500,,,1,,,,,
0.1,0-25,Flat,0-500,,,1,,,,,
0.1,0-25,West,0-500,,,,,,,,1
1.5,0-25,N,1501-2500,,,,,1,,,
2,0-25,SE,501-1500,,,,,1,,,
6.3,0-25,E,0-500,,,1,,,,,
55.4,56-75,SE,501-1500,,,1,,,,,
330.2,56-75,E,501-1500,,,,,1,,,
181.8,41-55,W,1501-2500,,,,,1,,,
0.1,0-25,NW,501-1500,1,,,,,,,
173,0-25,SE,501-1500,1,,,,,,,
14.2,0-25,SW,0-500,,,,,,,1,
0.1,0-25,W,0-500,,,,,,,1,
0.1,0-25,W,0-500,,,,,,,1,
0.1,0-25,Flat,0-500,,,,,,,,1
4,0-25,SW,0-500,,,1,,,,,
0.1,0-25,NE,0-500,,,,,,,1,
0.1,0-25,E,0-500,,,1,,,,,
0.5,0-25,W,0-500,,,,,1,,,
3.5,0-25,S,0-500,,,,,1,,,
0.1,0-25,S,0-500,,,1,,,,,
1.2,0-25,NE,501-1500,,,,,,,,1
167182.9,0-25,N,0-500,1,,,,,,,
126,0-25,NE,501-1500,,,,,,,,1
0.1,0-25,SW,0-500,,,1,,,,,
0.2,0-25,N,0-500,,,,,,,1,
7.8,0-25,SE,0-500,,,1,,,,,
2540.4,0-25,NW,0-500,,,,,,,,1
308922.7,0-25,W,0-500,1,,,,,,,
18.7,26-40,E,501-1500,1,,,,,,,
5.5,0-25,N,501-1500,1,,,,,,,
0.3,26-40,Unknown,Unknown,,,1,,,,,
375.3,0-25,W,501-1500,,,,,,,,1
0.1,0-25,E,0-500,,,,,1,,,
0.1,0-25,South West,0-500,,,,,,,,1
0.1,0-25,Flat,0-500,,,,1,,,,
0.1,0-25,Flat,0-500,1,,,,,,,
77.1,0-25,N,0-500,,,,,1,,,
1,56-75,NE,1501-2500,,,,,1,,,
0.1,Unknown,North,0-500,,,1,,,,,
0.1,0-25,W,0-500,,,1,,,,,
0.5,0-25,S,1501-2500,1,,,,,,,
4,0-25,South,0-500,,,,1,,,,
0.1,0-25,NE,501-1500,,,,,1,,,
0.1,0-25,W,0-500,,,,,,,1,
0.3,0-25,NE,501-1500,,,1,,,,,
0.1,0-25,Flat,0-500,,,,1,,,,
24.5,0-25,N,501-1500,,,1,,,,,
11.4,26-40,SW,1501-2500,1,,,,,,,
0.3,0-25,N,501-1500,,,1,,,,,
981.5,0-25,S,Unknown,,,,,,,,1
0.1,0-25,Flat,0-500,,,1,,,,,
0.1,0-25,Flat,0-500,,,,,,,1,
0.1,0-25,S,1501-2500,,,1,,,,,
0.1,0-25,S,501-1500,,,1,,,,,
0.1,0-25,SE,0-500,,,1,,,,,
20081,26-40,N,1501-2500,1,,,,,,,
1661,0-25,Flat,0501-1500,,1,,,,,,
0.1,0-25,SE,501-1500,,,,,1,,,
0.1,0-25,S,0-500,,,1,,,,,
2,0-25,N,0-500,,,1,,,,,
1,0-25,SW,501-1500,,,1,,,,,
0.5,0-25,SE,501-1500,,,1,,,,,
0.1,0-25,E,1501-2500,1,,,,,,,
0.1,Unknown,Unknown,Unknown,,,,,,,1,
1.3,0-25,N,0-500,,,1,,,,,
0.1,0-25,NE,0-500,,,,,,,1,
0.1,0-25,N,1501-2500,1,,,,,,,
0.4,0-25,W,0-500,,,1,,,,,
0.1,0-25,N,501-1500,,,1,,,,,
0.1,0-25,SE,501-1500,,,1,,,,,
0.7,0-25,NW,0-500,,,1,,,,,
0.1,0-25,W,501-1500,,,,,,,,1
0.1,0-25,SW,0-500,,,1,,,,,
0.1,0-25,S,501-1500,,,1,,,,,
0.1,0-25,SW,501-1500,,,1,,,,,
0.1,0-25,NE,501-1500,,,1,,,,,
0.1,0-25,N,0-500,,,1,,,,,
4,Unknown,Unknown,Unknown,,,,,,,1,
0.1,0-25,Flat,0501-1500,,,1,,,,,
0.1,0-25,N,501-1500,,,,,1,,,
0.5,0-25,N,0-500,,,,,1,,,
0.2,0-25,N,0-500,,,1,,,,,
0.5,0-25,N,0-500,,,,,1,,,
2.2,0-25,NE,0-500,,,1,,,,,
0.2,0-25,NW,501-1500,,,,,1,,,
0.1,0-25,S,0-500,,,1,,,,,
0.2,0-25,SW,0-500,,,1,,,,,
0.1,0-25,Flat,1501-2500,,,,,,,1,
3.4,0-25,SE,501-1500,,,,,1,,,
0.1,0-25,Flat,1501-2500,1,,,,,,,
0.1,0-25,NW,0-500,,,,,,,,1
0.1,0-25,Flat,1501-2500,,,1,,,,,
0.1,0-25,Flat,1501-2500,1,,,,,,,
0.1,Unknown,Unknown,Unknown,,,,,,,1,
0.1,0-25,Flat,0-500,,,1,,,,,
1.5,26-40,NW,1501-2500,,,1,,,,,
3,41-55,S,1501-2500,,,1,,,,,
0.1,0-25,W,0-500,,,,,,,1,
0.1,0-25,SW,0-500,,,,,,,1,
0.1,0-25,N,0-500,,,,,,,1,
0.1,0-25,N,0-500,,,1,,,,,
0.4,0-25,N,0-500,,,,,,,1,
0.1,0-25,N,0-500,,,1,,,,,
0.9,0-25,N,0-500,,,,,,,1,
0.1,0-25,NW,0-500,,,,,,,1,
0.5,0-25,Flat,1501-2500,,,1,,,,,
6.5,41-55,W,0-500,,,1,,,,,
0.3,0-25,W,0-500,,,,,1,,,
2.5,0-25,SW,0-500,,,1,,,,,
0.1,0-25,N,0-500,,,1,,,,,
0.5,0-25,SW,0-500,,,1,,,,,
0.2,0-25,East,0-500,,,1,,,,,
0.2,0-25,N,0-500,,,1,,,,,
0.1,0-25,W,0-500,,,1,,,,,
0.3,41-55,NE,0-500,,,,,1,,,
0.1,0-25,E,0-500,,,1,,,,,
0.1,0-25,S,1501-2500,,,,,,,,1
0.1,0-25,Flat,0-500,,,1,,,,,
0.1,0-25,Flat,0-500,,,1,,,,,
1554,0-25,N,0-500,,,,,,,1,
0.1,Unknown,Unknown,Unknown,,,,,,,1,
0.1,0-25,E,501-1500,,,1,,,,,
0.1,0-25,NW,0-500,,,1,,,,,
0.1,0-25,Flat,0-500,,,1,,,,,
0.1,0-25,Flat,0-500,,,1,,,,,
0.1,0-25,Flat,0-500,,,1,,,,,
0.1,0-25,Flat,0-500,,,1,,,,,
0.1,0-25,SE,0-500,,,1,,,,,
0.1,0-25,SW,0-500,,,,,,,,1
34,0-25,N,0-500,,,1,,,,,
0.1,0-25,E,501-1500,,,1,,,,,
0.1,26-40,SE,0-500,,,1,,,,,
0.1,0-25,Flat,0501-1500,,,1,,,,,
0.2,0-25,W,501-1500,,,1,,,,,
0.2,0-25,NW,0-500,,,,,,,1,
0.1,0-25,Flat,1501-2500,1,,,,,,,
0.3,0-25,NW,0-500,,,1,,,,,
136.1,0-25,SW,0-500,,,1,,,,,
3.2,0-25,N,501-1500,,,1,,,,,
0.1,0-25,N,0-500,,,1,,,,,
0.1,0-25,NW,0-500,,,1,,,,,
0.1,0-25,SW,501-1500,,,,,,,1,
0.1,0-25,SW,0-500,,,1,,,,,
0.8,0-25,N,0-500,,,1,,,,,
0.1,Unknown,Unknown,Unknown,,,,,,,1,
0.5,0-25,E,0-500,,,1,,,,,
0.1,0-25,Flat,1501-2500,,,1,,,,,
0.1,0-25,Flat,1501-2500,,,1,,,,,
0.1,0-25,Flat,1501-2500,,,1,,,,,
0.1,0-25,Flat,1501-2500,,,1,,,,,
0.1,0-25,Flat,1501-2500,,,1,,,,,
0.1,0-25,Flat,1501-2500,,,1,,,,,
0.1,Unknown,Unknown,Unknown,,,,,,,1,
13646.1,0-25,Flat,0501-1500,,,,,,,1,
0.1,26-40,West,1501-2500,,,,,,,1,
0,Unknown,Unknown,Unknown,,,,,,,1,
0.1,0-25,NE,501-1500,,,1,,,,,
0.5,0-25,S,501-1500,,,,,1,,,
0.1,0-25,Flat,0-500,,,,,,,1,
0.1,0-25,South East,0-500,,,,,,,1,
2.3,0-25,N,1501-2500,,,1,,,,,
0,Unknown,Unknown,Unknown,,,,,,,1,
0.1,0-25,Flat,1501-2500,,,1,,,,,
6,0-25,Flat,0-500,,,1,,,,,
0.1,0-25,NE,501-1500,1,,,,,,,
0.1,0-25,N,501-1500,,,,,1,,,
0.1,0-25,South,0-500,1,,,,,,,
0.1,Unknown,Unknown,Unknown,,,,,,,1,
0.3,Unknown,Unknown,Unknown,,,,,,,1,
0.1,Unknown,Unknown,Unknown,,,,,,,1,
0.2,0-25,NW,0-500,,,1,,,,,
0.1,0-25,NW,0-500,,,,,1,,,
0.1,0-25,SW,0-500,,,,,1,,,
0.1,Unknown,Unknown,Unknown,,,,,,,1,
5,26-40,W,1501-2500,,,,,,,,1
1,0-25,Flat,0501-1500,,1,,,,,,
0.2,Unknown,Unknown,Unknown,,,,,,,,1
0.1,0-25,W,0-500,,,1,,,,,
0.1,0-25,NW,0-500,1,,,,,,,
2.1,Unknown,Unknown,Unknown,,,,,,,1,
0.1,Unknown,Unknown,Unknown,,,,,,,1,
0.1,0-25,Flat,501-1500,,,,,1,,,
0.5,0-25,N,501-1500,1,,,,,,,
0.5,0-25,NE,0-500,,,,,,,1,
0.1,Unknown,Unknown,Unknown,,,,,,,1,
0.1,0-25,NW,501-1500,,,,,,,,1
1.3,56-75,S,501-1500,,,1,,,,,
0.1,Unknown,Unknown,Unknown,,,,,,,1,
0.1,0-25,SE,0-500,,,1,,,,,
0.1,0-25,SW,501-1500,,,,,,,,1
0.1,26-40,SE,1501-2500,,,,,1,,,
0.2,Unknown,Unknown,501-1500,,,,,,,1,
55.5,0-25,Flat,0-500,1,,,,,,,
0.1,0-25,S,0-500,,,,,,,,1
0.1,Unknown,Unknown,Unknown,,,,,,,1,
3.2,0-25,Flat,0-500,1,,,,,,,
5.2,0-25,Flat,0501-1500,,1,,,,,,
3044.5,0-25,Flat,0501-1500,1,,,,,,,
27193.6,0-25,N,1501-2500,,,,,1,,,
0.1,0-25,N,501-1500,,,1,,,,,
0.1,0-25,NE,0-500,,,,,,,,1
0.2,0-25,SE,0-500,,,1,,,,,
0.1,0-25,S,1501-2500,,,,,,,,1
0.1,0-25,NW,0-500,,,,,1,,,
0.1,0-25,N,1501-2500,,,1,,,,,
0.1,0-25,S,501-1500,1,,,,,,,
0.1,0-25,N,0-500,,,,,1,,,
5.7,0-25,NE,0-500,,,1,,,,,
0.1,41-55,S,501-1500,,,1,,,,,
0.1,26-40,NE,1501-2500,1,,,,,,,
0.2,0-25,NW,1501-2500,1,,,,,,,
0.1,0-25,E,0-500,,,,,,,1,
0.1,0-25,SE,0-500,,,1,,,,,
0.1,0-25,S,0-500,,,1,,,,,
0.1,Unknown,Unknown,Unknown,,,,,,,1,
0.3,0-25,Flat,0-500,,1,,,,,,
0.1,41-55,S,0-500,1,,,,,,,
0.1,Unknown,Unknown,Unknown,,,,,,,1,
9,0-25,N,501-1500,,,,,,,,1
0.1,Unknown,Unknown,Unknown,,,,,,,1,
0.1,0-25,NW,0-500,,,,,1,,,
0.1,0-25,W,0-500,,,,,1,,,
0.9,0-25,SW,0-500,,,1,,,,,
1,0-25,E,501-1500,1,,,,,,,
0.1,0-25,SW,0-500,,,,,,,,1
0.1,26-40,W,501-1500,,,,,,,,1
0.1,0-25,NW,0-500,,,1,,,,,
0.2,0-25,S,0-500,,,1,,,,,
49.7,0-25,Flat,0501-1500,,1,,,,,,
0.3,0-25,North,0-500,,,,,,,1,
0.1,0-25,SE,0-500,,,,,,,,1
0.1,Unknown,Unknown,Unknown,,,,,,,1,
0.1,0-25,S,0-500,,,1,,,,,
0.1,Unknown,Unknown,Unknown,,,,,,,1,
0.3,0-25,N,0-500,,,1,,,,,
0.1,0-25,SW,0-500,,,1,,,,,
0.3,0-25,SW,0-500,,,1,,,,,
0.1,0-25,NW,0-500,,,1,,,,,
0.2,0-25,S,0-500,,,1,,,,,
0.3,0-25,NW,0-500,,,1,,,,,
0.1,Unknown,Unknown,Unknown,,,,,,,1,
0.2,0-25,SW,0-500,,,,,,,1,
0.1,0-25,S,0-500,,,1,,,,,
0.1,0-25,Flat,0-500,,,,,,,,1
0.1,26-40,NW,501-1500,,,,,1,,,
0.3,0-25,NE,0-500,1,,,,,,,
1,0-25,Flat,0501-1500,,1,,,,,,
15,0-25,North West,0501-1500,,1,,,,,,
0.3,0-25,Flat,0501-1500,,,1,,,,,
0.1,0-25,N,0-500,,,,,1,,,
0.1,0-25,Flat,0-500,1,,,,,,,
65.2,0-25,Flat,0-500,,1,,,,,,
3,0-25,Flat,0-500,,1,,,,,,
3,0-25,Flat,0-500,1,,,,,,,
0.4,0-25,Flat,0501-1500,1,,,,,,,
36.5,0-25,NW,501-1500,1,,,,,,,
0.1,Unknown,Unknown,Unknown,,,,,,,1,
15.4,0-25,Flat,0-500,,1,,,,,,
0.2,0-25,NE,1501-2500,,,,,1,,,
0.1,0-25,S,0-500,,,,,,,,1
0.1,0-25,West,0501-1500,,1,,,,,,
0.1,0-25,NE,1501-2500,,,,,1,,,
31.3,26-40,S,2501-3500,1,,,,,,,
123,0-25,NE,1501-2500,1,,,,,,,
0.1,Unknown,Unknown,Unknown,,,,,,,1,
0.1,0-25,NW,501-1500,,,,,,,,1
0.1,Unknown,Unknown,Unknown,,,,,,,,1
0.5,0-25,Flat,0-500,1,,,,,,,
2.5,0-25,SE,501-1500,1,,,,,,,
0.1,Unknown,Unknown,Unknown,,,,,,,1,
1.3,0-25,Flat,0-500,,,,,,,1,
0.3,Unknown,Unknown,Unknown,,,,,,,,1
0.1,0-25,E,501-1500,,,,,1,,,
4.5,0-25,SW,501-1500,1,,,,,,,
763.1,41-55,SE,1501-2500,,,,,,,1,
0.1,0-25,N,1501-2500,1,,,,,,,
0.1,0-25,W,501-1500,,,,,1,,,
0.1,0-25,N,501-1500,,,,,1,,,
0.1,0-25,N,501-1500,,,,,1,,,
0.1,0-25,N,501-1500,1,,,,,,,
0.2,0-25,NE,501-1500,,,,,1,,,
0.1,0-25,NE,501-1500,,,,,1,,,
1.1,0-25,Flat,0-500,1,,,,,,,
26.5,0-25,N,0-500,,,1,,,,,
0.1,0-25,SE,0-500,1,,,,,,,
0.5,26-40,NE,1501-2500,,,1,,,,,
545.7,0-25,Flat,0501-1500,1,,,,,,,
0.2,0-25,SW,0-500,,,,,1,,,
0.1,0-25,SE,501-1500,1,,,,,,,
0.3,0-25,S,0-500,,,1,,,,,
1,0-25,Flat,0-500,,,1,,,,,
0.1,0-25,NE,0-500,,,,,,,,1
2551.5,0-25,Flat,0501-1500,,1,,,,,,
32.2,0-25,W,501-1500,,,1,,,,,
0.1,0-25,W,0-500,,,,,,,1,
0.1,0-25,Flat,501-1500,1,,,,,,,
1.9,0-25,W,0-500,,,1,,,,,
0.4,0-25,SE,0-500,,,1,,,,,
54930.9,0-25,Flat,0501-1500,1,,,,,,,
2.4,0-25,East,0-500,,,,,,,,1
317.3,0-25,Flat,0-500,1,,,,,,,
170.8,0-25,SE,501-1500,,,,,1,,,
1.9,0-25,NW,501-1500,1,,,,,,,
0.5,0-25,Flat,0-500,1,,,,,,,
2676,0-25,Flat,0501-1500,,1,,,,,,
876.4,0-25,Flat,0-500,,1,,,,,,
0.1,0-25,Flat,0501-1500,,1,,,,,,
336.6,0-25,N,0-500,,,1,,,,,
0.1,0-25,N,501-1500,,,1,,,,,
4.8,0-25,Flat,0-500,1,,,,,,,
306.4,0-25,N,0-500,1,,,,,,,
75.8,0-25,NE,0-500,,,,,,,,1
2.5,0-25,W,0-500,,,,,,,,1
0.1,0-25,N,0-500,,,,,,,,1
7.4,0-25,NE,0-500,,,,,,,,1
17.3,0-25,N,0-500,1,,,,,,,
213,0-25,NE,0-500,,,,,,,,1
0.1,0-25,S,2501-3500,1,,,,,,,
63,0-25,Flat,0-500,,,,,,,,1
11305.6,0-25,Flat,2501-3500,,1,,,,,,
451.9,0-25,Flat,0-500,1,,,,,,,
28017.9,0-25,Flat,1501-2500,,1,,,,,,
446.1,0-25,SE,0-500,,,,,,,,1
0.1,0-25,SE,0-500,,,1,,,,,
81.2,0-25,W,501-1500,1,,,,,,,
10453.7,0-25,E,501-1500,1,,,,,,,
105.8,0-25,E,501-1500,1,,,,,,,
186.2,0-25,Flat,0-500,,1,,,,,,
60.5,0-25,Flat,1501-2500,1,,,,,,,
2.1,0-25,E,501-1500,1,,,,,,,
0.2,41-55,E,1501-2500,,,,,1,,,
0.2,0-25,E,0-500,1,,,,,,,
2.5,0-25,N,501-1500,1,,,,,,,
8,0-25,Flat,0501-1500,1,,,,,,,
66,0-25,W,501-1500,1,,,,,,,
1.1,0-25,NW,501-1500,1,,,,,,,
2631,0-25,NE,0-500,1,,,,,,,
20.3,0-25,Flat,0-500,,,1,,,,,
1.6,0-25,Flat,0501-1500,1,,,,,,,
0.1,0-25,NE,501-1500,,,,,1,,,
9.6,0-25,Flat,0-500,1,,,,,,,
13.6,0-25,Flat,0-500,,1,,,,,,
1.9,0-25,SE,2501-3500,1,,,,,,,
0.8,0-25,E,0-500,1,,,,,,,
0.3,0-25,SW,501-1500,1,,,,,,,
0.1,0-25,Flat,0501-1500,1,,,,,,,
0.1,26-40,S,501-1500,1,,,,,,,
0.1,0-25,South,1501-2500,1,,,,,,,
1427.1,0-25,N,501-1500,,,,,1,,,
180.7,0-25,SE,501-1500,,,,,1,,,
421.4,0-25,Flat,1501-2500,,1,,,,,,
650.7,0-25,S,501-1500,,,,,1,,,
85.3,0-25,N,501-1500,1,,,,,,,
1908.4,0-25,Flat,0-500,,1,,,,,,
71941.9,0-25,Flat,0-500,1,,,,,,,
0.1,0-25,E,0-500,,,1,,,,,
0.1,0-25,Flat,0-500,,,1,,,,,
323.1,0-25,Flat,0-500,,1,,,,,,
48.3,0-25,Flat,0-500,,1,,,,,,
32.5,0-25,NE,2501-3500,1,,,,,,,
0.4,0-25,Flat,0-500,1,,,,,,,
2.3,0-25,Flat,0-500,,1,,,,,,
76.5,0-25,Flat,0-500,,1,,,,,,
113.1,0-25,Flat,0-500,,1,,,,,,
517.6,0-25,Flat,0501-1500,,1,,,,,,
1717.8,0-25,Flat,0-500,,1,,,,,,
21417.5,0-25,Flat,0-500,1,,,,,,,
14547.4,0-25,Flat,0-500,,1,,,,,,
150,0-25,Flat,0-500,1,,,,,,,
42.8,0-25,Flat,0-500,,1,,,,,,
4,0-25,Flat,0-500,,1,,,,,,
0.1,0-25,SE,0-500,,,1,,,,,
1.1,0-25,SW,501-1500,,,,,1,,,
0.2,0-25,E,0-500,,,1,,,,,
0.1,0-25,Flat,4501-5500,,,1,,,,,
0.1,0-25,Flat,1501-2500,,1,,,,,,
56,0-25,S,0-500,,,1,,,,,
0.1,0-25,S,0-500,,,1,,,,,
4.3,0-25,North,0-500,,1,,,,,,
10,41-55,SW,1501-2500,,,,,1,,,
0.1,0-25,NE,501-1500,,,,,,,,1
2,26-40,W,501-1500,,,,,1,,,
0.1,0-25,SW,501-1500,,,1,,,,,
1.2,0-25,Flat,0-500,1,,,,,,,
2.1,0-25,S,0-500,,,,,1,,,
3.1,0-25,SE,501-1500,,,1,,,,,
0.3,0-25,SE,0-500,,,,,1,,,
0.1,0-25,S,501-1500,,,1,,,,,
0.1,0-25,W,0-500,,,,,1,,,
0.5,0-25,S,0-500,,,,,1,,,
1,0-25,Flat,0-500,,1,,,,,,
2.5,0-25,N,0-500,,,1,,,,,
0.1,0-25,SW,0-500,,,1,,,,,
0.1,0-25,W,0-500,,,1,,,,,
0.1,0-25,NE,0-500,,,,,1,,,
0.1,0-25,N,0-500,,,1,,,,,
0.1,0-25,SE,0-500,,,1,,,,,
0.1,41-55,SW,1501-2500,1,,,,,,,
0.1,0-25,N,0-500,,,1,,,,,
0.1,26-40,NW,0-500,,,1,,,,,
0.1,0-25,SE,501-1500,,,,,1,,,
0.1,0-25,SE,501-1500,,,1,,,,,
76.5,41-55,S,1501-2500,,,1,,,,,
0.1,0-25,N,0-500,,,1,,,,,
0.1,0-25,Flat,0-500,,,,,,,,1
0.3,0-25,Flat,0-500,,,1,,,,,
0.1,Unknown,Unknown,Unknown,,,,,,,,1
0.1,0-25,Flat,0-500,,,1,,,,,
0.1,0-25,Flat,0-500,,,1,,,,,
10.8,0-25,Flat,0501-1500,,,1,,,,,
3.6,0-25,Flat,0-500,,,1,,,,,
0.1,0-25,Flat,0-500,,,1,,,,,
0.1,0-25,Flat,0501-1500,,,,,1,,,
0.1,0-25,Flat,0-500,1,,,,,,,
0.1,0-25,South West,0501-1500,,,,,,,1,
0.1,0-25,Flat,0-500,,,1,,,,,
0.1,0-25,Flat,1501-2500,1,,,,,,,
0.1,0-25,Flat,0501-1500,,,,,1,,,
2.8,0-25,Flat,0501-1500,1,,,,,,,
0.1,0-25,Flat,0-500,,,,,1,,,
117,0-25,Flat,0501-1500,,,,,1,,,
0.3,0-25,Flat,0501-1500,,,,,1,,,
0.3,0-25,Flat,0501-1500,,,,,1,,,
0.1,Unknown,Unknown,Unknown,,,,,,,1,
0.1,0-25,Flat,0-500,,,1,,,,,
0.2,0-25,Flat,0-500,,,1,,,,,
280,0-25,Flat,0501-1500,,,,,1,,,
0.4,0-25,Flat,0-500,,,1,,,,,
0.1,Unknown,Unknown,Unknown,,,,,,,1,
1,0-25,Flat,0501-1500,,,1,,,,,
0.1,0-25,Flat,0-500,,,,,,,,1
450,0-25,Flat,0501-1500,,,,,1,,,
0.1,0-25,Flat,0501-1500,1,,,,,,,
0.1,0-25,Flat,0501-1500,1,,,,,,,
0.1,0-25,Flat,0-500,,,1,,,,,
1,0-25,Flat,0-500,,,1,,,,,
0.2,0-25,East,0-500,,,1,,,,,
3.4,0-25,Flat,0501-1500,,,1,,,,,
0.1,0-25,Flat,0-500,,,1,,,,,
0.3,0-25,Flat,0-500,,,,,1,,,
0.3,26-40,South West,0501-1500,,,,,1,,,
0.1,0-25,Flat,0-500,,,1,,,,,
0.1,0-25,Flat,0501-1500,,,,,1,,,
0.1,0-25,Flat,0501-1500,,,,,,,,1
0.1,0-25,Flat,0-500,,,,,,,,1
0.1,0-25,Flat,501-1500,,,,,,,1,
680,0-25,Flat,0-500,,,,,,,1,
0.5,0-25,South East,0-500,,,1,,,,,
0.1,0-25,Flat,0-500,,,1,,,,,
0.1,0-25,Flat,0-500,,,1,,,,,
0.1,0-25,Flat,0-500,,,1,,,,,
0.1,0-25,South East,0-500,,,,,,,,1
0.1,Unknown,Unknown,Unknown,,,,,,,1,
0.1,0-25,Flat,0501-1500,,,1,,,,,
0.4,0-25,Flat,0-500,1,,,,,,,
70,0-25,NE,501-1500,,,,,,,1,
0.5,0-25,South West,0-500,,,1,,,,,
56,0-25,Flat,0-500,,,,,,,1,
17.9,0-25,South West,0-500,,,1,,,,,
96.6,0-25,Flat,0-500,,,,,,,,1
1.1,0-25,Flat,0-500,,,,,,,1,
0.3,0-25,N,0-500,,,1,,,,,
0.1,0-25,N,501-1500,1,,,,,,,
0.5,0-25,Flat,0-500,1,,,,,,,
0.1,0-25,Flat,501-1500,,,,,1,,,
0.1,0-25,SE,501-1500,1,,,,,,,
0.1,0-25,N,501-1500,,,,,,,,1
1,26-40,S,2501-3500,1,,,,,,,
0.1,0-25,N,0-500,,,1,,,,,
0.1,0-25,N,0-500,,,,,,,,1
0.1,0-25,SE,501-1500,,,,,1,,,
0.1,0-25,SW,501-1500,,,,,,,,1
3,0-25,NE,1501-2500,1,,,,,,,
0.1,0-25,N,1501-2500,,,1,,,,,
0.1,0-25,W,0-500,,,,,1,,,
0.1,0-25,SE,501-1500,,,,,,,,1
2.7,0-25,SE,1501-2500,1,,,,,,,
0.8,0-25,NW,1501-2500,1,,,,,,,
0.1,0-25,N,0-500,1,,,,,,,
0.1,41-55,SE,0-500,,,1,,,,,
0.1,0-25,NW,0-500,,,1,,,,,
0.1,0-25,S,0-500,1,,,,,,,
0.1,0-25,Flat,1501-2500,1,,,,,,,
0.5,0-25,Flat,0501-1500,,,,,,,,1
98,0-25,SE,1501-2500,1,,,,,,,
0.2,26-40,SW,0-500,,,,,1,,,
0.1,26-40,SE,0-500,,,,,,,1,
0.1,Unknown,Unknown,Unknown,,,,,,,1,
26.8,0-25,Flat,0-500,1,,,,,,,
39,0-25,Flat,0501-1500,1,,,,,,,
29.1,0-25,North West,1501-2500,1,,,,,,,
20,0-25,Flat,0-500,1,,,,,,,
0.1,26-40,S,501-1500,,,,,1,,,
0.1,Unknown,Unknown,Unknown,,,,,,,1,
0.1,0-25,SW,501-1500,,,1,,,,,
1626.9,0-25,Flat,0-500,1,,,,,,,
0.1,26-40,NE,0-500,,,1,,,,,
0.4,0-25,Flat,501-1500,1,,,,,,,
408.2,0-25,Flat,0-500,,,1,,,,,
23819.6,0-25,Flat,0501-1500,1,,,,,,,
0.2,0-25,Flat,0-500,1,,,,,,,
0.1,0-25,Flat,0-500,,,1,,,,,
4,0-25,Flat,0501-1500,,,,,,,,1
31.8,0-25,Flat,1501-2500,,1,,,,,,
8.9,0-25,Flat,0501-1500,,1,,,,,,
198.8,0-25,Flat,0-500,1,,,,,,,
0.1,0-25,W,0-500,,,,,1,,,
4.4,0-25,Flat,0501-1500,,1,,,,,,
0.1,0-25,Flat,501-1500,1,,,,,,,
0.1,0-25,Flat,0-500,,,,,,,1,
103.3,0-25,Flat,0501-1500,1,,,,,,,
73.3,0-25,East,0501-1500,,1,,,,,,
37.7,0-25,Flat,0501-1500,1,,,,,,,
66.1,0-25,Flat,0501-1500,1,,,,,,,
905.6,0-25,NW,501-1500,1,,,,,,,
22,41-55,SE,1501-2500,,,,,1,,,
3759.5,0-25,Flat,0501-1500,1,,,,,,,
411.2,0-25,Flat,0501-1500,1,,,,,,,
0.1,0-25,S,0-500,,,,,1,,,
2.8,0-25,N,1501-2500,,,,,1,,,
0.1,0-25,W,0-500,,,,,1,,,
1,0-25,West,1501-2500,,1,,,,,,
46714.6,0-25,Flat,0501-1500,1,,,,,,,
110.8,0-25,South West,0501-1500,1,,,,,,,
2.5,0-25,Flat,0501-1500,1,,,,,,,
0.2,0-25,Flat,0-500,1,,,,,,,
1,26-40,S,2501-3500,,,,,1,,,
14.3,0-25,Flat,0501-1500,1,,,,,,,
0.1,Unknown,Unknown,Unknown,,,,,,,1,
1117,0-25,Flat,0501-1500,1,,,,,,,
187.5,0-25,Flat,0-500,1,,,,,,,
40201.5,0-25,Flat,0501-1500,1,,,,,,,
0.2,0-25,N,0-500,1,,,,,,,
0.1,0-25,Flat,0501-1500,1,,,,,,,
5,0-25,Flat,0-500,1,,,,,,,
431.8,0-25,Flat,1501-2500,,1,,,,,,
0.1,0-25,NW,501-1500,,,,,1,,,
220.1,0-25,Flat,0501-1500,,1,,,,,,
166,0-25,South,1501-2500,,1,,,,,,
2,0-25,Flat,0501-1500,1,,,,,,,
0.5,0-25,Flat,1501-2500,,1,,,,,,
12,0-25,Flat,0-500,1,,,,,,,
78857.9,0-25,Flat,0501-1500,1,,,,,,,
0.1,0-25,E,501-1500,,,,,,,,1
32714.6,0-25,Flat,1501-2500,,,1,,,,,
0.1,0-25,Flat,0501-1500,,1,,,,,,
3.1,0-25,Flat,0501-1500,,1,,,,,,
2419.1,0-25,Flat,0501-1500,,1,,,,,,
0.1,0-25,W,501-1500,1,,,,,,,
40906.4,0-25,Flat,1501-2500,1,,,,,,,
25,0-25,Flat,2501-3500,,1,,,,,,
2876.5,0-25,Flat,0501-1500,,1,,,,,,
0.1,0-25,N,0-500,,,,,1,,,
404.4,0-25,South East,1501-2500,1,,,,,,,
12510.1,0-25,Flat,0501-1500,1,,,,,,,
7,0-25,Flat,0501-1500,1,,,,,,,
0.2,0-25,Flat,1501-2500,,1,,,,,,
4.7,0-25,Flat,0-500,,1,,,,,,
1647.4,0-25,Flat,0-500,,1,,,,,,
2870.3,0-25,Flat,0-500,,1,,,,,,
0.3,0-25,Flat,1501-2500,,1,,,,,,
14.6,0-25,Flat,0501-1500,1,,,,,,,
17.4,0-25,Flat,0-500,,1,,,,,,
4.2,0-25,NW,501-1500,,,,,,,1,
3130,0-25,Flat,0501-1500,,1,,,,,,
491.6,0-25,East,0501-1500,,,,,,,,1
2549.3,0-25,Flat,0501-1500,1,,,,,,,
0.1,0-25,N,0-500,,,,,,,1,
0.1,56-75,S,0-500,,,1,,,,,
0.1,0-25,Flat,0-500,,,1,,,,,
93520.3,0-25,Flat,0501-1500,1,,,,,,,
0.1,0-25,SE,0-500,,,,,,,,1
127,0-25,SW,0-500,1,,,,,,,
56,0-25,SW,501-1500,1,,,,,,,
0.5,0-25,NW,1501-2500,1,,,,,,,
8.5,0-25,N,1501-2500,,,1,,,,,
23964.3,0-25,Flat,0501-1500,1,,,,,,,
171.1,0-25,Flat,1501-2500,1,,,,,,,
34.1,0-25,W,1501-2500,1,,,,,,,
2980.3,0-25,East,1501-2500,,,,,,,,1
76,0-25,Flat,0501-1500,,1,,,,,,
501,0-25,Flat,0501-1500,,1,,,,,,
284.6,0-25,Flat,0501-1500,,1,,,,,,
0.1,0-25,W,0-500,,,,,1,,,
2,0-25,Flat,1501-2500,,1,,,,,,
21.8,26-40,North East,1501-2500,,,,1,,,,
0.1,0-25,NW,0-500,1,,,,,,,
2,0-25,Flat,0501-1500,,1,,,,,,
100,41-55,SW,0-500,,,,,,,,1
3.8,0-25,E,0-500,,,,,1,,,
2,0-25,Flat,0501-1500,1,,,,,,,
6,0-25,Flat,0501-1500,,,1,,,,,
254,0-25,NE,0-500,1,,,,,,,
6,26-40,West,0-500,,1,,,,,,
7,41-55,E,501-1500,1,,,,,,,
19.6,0-25,Flat,0501-1500,1,,,,,,,
9,0-25,Flat,1501-2500,,1,,,,,,
3114.9,0-25,Flat,0-500,,1,,,,,,
0.4,0-25,Flat,0501-1500,,,1,,,,,
1,0-25,Flat,0-500,1,,,,,,,
1016,0-25,Flat,0-500,1,,,,,,,
9.1,0-25,South East,1501-2500,,1,,,,,,
0.1,0-25,NE,0-500,,,,,1,,,
0.1,Unknown,Unknown,Unknown,,,,,,,1,
3,0-25,Flat,0501-1500,,,,,,,,1
3,0-25,N,1501-2500,1,,,,,,,
10.2,26-40,SE,501-1500,,,,,1,,,
0.1,Unknown,Unknown,Unknown,,,,,,,1,
15,0-25,SE,501-1500,,,,,1,,,
2,0-25,Flat,0-500,,1,,,,,,
0.1,0-25,Flat,0-500,,1,,,,,,
0.1,0-25,Flat,0-500,,1,,,,,,
11.5,0-25,Flat,0-500,,1,,,,,,
0.1,0-25,Flat,0-500,,1,,,,,,
0.1,0-25,Flat,501-1500,,,1,,,,,
0.1,0-25,W,0-500,,,,,,,1,
0.1,0-25,SE,1501-2500,,,1,,,,,
178.2,0-25,Flat,0-500,,1,,,,,,
512.2,0-25,Flat,0-500,,1,,,,,,
8344.9,26-40,E,1501-2500,1,,,,,,,
0.1,0-25,N,501-1500,,,,,,,1,
0.1,26-40,SE,501-1500,,,,,,,,1
567,26-40,E,501-1500,,,,,,,,1
3078.8,0-25,East,0501-1500,1,,,,,,,
306.8,0-25,West,1501-2500,,1,,,,,,
6087.9,0-25,Flat,0-500,,1,,,,,,
5,0-25,Flat,0-500,,1,,,,,,
12156,0-25,Flat,0-500,,1,,,,,,
0.8,0-25,Flat,0501-1500,,1,,,,,,
1,0-25,Flat,0-500,,1,,,,,,
16002.8,0-25,Flat,0501-1500,,1,,,,,,
0.2,0-25,Flat,1501-2500,,1,,,,,,
20131.9,0-25,Flat,0-500,,1,,,,,,
979.5,26-40,N,1501-2500,1,,,,,,,
879.3,0-25,Flat,0501-1500,,1,,,,,,
3.5,0-25,Flat,0-500,,,,,,,,1
3.8,0-25,Flat,0501-1500,,1,,,,,,
3,0-25,Flat,0-500,,1,,,,,,
0.5,0-25,Flat,0-500,1,,,,,,,
64.8,0-25,Flat,0-500,,1,,,,,,
2690.8,0-25,Flat,0-500,,1,,,,,,
20.5,0-25,Flat,0-500,,,,,,,,1
616.5,0-25,E,501-1500,,,,,,,1,
8.3,41-55,N,1501-2500,1,,,,,,,
1.5,0-25,SE,2501-3500,,,,,,,,1
0.1,0-25,NE,2501-3500,,,,,,,,1
0.5,0-25,Flat,2501-3500,,,,,,,,1
779,0-25,SE,0-500,,,,,,,,1
90,0-25,NE,0-500,,,1,,,,,
0.1,0-25,SE,0-500,,,1,,,,,
0.1,0-25,N,0-500,,,,,1,,,
13924,0-25,SW,501-1500,,,,,,,1,
322.6,0-25,Flat,0-500,,,,,,,,1
352,0-25,N,501-1500,,,,,1,,,
2653,41-55,W,501-1500,,,,,1,,,
16823.9,0-25,NW,1501-2500,1,,,,,,,
16514,0-25,SW,0-500,1,,,,,,,
12945,56-75,N,1501-2500,,,,,,,1,
26,0-25,N,501-1500,1,,,,,,,
42,0-25,N,501-1500,1,,,,,,,
773,0-25,N,0-500,,,,,,,,1
0.1,0-25,SE,0-500,,,,,,,1,
645,0-25,N,0-500,,,,,,,,1
0.1,0-25,NE,1501-2500,,,,,,,,1
5.2,0-25,Flat,0501-1500,,1,,,,,,
0.1,Unknown,Unknown,Unknown,,,,,,,1,
1558,0-25,N,0-500,1,,,,,,,
0.5,0-25,S,501-1500,,,,,1,,,
0.3,0-25,NE,501-1500,,,,,,,,1
0.1,0-25,SW,0-500,,,,,1,,,
1.5,0-25,Flat,1501-2500,1,,,,,,,
0.1,0-25,SW,0-500,,,1,,,,,
332,0-25,Flat,0501-1500,,1,,,,,,
832.4,0-25,N,1501-2500,1,,,,,,,
0.1,0-25,SW,1501-2500,,,,,1,,,
0.1,0-25,W,501-1500,,,,,,,1,
0.1,0-25,W,501-1500,1,,,,,,,
0.2,0-25,NE,1501-2500,1,,,,,,,
2,26-40,SW,2501-3500,,,1,,,,,
0.1,0-25,North West,0501-1500,,,,,,,,1
0.1,0-25,Flat,Unknown,,,,,,,,1
0.1,0-25,Flat,0-500,,,1,,,,,
0.1,0-25,SW,0-500,,,1,,,,,
0.1,41-55,SE,0-500,,,,,,,,1
0.1,0-25,NW,1501-2500,,,,,,,,1
0.1,0-25,E,0-500,,,1,,,,,
0.1,0-25,N,0-500,,,,,,,,1
0.1,0-25,NW,501-1500,1,,,,,,,
78.8,0-25,Flat,0501-1500,1,,,,,,,
0.1,0-25,Flat,0-500,,,1,,,,,
0.1,0-25,N,0-500,,,1,,,,,
0.4,0-25,N,501-1500,,,,,,,,1
0.1,0-25,NW,0-500,1,,,,,,,
0.1,0-25,Flat,0-500,,,1,,,,,
3,0-25,Flat,1501-2500,,,,1,,,,
0.5,26-40,North East,0501-1500,,,1,,,,,
8,0-25,Flat,1501-2500,,,,1,,,,
0.5,0-25,N,0-500,,,1,,,,,
40,26-40,S,501-1500,,,1,,,,,
0.1,56-75,Flat,0-500,,,1,,,,,
0.1,0-25,Flat,0-500,,,1,,,,,
0.5,0-25,SE,501-1500,,,,,,,,1
2,0-25,N,0-500,,,1,,,,,
2,0-25,E,501-1500,,,1,,,,,
0.1,0-25,SE,501-1500,,,,,,,,1
0.5,0-25,Flat,1501-2500,,,1,,,,,
1,0-25,SW,0-500,,,1,,,,,
38.8,0-25,Flat,0-500,,,1,,,,,
0.1,0-25,Flat,0-500,,,1,,,,,
0.3,0-25,N,0-500,,,,,1,,,
0.1,0-25,SW,0-500,,,1,,,,,
0.2,0-25,Flat,0501-1500,,,1,,,,,
0.1,0-25,SW,501-1500,,,1,,,,,
0.1,0-25,Flat,0501-1500,,,1,,,,,
0.1,0-25,Flat,0-500,,,1,,,,,
91,41-55,W,501-1500,,,1,,,,,
0.1,0-25,Flat,0501-1500,,,1,,,,,
0.3,0-25,W,501-1500,,,1,,,,,
0.1,0-25,Flat,0-500,,,1,,,,,
0.1,0-25,NE,501-1500,,,1,,,,,
0.1,0-25,SW,501-1500,,,1,,,,,
0.1,0-25,SE,0-500,,,1,,,,,
0.1,0-25,S,0-500,,,,,1,,,
0.2,0-25,NE,501-1500,,,1,,,,,
1.2,0-25,E,501-1500,,,,,1,,,
0.1,0-25,Flat,0-500,,,1,,,,,
0.1,0-25,S,0-500,,,1,,,,,
0.1,0-25,Flat,0-500,,,1,,,,,
0.1,0-25,SW,0-500,,,1,,,,,
7.2,0-25,W,0-500,,,,,1,,,
0.1,0-25,Flat,0-500,,,1,,,,,
25,0-25,NE,501-1500,,,1,,,,,
0.1,0-25,Flat,0-500,,,1,,,,,
0.2,0-25,S,0-500,,,,,1,,,
1,0-25,SW,0-500,,,,,1,,,
0.1,0-25,Flat,0-500,,,1,,,,,
0.1,0-25,SW,0-500,,,1,,,,,
0.1,0-25,Flat,0-500,,,,,1,,,
0.2,0-25,S,0-500,,,1,,,,,
0.5,0-25,Flat,0-500,,,,,1,,,
0.3,0-25,Flat,0-500,,,1,,,,,
1222,0-25,NW,501-1500,,,,,,,1,
0.4,0-25,S,501-1500,,,1,,,,,
0.1,0-25,N,0-500,,,1,,,,,
10,0-25,Flat,0501-1500,,,,,,,,1
0.1,0-25,Flat,0501-1500,,,1,,,,,
0.1,26-40,E,0-500,,,1,,,,,
0.2,0-25,Flat,0501-1500,,,1,,,,,
0.1,0-25,S,501-1500,,,,,1,,,
0.1,0-25,N,1501-2500,1,,,,,,,
0.1,0-25,W,0-500,,,1,,,,,
0.1,0-25,SE,0-500,,,1,,,,,
0.9,Unknown,Unknown,Unknown,,,,,,,1,
0.1,0-25,N,1501-2500,1,,,,,,,
0.1,0-25,N,1501-2500,,,1,,,,,
1.3,0-25,W,0-500,,,1,,,,,
0.2,0-25,SE,501-1500,,,1,,,,,
2,56-75,S,0-500,,,,,1,,,
0.2,0-25,NW,0-500,,,,,1,,,
0.3,0-25,SW,501-1500,,,,,1,,,
0.1,0-25,SE,0-500,,,1,,,,,
0.2,0-25,S,0-500,,,,,1,,,
0.2,0-25,SW,501-1500,,,1,,,,,
0,Unknown,Unknown,Unknown,,,,,,,1,
1.8,0-25,Flat,501-1500,,,,,1,,,
0.1,0-25,W,0-500,,,1,,,,,
0.1,0-25,NE,0-500,,,1,,,,,
0.1,0-25,S,0-500,,,,,1,,,
2142.8,0-25,Flat,0501-1500,,1,,,,,,
0.5,0-25,Flat,501-1500,,,1,,,,,
0.1,0-25,NW,501-1500,,,,,1,,,
0.3,0-25,Flat,0-500,,,,,1,,,
0.1,Unknown,Unknown,Unknown,,,,,,,1,
820,0-25,N,501-1500,,,1,,,,,
0.2,0-25,NW,1501-2500,1,,,,,,,
0.1,Unknown,Unknown,Unknown,,,,,,,1,
0.1,0-25,S,501-1500,1,,,,,,,
0.1,0-25,N,501-1500,,,,,,,,1
0.1,0-25,NW,501-1500,1,,,,,,,
100,Unknown,Unknown,Unknown,,,,,,,1,
0.1,41-55,S,0-500,,,1,,,,,
0.1,0-25,N,0-500,,,,,1,,,
29,0-25,Flat,0-500,,,,,,,,1
0.1,0-25,SW,0-500,,,,,1,,,
45.2,26-40,West,0501-1500,,,1,,,,,
0.1,0-25,W,501-1500,1,,,,,,,
0.1,0-25,NW,1501-2500,1,,,,,,,
0.1,0-25,SE,0-500,,,,,1,,,
0.1,Unknown,Unknown,Unknown,,,,,,,1,
0.1,0-25,Flat,1501-2500,1,,,,,,,
0.1,0-25,N,1501-2500,,,,,,,1,
0.1,0-25,N,1501-2500,,,,,,,,1
0.1,0-25,Flat,0-500,,,1,,,,,
0.6,0-25,Flat,1501-2500,1,,,,,,,
0.8,0-25,N,501-1500,,,,,,,1,
0.3,0-25,SE,0-500,,,1,,,,,
0.5,0-25,S,0-500,,,1,,,,,
1.6,41-55,S,501-1500,,,,,1,,,
1.2,0-25,S,501-1500,,,1,,,,,
0.5,26-40,SW,0-500,,,1,,,,,
15,0-25,SE,0-500,,,1,,,,,
1,0-25,W,0-500,,,1,,,,,
0.5,0-25,NW,501-1500,,,1,,,,,
303,0-25,S,501-1500,,,1,,,,,
0.1,0-25,Flat,0-500,,,,,,,1,
505.2,0-25,Flat,0-500,1,,,,,,,
0.1,0-25,W,501-1500,1,,,,,,,
136.5,0-25,Flat,0-500,1,,,,,,,
124,0-25,Flat,1501-2500,1,,,,,,,
0.1,0-25,N,1501-2500,,,1,,,,,
1.2,0-25,N,1501-2500,,,1,,,,,
0.1,0-25,N,501-1500,1,,,,,,,
0.1,0-25,NW,501-1500,1,,,,,,,
0.1,0-25,N,0-500,,,,,1,,,
0.1,0-25,Flat,0-500,,,,,,,1,
0.2,0-25,N,1501-2500,,,1,,,,,
100,Unknown,Flat,0-500,,,,,,,1,
2,0-25,Flat,0-500,1,,,,,,,
0.1,0-25,N,501-1500,1,,,,,,,
0.1,Unknown,Unknown,Unknown,,,,,,,1,
2,0-25,E,1501-2500,,,,,1,,,
33.8,0-25,East,0501-1500,1,,,,,,,
0.1,0-25,NW,0-500,1,,,,,,,
0.2,Unknown,Unknown,Unknown,,,,,,,1,
23.2,0-25,Flat,0-500,,1,,,,,,
50,0-25,SW,0-500,1,,,,,,,
0.1,Unknown,Unknown,Unknown,,,,,,,1,
0.1,0-25,N,0-500,,,,,1,,,
0.1,0-25,NE,1501-2500,1,,,,,,,
0.1,0-25,N,0-500,,,,,,,,1
0.1,0-25,S,0-500,,,,,1,,,
0.1,0-25,SE,501-1500,,,,,1,,,
0.1,0-25,NE,501-1500,,,,,1,,,
0.1,0-25,N,501-1500,,,1,,,,,
0.3,41-55,NE,501-1500,1,,,,,,,
0.1,0-25,N,501-1500,,,1,,,,,
1,0-25,SE,1501-2500,,,,,1,,,
0.1,0-25,NE,501-1500,1,,,,,,,
5,0-25,Flat,0-500,,1,,,,,,
0.2,Unknown,Unknown,Unknown,,,,,,,1,
0.1,0-25,E,1501-2500,,,1,,,,,
0.1,0-25,W,0-500,,,,,,,,1
0.1,0-25,E,501-1500,,,,,1,,,
0.1,Unknown,Unknown,Unknown,1,,,,,,,
0.1,0-25,Flat,0-500,,,,,,,,1
0.1,Unknown,Unknown,Unknown,,,,,,,1,
0.1,0-25,Flat,1501-2500,1,,,,,,,
0.1,0-25,South West,0-500,,,,,,,1,
0.1,0-25,SE,1501-2500,,,,,,,1,
0.1,0-25,Flat,0-500,1,,,,,,,
0.1,26-40,S,1501-2500,,,,,1,,,
0.1,0-25,S,501-1500,,,,,,,,1
0.1,0-25,NE,501-1500,1,,,,,,,
0.1,0-25,Flat,0-500,,,,,,,,1
1,0-25,SE,501-1500,,,1,,,,,
94.6,0-25,Flat,0501-1500,,1,,,,,,
0.3,0-25,N,0-500,1,,,,,,,
0.1,56-75,SE,0-500,,,,,1,,,
0.1,0-25,Flat,1501-2500,,1,,,,,,
0.1,0-25,NW,0-500,,,,,,,,1
0.1,Unknown,Flat,0-500,,,,,,,1,
15.4,0-25,N,0-500,,,1,,,,,
0.1,0-25,NE,0-500,,,,,,,,1
0.1,0-25,Flat,0-500,1,,,,,,,
0.1,26-40,S,2501-3500,,,,,,,,1
14.5,0-25,Flat,0501-1500,1,,,,,,,
0.1,Unknown,Unknown,Unknown,,,,,,,,1
1,0-25,W,2501-3500,,,,,1,,,
0.1,0-25,SE,1501-2500,1,,,,,,,
0.1,0-25,N,1501-2500,1,,,,,,,
0.1,0-25,West,2501-3500,,,,,,,,1
0.1,0-25,Flat,0-500,,,1,,,,,
0.1,0-25,S,0-500,,,,,,,,1
0.1,0-25,Flat,0-500,,,,,,,1,
0.1,0-25,South West,0501-1500,1,,,,,,,
122.8,0-25,Flat,0501-1500,1,,,,,,,
916.7,56-75,S,1501-2500,,,,,1,,,
52.5,26-40,N,501-1500,,,,,,,,1
777.5,41-55,S,501-1500,,,,,1,,,
0.1,0-25,E,0-500,,,,,1,,,
0.1,0-25,N,0-500,,,1,,,,,
2,0-25,Flat,0501-1500,1,,,,,,,
0.1,0-25,South East,0501-1500,1,,,,,,,
782.9,0-25,Flat,1501-2500,1,,,,,,,
2,0-25,Flat,0501-1500,1,,,,,,,
5.3,0-25,East,0501-1500,1,,,,,,,
2,26-40,South East,0501-1500,1,,,,,,,
2,26-40,North East,0501-1500,1,,,,,,,
1493.9,0-25,N,501-1500,1,,,,,,,
181.2,0-25,Flat,0-500,1,,,,,,,
984,0-25,S,1501-2500,,,,,1,,,
2,26-40,North West,1501-2500,1,,,,,,,
25.9,0-25,E,1501-2500,1,,,,,,,
311.9,26-40,NW,1501-2500,1,,,,,,,
0.1,0-25,Flat,2501-3500,1,,,,,,,
0.3,0-25,Flat,0501-1500,1,,,,,,,
100.1,0-25,Flat,0-500,1,,,,,,,
19719,0-25,NW,501-1500,,,,,,,,1
920,0-25,Flat,0-500,1,,,,,,,
484.9,0-25,Flat,0501-1500,1,,,,,,,
0.2,0-25,W,1501-2500,1,,,,,,,
27.7,0-25,Flat,0-500,1,,,,,,,
144.1,26-40,South East,1501-2500,1,,,,,,,
20.3,56-75,E,1501-2500,,,1,,,,,
577.2,0-25,South,1501-2500,,1,,,,,,
494.7,0-25,Flat,0501-1500,1,,,,,,,
42.2,0-25,South,1501-2500,,1,,,,,,
186.7,0-25,Flat,0501-1500,1,,,,,,,
0.1,0-25,Flat,0-500,,1,,,,,,
752.4,0-25,NW,501-1500,1,,,,,,,
148.4,0-25,South East,0501-1500,1,,,,,,,
174.4,26-40,E,501-1500,1,,,,,,,
0.1,Unknown,Unknown,Unknown,,,1,,,,,
0.1,0-25,W,0-500,,,,,1,,,
376.2,0-25,Flat,2501-3500,1,,,,,,,
1092.3,0-25,N,0-500,,,,,,,,1
1033.1,0-25,N,501-1500,1,,,,,,,
2157.3,0-25,Flat,0501-1500,1,,,,,,,
920.8,0-25,SE,501-1500,1,,,,,,,
253.1,0-25,N,0-500,,,,,,,,1
0.1,0-25,Flat,1501-2500,,,1,,,,,
5,0-25,Flat,0-500,,,,,,,,1
442.8,0-25,Flat,0-500,,,,,,,,1
369.8,0-25,N,0-500,,,,,,,,1
3,0-25,Flat,0-500,1,,,,,,,
9411,0-25,NE,0-500,1,,,,,,,
12,0-25,Flat,0-500,,1,,,,,,
0.1,0-25,South,0501-1500,,,,,,,1,
6.7,0-25,NE,0-500,1,,,,,,,
0.1,0-25,Flat,0501-1500,1,,,,,,,
2610,0-25,Flat,0-500,1,,,,,,,
0.3,0-25,Flat,0-500,1,,,,,,,
0.1,0-25,E,501-1500,,,,,,,1,
0.1,0-25,SE,1501-2500,1,,,,,,,
6505.5,0-25,Flat,0-500,1,,,,,,,
0.1,0-25,South West,0501-1500,1,,,,,,,
217.7,0-25,Flat,0501-1500,1,,,,,,,
10912.8,0-25,East,0501-1500,1,,,,,,,
1147.2,26-40,South East,0501-1500,1,,,,,,,
142.9,0-25,South West,0501-1500,1,,,,,,,
363.7,0-25,Flat,0501-1500,1,,,,,,,
178.5,0-25,Flat,0501-1500,1,,,,,,,
354.4,0-25,NE,501-1500,,,,,1,,,
12.7,0-25,Flat,0-500,1,,,,,,,
3264.8,0-25,Flat,1501-2500,1,,,,,,,
1,0-25,Flat,2501-3500,1,,,,,,,
669.7,26-40,NW,1501-2500,1,,,,,,,
17.4,26-40,NW,1501-2500,1,,,,,,,
30,0-25,Flat,0-500,1,,,,,,,
1049.3,0-25,NW,501-1500,1,,,,,,,
0.1,26-40,NW,1501-2500,1,,,,,,,
401.7,0-25,Flat,1501-2500,1,,,,,,,
0.1,0-25,North West,1501-2500,1,,,,,,,
0.6,0-25,SE,501-1500,1,,,,,,,
202.5,0-25,W,501-1500,,,,,1,,,
16.7,0-25,NE,0-500,1,,,,,,,
8021.4,0-25,SE,0-500,,,1,,,,,
1110,56-75,NE,501-1500,1,,,,,,,
3733.3,26-40,NE,0-500,,,,,1,,,
4368.8,0-25,N,0-500,,,1,,,,,
5006.6,26-40,S,501-1500,1,,,,,,,
2,26-40,SW,501-1500,1,,,,,,,
1,0-25,W,0-500,,,,,,,1,
15,0-25,NW,501-1500,,,1,,,,,
3,0-25,E,501-1500,1,,,,,,,
0.1,41-55,W,501-1500,1,,,,,,,
1088.4,0-25,S,0-500,,,,,1,,,
0.5,0-25,Flat,0-500,1,,,,,,,
0.1,56-75,SE,501-1500,,,1,,,,,
130.3,0-25,Flat,0-500,1,,,,,,,
1256.6,0-25,Flat,0-500,1,,,,,,,
6042.1,0-25,S,0-500,1,,,,,,,
1261.3,0-25,N,0-500,,,,,,,1,
1320,0-25,N,0-500,1,,,,,,,
0.5,0-25,E,0-500,,,1,,,,,
15.1,0-25,Flat,0-500,1,,,,,,,
817.3,0-25,North West,0501-1500,1,,,,,,,
1,0-25,Flat,0501-1500,1,,,,,,,
96.9,0-25,Flat,0501-1500,1,,,,,,,
1.5,0-25,SW,0-500,,,1,,,,,
8606.4,0-25,W,501-1500,,,,,1,,,
0.3,56-75,NE,1501-2500,,,,,,,1,
0.1,26-40,S,1501-2500,1,,,,,,,
0.5,0-25,W,1501-2500,1,,,,,,,
0.1,0-25,NE,501-1500,1,,,,,,,
0.1,0-25,N,501-1500,1,,,,,,,
3077,0-25,W,501-1500,,,,,1,,,
0.1,0-25,NW,1501-2500,1,,,,,,,
10,26-40,E,501-1500,,,1,,,,,
16.6,0-25,NE,501-1500,1,,,,,,,
798,0-25,SW,2501-3500,1,,,,,,,
0.5,0-25,SE,0-500,,,1,,,,,
49.1,0-25,SW,1501-2500,1,,,,,,,
0.1,0-25,Flat,0501-1500,1,,,,,,,
44.9,0-25,NW,501-1500,1,,,,,,,
0.5,26-40,SW,1501-2500,,,,,,,,1
5.1,0-25,Flat,0-500,,,,,,,,1
0.1,0-25,Flat,1501-2500,,,,,,,,1
0.5,Unknown,Unknown,Unknown,1,,,,,,,
0.2,0-25,Flat,0-500,,,,,,,,1
3965.6,0-25,Flat,0501-1500,1,,,,,,,
0.1,Unknown,Unknown,Unknown,,,,,,,1,
0.1,0-25,Flat,0-500,,,,,,,,1
1.5,0-25,SE,1501-2500,1,,,,,,,
206.5,0-25,Flat,0501-1500,,1,,,,,,
0.1,Unknown,Unknown,Unknown,,,,,,,1,
26.1,0-25,Flat,0501-1500,1,,,,,,,
0.5,0-25,Flat,0-500,1,,,,,,,
0.1,0-25,Flat,0-500,,,,,,,,1
0.1,0-25,Flat,0501-1500,1,,,,,,,
58565.3,0-25,Flat,0501-1500,1,,,,,,,
559.1,0-25,Flat,0501-1500,1,,,,,,,
30.9,0-25,Flat,0501-1500,,,,,,,,1
0.1,0-25,Flat,0-500,,,,,1,,,
0.1,0-25,Flat,0501-1500,1,,,,,,,
6548.5,0-25,Flat,1501-2500,1,,,,,,,
0.1,26-40,W,0-500,,,,,1,,,
0.1,0-25,N,0-500,,,,,,,1,
36.3,0-25,Flat,1501-2500,,,,1,,,,
1443.8,0-25,Flat,0501-1500,1,,,,,,,
36,0-25,Flat,0501-1500,1,,,,,,,
34590.8,0-25,Flat,0-500,1,,,,,,,
4424.3,26-40,South,0501-1500,1,,,,,,,
2,0-25,Flat,0501-1500,,1,,,,,,
5.7,0-25,Flat,0501-1500,,1,,,,,,
13,0-25,N,0-500,,,1,,,,,
0.1,0-25,Flat,0-500,,,,,,,1,
2134.3,0-25,Flat,0501-1500,,1,,,,,,
2847.8,0-25,Flat,0501-1500,1,,,,,,,
0.1,26-40,NE,0-500,,,1,,,,,
0.1,26-40,NE,0-500,,,1,,,,,
0.1,0-25,Flat,0-500,,,1,,,,,
3.2,0-25,Flat,0-500,,,,,1,,,
0.5,0-25,Flat,0501-1500,1,,,,,,,
0.1,0-25,Flat,0-500,,,,,,,,1
0.1,0-25,Flat,0-500,1,,,,,,,
0.1,0-25,Flat,0-500,,,1,,,,,
0.1,0-25,Flat,0-500,,,1,,,,,
0.1,0-25,Flat,0-500,,,,,,,,1
1,0-25,Flat,1501-2500,,1,,,,,,
0.1,0-25,N,0-500,,,,,,,,1
18.1,0-25,South,1501-2500,1,,,,,,,
52.4,0-25,North East,1501-2500,1,,,,,,,
0.1,0-25,Flat,0501-1500,1,,,,,,,
730.7,0-25,Flat,0501-1500,1,,,,,,,
0.1,0-25,NE,501-1500,1,,,,,,,
28.4,0-25,Flat,1501-2500,,1,,,,,,
1,0-25,NW,1501-2500,,,1,,,,,
112.3,0-25,Flat,0-500,1,,,,,,,
51.7,0-25,Flat,1501-2500,1,,,,,,,
202.8,0-25,North West,1501-2500,1,,,,,,,
32.7,0-25,Flat,0501-1500,1,,,,,,,
1.5,0-25,Flat,0-500,,,,,,,,1
56.8,0-25,Flat,0501-1500,1,,,,,,,
89.6,26-40,West,1501-2500,1,,,,,,,
9,0-25,Flat,2501-3500,1,,,,,,,
0.1,0-25,E,501-1500,,,,,,,1,
159.3,26-40,East,2501-3500,1,,,,,,,
0.1,0-25,Flat,0501-1500,1,,,,,,,
0.5,0-25,Flat,501-1500,1,,,,,,,
180,0-25,North East,1501-2500,1,,,,,,,
89.6,0-25,North East,1501-2500,1,,,,,,,
0.1,0-25,Flat,0-500,,,,,,,1,
771.5,0-25,North West,0501-1500,1,,,,,,,
1,0-25,Flat,0-500,1,,,,,,,
1832,0-25,Flat,0501-1500,1,,,,,,,
0.1,0-25,Flat,0-500,,,1,,,,,
1.4,26-40,SE,1501-2500,1,,,,,,,
1,0-25,S,0-500,1,,,,,,,
0.8,0-25,SE,501-1500,,,,,,,,1
0.1,0-25,N,0-500,1,,,,,,,
52334.7,0-25,Flat,0501-1500,1,,,,,,,
1.6,0-25,Flat,0501-1500,1,,,,,,,
23.3,41-55,SE,1501-2500,,,,,1,,,
1.7,0-25,Flat,0501-1500,1,,,,,,,
4.5,0-25,Flat,0501-1500,,,,,,,1,
0.1,0-25,Flat,1501-2500,1,,,,,,,
400.7,0-25,Flat,0-500,1,,,,,,,
755.2,0-25,Flat,0501-1500,1,,,,,,,
14864.2,0-25,Flat,0501-1500,1,,,,,,,
58137.8,0-25,Flat,0-500,1,,,,,,,
1,0-25,NW,501-1500,1,,,,,,,
73.8,0-25,Flat,0501-1500,1,,,,,,,
0.1,0-25,Flat,1501-2500,1,,,,,,,
36751.9,0-25,Flat,0501-1500,1,,,,,,,
1,0-25,Flat,0-500,,1,,,,,,
0.3,0-25,South,2501-3500,,1,,,,,,
38.2,0-25,NW,1501-2500,1,,,,,,,
0.1,0-25,Flat,0-500,,,1,,,,,
0.1,41-55,E,1501-2500,,,1,,,,,
1.7,0-25,N,501-1500,,,,,1,,,
1066.7,0-25,Flat,0501-1500,,1,,,,,,
1.2,41-55,NE,1501-2500,,,,,1,,,
1,41-55,W,2501-3500,,,,,1,,,
2730.5,0-25,Flat,0501-1500,,,,,1,,,
0.1,26-40,W,1501-2500,1,,,,,,,
33,26-40,S,1501-2500,1,,,,,,,
8.7,0-25,North West,1501-2500,1,,,,,,,
62,0-25,N,501-1500,,,,,,,,1
0.1,0-25,SW,1501-2500,,,,,1,,,
4,0-25,SW,2501-3500,1,,,,,,,
0.1,0-25,W,0-500,,,1,,,,,
0.1,0-25,S,501-1500,,,1,,,,,
0.1,0-25,SW,501-1500,,,,,,,,1
0.1,0-25,NW,1501-2500,,,,,,,,1
0.1,0-25,N,501-1500,,,,,,,,1
62.7,0-25,South West,1501-2500,,,,,,,,1
2,26-40,North,1501-2500,,1,,,,,,
748.5,0-25,Flat,1501-2500,1,,,,,,,
0.1,0-25,SE,0-500,,,,,,,,1
11.7,0-25,Flat,0501-1500,,,1,,,,,
52.5,0-25,Flat,0-500,,,1,,,,,
69.4,0-25,Flat,0-500,,,1,,,,,
0.1,0-25,Flat,0-500,,,,,1,,,
0.1,Unknown,Unknown,Unknown,,,,,,,1,
818,0-25,N,1501-2500,,,,,1,,,
0.1,0-25,Flat,0501-1500,1,,,,,,,
0.1,0-25,Flat,0-500,,,,,,,,1
2,0-25,Flat,0-500,,1,,,,,,
0.1,0-25,Flat,0-500,,,1,,,,,
0.4,0-25,Flat,0-500,,,,1,,,,
0.1,0-25,Flat,0-500,,,,1,,,,
0.1,0-25,E,0-500,,,1,,,,,
0.1,0-25,Flat,0-500,,,,1,,,,
0.1,0-25,Flat,0-500,,,,1,,,,
137.8,Unknown,Unknown,Unknown,,1,,,,,,
0.1,0-25,Flat,0-500,,,,1,,,,
359.7,Unknown,Unknown,Unknown,,1,,,,,,
0,Unknown,Unknown,Unknown,,,,,,,1,
0.1,0-25,S,0-500,,,1,,,,,
0.1,0-25,N,1501-2500,1,,,,,,,
0.1,0-25,NW,1501-2500,1,,,,,,,
0.3,0-25,SW,0-500,,,,,,,,1
0.1,0-25,Flat,0-500,,,,,,,,1
0.1,0-25,Flat,Unknown,,,,,,,,1
0.1,0-25,W,0-500,,,,,,,,1
89.9,0-25,Flat,0-500,,1,,,,,,
0.1,0-25,Flat,0-500,,,,,,,,1
1,0-25,Flat,0-500,,,1,,,,,
0.2,0-25,Flat,0-500,,,1,,,,,
3492,0-25,Flat,0-500,,,1,,,,,
0.1,0-25,Flat,0-500,,,1,,,,,
0.1,0-25,N,0-500,,,,,1,,,
73.4,0-25,West,0-500,,1,,,,,,
1,0-25,Flat,0-500,1,,,,,,,
99.3,0-25,Flat,0-500,,1,,,,,,
20,0-25,Flat,0-500,1,,,,,,,
0.1,26-40,South West,0-500,,,,,1,,,
0.1,0-25,E,1501-2500,,,,,1,,,
0.1,0-25,N,501-1500,,,1,,,,,
196.8,0-25,Flat,0-500,1,,,,,,,
0.1,0-25,Flat,0-500,1,,,,,,,
1,0-25,Flat,0-500,,,,,,,1,
0.1,0-25,N,1501-2500,,,,,1,,,
0.1,26-40,E,501-1500,1,,,,,,,
21304.5,0-25,South,0-500,1,,,,,,,
0.1,0-25,W,0-500,,,,,,,,1
0.1,0-25,NW,501-1500,,,,,1,,,
2203.4,0-25,SE,0-500,,,,,,,1,
6.2,0-25,W,0-500,,,,,1,,,
0.3,0-25,Flat,1501-2500,,1,,,,,,
44539.9,0-25,East,0501-1500,1,,,,,,,
0.2,0-25,Flat,0-500,,,,,,,,1
0.1,0-25,E,501-1500,,,,,1,,,
1,0-25,NE,1501-2500,,,1,,,,,
0.1,0-25,Flat,0501-1500,,,,,,,,1
0.1,0-25,Flat,0-500,,,1,,,,,
0.2,26-40,E,501-1500,1,,,,,,,
0.1,0-25,NE,501-1500,,,,,1,,,
0.1,0-25,Flat,0-500,1,,,,,,,
0.1,0-25,Flat,0-500,,,,,,,,1
2.9,0-25,SE,0-500,,,,,1,,,
0.1,0-25,Flat,0-500,,1,,,,,,
0.1,0-25,N,501-1500,,,1,,,,,
0.1,0-25,E,0-500,1,,,,,,,
0.1,0-25,SE,0-500,,,,,,,,1
1676.6,0-25,S,501-1500,,,,,1,,,
0.1,0-25,N,0-500,,,,,,,,1
0.1,0-25,N,0-500,,,1,,,,,
0.1,0-25,S,0-500,,,,,,,,1
0.1,0-25,NW,501-1500,,,,,1,,,
0.1,0-25,Flat,0-500,,,,,,,,1
0.1,0-25,SE,0-500,,,,,,,,1
0.1,0-25,Flat,0-500,,,,,,,,1
0.1,0-25,NE,501-1500,,,1,,,,,
0.1,0-25,S,0-500,,,,,1,,,
0.1,0-25,SW,0-500,,,,,,,1,
0.1,0-25,N,0-500,,,,,1,,,
0.1,26-40,E,501-1500,,,,,,,,1
0.2,0-25,SW,0-500,,,,,1,,,
0.1,0-25,Flat,0-500,,,,,,,,1
7930.3,0-25,SW,0-500,,,,,1,,,
0.1,0-25,NE,0-500,,,,,,,,1
0.2,0-25,NW,0-500,,,,,,,,1
0.1,26-40,SE,501-1500,,,,,,,,1
0.1,0-25,Flat,0-500,,,,,1,,,
0.1,0-25,Flat,0-500,,,,,,,,1
0.1,0-25,N,0-500,,,,,,,,1
0.1,0-25,N,0-500,,,,,,,,1
0.1,0-25,NW,0-500,,,1,,,,,
0.1,0-25,W,0-500,,,,,,,,1
0.1,0-25,W,0-500,,,1,,,,,
0.1,0-25,Flat,0-500,,,,,,,,1
0.1,0-25,NW,0-500,,,,,,,1,
25,26-40,W,501-1500,,,,,1,,,
0.1,0-25,Flat,0-500,,,,,,,,1
0.3,0-25,N,0-500,,,,,1,,,
0.1,0-25,Flat,0-500,,,,,,,,1
0.1,0-25,SW,0-500,1,,,,,,,
0.1,0-25,W,0-500,,,,,1,,,
3500,0-25,West,1501-2500,,,,,1,,,
0.1,0-25,Flat,0-500,,,,,,,,1
0.1,0-25,W,0-500,,,,,1,,,
0.1,0-25,N,0-500,,,,,,,,1
0.1,0-25,Flat,0-500,,,,,,,,1
0.1,0-25,Flat,0-500,,,,,,,,1
0.1,0-25,SE,0-500,,,,,,,,1
0.1,0-25,S,501-1500,,,1,,,,,
0.1,0-25,NE,501-1500,1,,,,,,,
0.1,0-25,Flat,0501-1500,,,1,,,,,
0.1,0-25,S,0-500,,,,,,,,1
0.1,0-25,S,0-500,,,,,,,,1
0.1,0-25,E,0-500,,,,,,,,1
0.1,0-25,Flat,0-500,,,1,,,,,
0.1,0-25,Flat,0-500,,,1,,,,,
1.1,0-25,SW,0-500,,,,,1,,,
50.5,0-25,Flat,0-500,,1,,,,,,
0.1,0-25,W,501-1500,,,1,,,,,
13.7,0-25,Flat,1501-2500,,,1,,,,,
0.1,0-25,W,0-500,,,1,,,,,
0.1,0-25,W,0-500,,,1,,,,,
1.4,0-25,N,0-500,,,1,,,,,
0.1,0-25,Flat,0-500,,,,,1,,,
0.1,0-25,W,501-1500,1,,,,,,,
1.3,0-25,S,0-500,,,,,1,,,
0.1,0-25,Flat,0-500,,,,,,,,1
8.4,0-25,N,1501-2500,1,,,,,,,
0.1,0-25,NW,0-500,,,,,,,,1
3,0-25,Flat,1501-2500,,,,1,,,,
0.1,0-25,NW,0-500,,,,,,,,1
2,0-25,SW,0-500,,,,,1,,,
0.1,0-25,NE,0-500,,,,,,,,1
0.1,0-25,Flat,0-500,,,,,,,,1
0.1,0-25,E,1501-2500,,,,,,,1,
4.6,0-25,NW,1501-2500,1,,,,,,,
1,0-25,Flat,0-500,,,,,1,,,
5.8,0-25,NE,1501-2500,,,,,1,,,
0.1,26-40,W,501-1500,,,,,1,,,
0.1,0-25,Flat,501-1500,,,,,1,,,
2.5,0-25,Flat,0501-1500,,,1,,,,,
15.3,0-25,SE,1501-2500,,,,,1,,,
0.1,0-25,N,0-500,,,,,,,,1
1,26-40,E,501-1500,,,,,1,,,
0.1,0-25,Flat,0-500,,,1,,,,,
1.2,0-25,S,0-500,,,1,,,,,
2,0-25,North,1501-2500,,,1,,,,,
0.1,0-25,Flat,1501-2500,,,,,,,1,
0.3,0-25,SW,501-1500,,,1,,,,,
0.1,0-25,S,501-1500,1,,,,,,,
0.1,0-25,NE,1501-2500,1,,,,,,,
0.1,0-25,Flat,0-500,,,,,,,1,
0.1,0-25,W,0-500,,,,,,,,1
0.1,0-25,SE,501-1500,,,,,,,,1
0.1,0-25,W,1501-2500,,,,,,,,1
0.1,0-25,Flat,0-500,,,1,,,,,
0.1,0-25,Flat,0-500,,,1,,,,,
0.1,0-25,Flat,0-500,,,1,,,,,
0.1,0-25,Flat,0-500,,,1,,,,,
27.9,0-25,Flat,0-500,,1,,,,,,
7,0-25,Flat,0501-1500,,,1,,,,,
27.5,0-25,S,501-1500,1,,,,,,,
0.1,0-25,NE,501-1500,,,1,,,,,
139.7,0-25,Flat,0501-1500,,,1,,,,,
0.3,0-25,W,501-1500,,,1,,,,,
1554,0-25,SE,0-500,,,,,,,1,
3131.8,41-55,W,1501-2500,,,,,,,,1
0.1,0-25,SW,501-1500,,,1,,,,,
129.2,0-25,Flat,0501-1500,,1,,,,,,
18.5,0-25,Flat,0-500,,,1,,,,,
0.1,0-25,NW,0-500,,,1,,,,,
0.1,0-25,W,0-500,,,1,,,,,
0.1,0-25,S,0-500,,,1,,,,,
0.1,0-25,SE,501-1500,,,,,,,,1
0.5,0-25,SW,501-1500,,,1,,,,,
0.1,26-40,NE,501-1500,,,,,,,,1
0.1,0-25,E,0-500,,,1,,,,,
0.1,0-25,Flat,0-500,,,1,,,,,
0.1,0-25,Flat,0-500,,,,,,,,1
0.1,0-25,S,501-1500,,,1,,,,,
0.5,0-25,W,501-1500,,,1,,,,,
0.2,0-25,NE,501-1500,1,,,,,,,
0.6,0-25,E,501-1500,,,1,,,,,
0.1,0-25,Flat,0-500,,,1,,,,,
45,0-25,Flat,0-500,,1,,,,,,
0.1,0-25,Flat,0-500,,,,,,,,1
8,0-25,N,0-500,,,1,,,,,
0.1,0-25,N,0-500,,,1,,,,,
0.1,0-25,Flat,1501-2500,,,,,,,,1
0.1,0-25,Flat,0-500,,,1,,,,,
0.2,0-25,Flat,0-500,,,1,,,,,
0.1,0-25,Flat,0-500,,,,,,,,1
0.1,0-25,N,501-1500,,,1,,,,,
0.9,0-25,Flat,0-500,,,1,,,,,
0.2,0-25,Flat,0-500,,,,,1,,,
0.1,0-25,NE,0-500,,,1,,,,,
0.1,0-25,Flat,0-500,,,,,,,,1
0.1,0-25,Flat,0-500,,,1,,,,,
0.1,0-25,Flat,0-500,,,1,,,,,
0.1,56-75,SE,3501-4500,,,1,,,,,
0.3,0-25,E,0-500,,,1,,,,,
0.1,0-25,Flat,501-1500,,,,,,,,1
0.1,0-25,Flat,0-500,,,,,,,,1
0.3,0-25,Flat,1501-2500,,,1,,,,,
0.1,0-25,N,501-1500,,,,,1,,,
0.1,0-25,Flat,501-1500,,,,,,,,1
0.1,0-25,Flat,0-500,,,1,,,,,
0.1,0-25,S,0-500,,,1,,,,,
4,0-25,E,501-1500,,,1,,,,,
0.1,0-25,W,0-500,,,1,,,,,
0.1,0-25,West,0501-1500,,,,,,,,1
0.1,0-25,S,501-1500,,,,,,,,1
45.2,26-40,West,0501-1500,,1,,,,,,
0.1,0-25,W,1501-2500,,,1,,,,,
0.1,0-25,N,501-1500,,,,,,,,1
0.1,0-25,Flat,0-500,,,1,,,,,
0.1,0-25,SW,501-1500,,,,,1,,,
0.1,0-25,W,0-500,,,1,,,,,
0.1,0-25,Flat,0-500,,,1,,,,,
0.2,0-25,S,0-500,,,1,,,,,
25,0-25,S,501-1500,,,,,1,,,
10,26-40,SE,2501-3500,,,,,1,,,
0.2,0-25,S,0-500,,,1,,,,,
0.1,0-25,Flat,0-500,,,,,,,,1
0.1,0-25,NE,0-500,,,,,1,,,
0.1,0-25,N,1501-2500,,,1,,,,,
1630,0-25,Flat,0-500,,,1,,,,,
0.3,0-25,Flat,0-500,,,1,,,,,
0.5,26-40,S,1501-2500,,,,,1,,,
0.5,0-25,NE,0-500,,,1,,,,,
0.1,0-25,SW,0-500,,,1,,,,,
0.1,0-25,Flat,0-500,,,1,,,,,
0.1,0-25,Flat,0501-1500,,1,,,,,,
0.1,0-25,Flat,0-500,,,1,,,,,
1,0-25,W,1501-2500,,,,,,,1,
0.1,0-25,E,0-500,,,1,,,,,
0.1,0-25,Flat,0-500,,,1,,,,,
0.1,0-25,W,501-1500,,,,,1,,,
25080,0-25,Flat,1501-2500,,,1,,,,,
0.2,0-25,N,0-500,,,1,,,,,
0.1,0-25,S,0-500,,,,,,,,1
0.6,0-25,Flat,1501-2500,,,,1,,,,
439,0-25,Flat,0501-1500,,,1,,,,,
0.1,0-25,Flat,0-500,,,1,,,,,
0.1,0-25,Flat,0-500,,,1,,,,,
0.1,0-25,NE,0-500,1,,,,,,,
0.1,0-25,N,0-500,,,,,,,,1
8.7,0-25,Flat,1501-2500,1,,,,,,,
1,41-55,S,501-1500,,,1,,,,,
0.1,0-25,W,0-500,,,,,,,,1
0.1,0-25,SW,1501-2500,,,1,,,,,
1,0-25,Flat,0501-1500,,,,,,,1,
3.5,26-40,NW,501-1500,,,,,1,,,
12,Unknown,Unknown,Unknown,,,,,,,1,
665,0-25,Flat,0501-1500,,,1,,,,,
0.3,0-25,W,0-500,,,1,,,,,
0.1,0-25,NE,0-500,,,,,,,,1
0.1,0-25,W,0-500,,,1,,,,,
0.1,0-25,S,0-500,,,1,,,,,
350,0-25,Flat,1501-2500,,,1,,,,,
0.4,0-25,N,0-500,,,1,,,,,
0.1,0-25,Flat,0501-1500,,,1,,,,,
0.3,0-25,Flat,0-500,,,1,,,,,
0.2,0-25,S,0-500,,,1,,,,,
0.1,0-25,NE,0-500,,,1,,,,,
0.1,0-25,Flat,1501-2500,,,1,,,,,
1,0-25,Flat,1501-2500,,,,,,,1,
0.1,0-25,Flat,0501-1500,,,1,,,,,
38,0-25,Flat,501-1500,,,,,,,,1
0.3,0-25,Flat,1501-2500,1,,,,,,,
200,0-25,Flat,0-500,,,,,,,1,
0.1,0-25,S,1501-2500,1,,,,,,,
0.1,0-25,N,1501-2500,1,,,,,,,
0.1,0-25,Flat,0-500,1,,,,,,,
0.1,0-25,NE,0-500,,,,,,,,1
0.1,0-25,NE,501-1500,,,,,,,,1
0.1,0-25,Flat,0-500,,,,,,,,1
2.5,0-25,S,501-1500,,,,,1,,,
0.5,0-25,E,0-500,,,1,,,,,
0.1,0-25,NE,0-500,,,,,1,,,
0.3,26-40,W,1501-2500,,,,,1,,,
0.1,0-25,N,0-500,,,1,,,,,
0.1,0-25,N,0-500,,,,,,,,1
0.1,0-25,S,1501-2500,1,,,,,,,
48,0-25,NW,0-500,,,1,,,,,
22,0-25,NW,0-500,,,1,,,,,
0.1,0-25,NE,1501-2500,1,,,,,,,
4862,0-25,NW,0-500,,,,,,,,1
0.3,0-25,SW,0-500,,,,,1,,,
0.1,0-25,SW,0-500,,,1,,,,,
0.1,0-25,Flat,0-500,1,,,,,,,
0.1,0-25,Flat,0-500,,,,,,,,1
0.1,0-25,Flat,0-500,1,,,,,,,
0.1,0-25,SW,0-500,,,1,,,,,
0.1,0-25,Flat,0-500,,,,,,,,1
0.1,26-40,N,0-500,,,,,,,,1
100,0-25,Flat,0-500,,,,,,,1,
0.1,0-25,NW,2501-3500,1,,,,,,,
0.1,0-25,NE,501-1500,,,,,,,,1
1,0-25,Flat,0-500,,1,,,,,,
0.1,0-25,South,0501-1500,,,,,,,,1
5,0-25,Flat,0-500,,,,,,,,1
0.1,0-25,Flat,1501-2500,1,,,,,,,
0.1,0-25,SW,0-500,,,,,1,,,
0.1,0-25,E,1501-2500,,,,,,,1,
0.1,0-25,Flat,0-500,,,,,,,,1
0.1,0-25,NW,501-1500,1,,,,,,,
0.1,0-25,Flat,0501-1500,1,,,,,,,
0.3,0-25,N,1501-2500,1,,,,,,,
0.1,0-25,NE,0-500,,,,,,,,1
0.1,0-25,NE,501-1500,1,,,,,,,
0.1,0-25,NE,0-500,,,1,,,,,
0.1,0-25,Flat,0-500,,,1,,,,,
2,0-25,E,501-1500,1,,,,,,,
0.1,0-25,W,0-500,,,1,,,,,
0.7,0-25,SW,501-1500,1,,,,,,,
0.1,0-25,Flat,501-1500,,,1,,,,,
5.4,0-25,Flat,0501-1500,1,,,,,,,
0.2,0-25,SW,0-500,,,,,1,,,
0.1,0-25,Flat,0-500,,,,,,,,1
80.9,0-25,Flat,0501-1500,,1,,,,,,
7,0-25,North,0501-1500,,1,,,,,,
0.1,0-25,SE,1501-2500,,,,,,,1,
0.1,0-25,Flat,0-500,,,,,,,,1
6.6,0-25,E,501-1500,1,,,,,,,
0.1,0-25,N,501-1500,,,,,,,,1
0.4,0-25,E,501-1500,1,,,,,,,
1,0-25,NE,1501-2500,,,,,,,,1
1744.7,0-25,South West,0501-1500,,1,,,,,,
34.9,0-25,Flat,0501-1500,,1,,,,,,
144.5,0-25,Flat,0501-1500,1,,,,,,,
0.3,41-55,NE,2501-3500,,,1,,,,,
0.2,0-25,E,501-1500,1,,,,,,,
3,0-25,Flat,0-500,,,,1,,,,
15562.5,0-25,Flat,0-500,1,,,,,,,
0.3,26-40,N,1501-2500,1,,,,,,,
52.4,0-25,Flat,0-500,1,,,,,,,
180,0-25,Flat,0-500,,,,,,,1,
20.9,0-25,Flat,0501-1500,1,,,,,,,
0.1,0-25,N,0-500,1,,,,,,,
0.1,0-25,Flat,0-500,,,,,,,,1
0.1,0-25,Flat,0-500,1,,,,,,,
0.1,0-25,S,501-1500,1,,,,,,,
0.1,0-25,NW,1501-2500,1,,,,,,,
0.5,0-25,Flat,0-500,1,,,,,,,
0.1,0-25,NW,0-500,,,,,,,,1
0.1,0-25,Flat,501-1500,,,,,,,,1
40.2,0-25,Flat,0-500,1,,,,,,,
32327.8,0-25,Flat,0-500,1,,,,,,,
0.1,0-25,W,0-500,,,1,,,,,
0.1,26-40,W,0-500,,,1,,,,,
1,0-25,Flat,0-500,1,,,,,,,
0.1,0-25,SE,0-500,,,1,,,,,
0.1,0-25,NW,0-500,,,,,,,,1
37,26-40,E,501-1500,1,,,,,,,
21698,0-25,Flat,0-500,1,,,,,,,
0.5,26-40,S,2501-3500,1,,,,,,,
0.1,0-25,NW,501-1500,,,,,,,1,
0.1,0-25,Flat,501-1500,,,,,1,,,
0.5,0-25,E,501-1500,1,,,,,,,
0.1,26-40,NE,501-1500,,,,,1,,,
298.9,0-25,Flat,0-500,1,,,,,,,
0.1,0-25,S,1501-2500,1,,,,,,,
603.3,0-25,Flat,0-500,1,,,,,,,
0.1,0-25,W,0-500,,,1,,,,,
0.1,0-25,N,501-1500,1,,,,,,,
0.1,0-25,NW,0-500,,,,,1,,,
15.4,0-25,North West,0501-1500,1,,,,,,,
0.1,0-25,Flat,0-500,,,,,,,,1
42,0-25,Flat,0501-1500,1,,,,,,,
0.6,0-25,N,0-500,,,,,1,,,
2,0-25,Flat,0501-1500,1,,,,,,,
8867.3,0-25,Flat,0-500,1,,,,,,,
79.2,0-25,Flat,0501-1500,1,,,,,,,
0.5,0-25,West,0501-1500,1,,,,,,,
0.1,0-25,N,0-500,,,,,,,,1
0.1,0-25,Flat,0-500,,,,,,,,1
0.1,0-25,NE,0-500,,,,,1,,,
0.3,0-25,SE,501-1500,,,,,1,,,
7,0-25,Flat,1501-2500,1,,,,,,,
282,0-25,NE,501-1500,,,,,,,,1
64,0-25,Flat,501-1500,1,,,,,,,
5,41-55,SW,501-1500,,,,,1,,,
0.1,41-55,S,1501-2500,,,,,,,,1
1563.9,0-25,Flat,0501-1500,1,,,,,,,
0.3,0-25,SW,0-500,,,,,,,1,
118.2,0-25,Flat,2501-3500,1,,,,,,,
0,0-25,SE,1501-2500,,,,,,,1,
2363,0-25,E,501-1500,1,,,,,,,
12.9,0-25,Flat,0501-1500,1,,,,,,,
128.2,0-25,Flat,0501-1500,1,,,,,,,
0.3,0-25,SE,0-500,,,1,,,,,
1142.6,0-25,E,501-1500,1,,,,,,,
73,0-25,Flat,0-500,1,,,,,,,
0.3,26-40,SW,1501-2500,,,,,,,1,
1931,0-25,S,0-500,,,,,1,,,
0.3,41-55,SE,1501-2500,,,,,,,,1
2,0-25,Flat,0-500,1,,,,,,,
10,0-25,Flat,0-500,1,,,,,,,
0.1,0-25,Flat,0-500,,,,,,,,1
106,0-25,Flat,0501-1500,1,,,,,,,
0.1,0-25,S,0-500,,,,,,,,1
0.1,26-40,NE,1501-2500,,,1,,,,,
69,0-25,Flat,0501-1500,1,,,,,,,
1949.4,0-25,Flat,0501-1500,1,,,,,,,
0.3,0-25,E,0-500,,,,,,,,1
3395,26-40,NE,1501-2500,1,,,,,,,
0.1,0-25,SE,0-500,,,1,,,,,
10661,0-25,Flat,0-500,1,,,,,,,
509,0-25,Flat,0501-1500,1,,,,,,,
0.1,26-40,E,1501-2500,,,,,,,1,
8,41-55,W,2501-3500,,,,,,,1,
2060.1,0-25,Flat,0501-1500,1,,,,,,,
115.2,0-25,Flat,0-500,,,1,,,,,
239.4,0-25,Flat,1501-2500,1,,,,,,,
349,0-25,N,0-500,,,,,,,,1
0.1,0-25,Flat,0-500,,,1,,,,,
100524,0-25,Flat,0501-1500,1,,,,,,,
11357.2,0-25,East,1501-2500,1,,,,,,,
48,0-25,S,501-1500,1,,,,,,,
0.1,0-25,Flat,0-500,1,,,,,,,
292,0-25,E,501-1500,,,,,1,,,
3342,0-25,SE,0-500,,,,,,,,1
0.3,0-25,S,0-500,,,1,,,,,
0.1,Unknown,Unknown,Unknown,,,1,,,,,
0.3,0-25,Flat,0-500,,,1,,,,,
0.1,0-25,Flat,0-500,1,,,,,,,
0.1,26-40,S,0-500,,,1,,,,,
323.3,0-25,Flat,1501-2500,1,,,,,,,
0.1,0-25,Flat,0-500,1,,,,,,,
1,0-25,Flat,0-500,1,,,,,,,
4156.6,0-25,Flat,1501-2500,1,,,,,,,
8.7,0-25,South East,0501-1500,,,,,,,,1
1,0-25,East,1501-2500,1,,,,,,,
0.1,0-25,SW,0-500,,,,,,,,1
0.3,0-25,SE,0-500,1,,,,,,,
0.1,0-25,Flat,0-500,1,,,,,,,
2,41-55,NW,501-1500,,,,,,,,1
151.2,0-25,Flat,0-500,1,,,,,,,
1009,0-25,N,0-500,,,1,,,,,
5,0-25,Flat,0-500,1,,,,,,,
31089.9,0-25,North East,0501-1500,1,,,,,,,
8236.1,0-25,South East,0501-1500,1,,,,,,,
1,0-25,Flat,0501-1500,1,,,,,,,
0.1,0-25,SE,0-500,,,1,,,,,
11,0-25,S,501-1500,1,,,,,,,
0.1,26-40,N,0-500,,,1,,,,,
270,0-25,S,0-500,1,,,,,,,
11589.7,0-25,Flat,0501-1500,1,,,,,,,
10109.2,0-25,Flat,0-500,,,,,,,,1
16869.2,0-25,Flat,0-500,1,,,,,,,
7,0-25,Flat,0501-1500,1,,,,,,,
6940.5,0-25,Flat,0501-1500,1,,,,,,,
1682,0-25,W,501-1500,1,,,,,,,
31917,0-25,S,501-1500,1,,,,,,,
3141,0-25,W,501-1500,1,,,,,,,
0.3,0-25,Flat,0-500,,,,,1,,,
20729.9,0-25,Flat,0501-1500,1,,,,,,,
966.5,0-25,West,0501-1500,1,,,,,,,
45995.7,0-25,Flat,0501-1500,1,,,,,,,
30678.1,0-25,Flat,0-500,1,,,,,,,
3900.2,0-25,Flat,0501-1500,1,,,,,,,
3409.7,0-25,Flat,0-500,1,,,,,,,
12880.7,0-25,Flat,0501-1500,1,,,,,,,
9592.8,0-25,South,0501-1500,,,,,,,1,
984.6,0-25,East,0501-1500,1,,,,,,,
361.3,0-25,Flat,0501-1500,1,,,,,,,
365,26-40,E,501-1500,,,,,,,,1
323,0-25,Flat,0501-1500,1,,,,,,,
0.1,0-25,Flat,0501-1500,,,,,,,1,
335,0-25,S,0-500,,,1,,,,,
954,0-25,SW,0-500,,,1,,,,,
0.1,0-25,W,0-500,,,1,,,,,
622.6,26-40,East,1501-2500,1,,,,,,,
39.8,0-25,East,1501-2500,1,,,,,,,
0.1,0-25,W,1501-2500,,,,,1,,,
0.2,0-25,Flat,0-500,,,,,1,,,
46545.3,0-25,Flat,0501-1500,1,,,,,,,
175,26-40,NE,501-1500,,,,,1,,,
2865.4,0-25,Flat,0501-1500,1,,,,,,,
1543,26-40,NE,1501-2500,,,,,1,,,
208,26-40,SE,501-1500,,,,,,,,1
6110,0-25,N,0-500,,,,,,,,1
761,0-25,N,501-1500,,,,,,,1,
0.1,0-25,Flat,0-500,,,,,,,1,
7377.5,0-25,North,1501-2500,1,,,,,,,
17,0-25,NW,501-1500,1,,,,,,,
81,0-25,N,0-500,1,,,,,,,
44,0-25,Flat,0-500,1,,,,,,,
3412.1,0-25,South East,1501-2500,1,,,,,,,
9527.4,0-25,Flat,0-500,1,,,,,,,
1,0-25,Flat,1501-2500,1,,,,,,,
0.1,0-25,Flat,0-500,,,,,,,,1
49446,0-25,Flat,0-500,,,,,,,,1
15814.3,0-25,Flat,0-500,1,,,,,,,
182,0-25,E,2501-3500,1,,,,,,,
257.6,0-25,SE,2501-3500,1,,,,,,,
39550,0-25,NE,0-500,,,,,,,,1
4250,0-25,E,501-1500,1,,,,,,,
231,41-55,W,1501-2500,,,,,,,1,
465,26-40,E,501-1500,,,,,,,,1
23241.5,0-25,N,0-500,,,1,,,,,
687,0-25,N,0-500,,,1,,,,,
2770,26-40,E,501-1500,1,,,,,,,
14881.4,0-25,Flat,0501-1500,1,,,,,,,
78,0-25,Flat,0501-1500,1,,,,,,,
127.9,0-25,Flat,0501-1500,1,,,,,,,
15403,0-25,Flat,0-500,,,,,1,,,
0.5,0-25,N,0-500,,,1,,,,,
6659.6,0-25,South,1501-2500,1,,,,,,,
15716.3,0-25,Flat,0501-1500,1,,,,,,,
0.5,0-25,Flat,0-500,1,,,,,,,
52108.5,0-25,Flat,0-500,1,,,,,,,
29501.4,0-25,Flat,0501-1500,1,,,,,,,
35748.9,0-25,Flat,0-500,1,,,,,,,
25,0-25,NW,2501-3500,1,,,,,,,
39043,0-25,S,501-1500,,,,,1,,,
30929,0-25,E,501-1500,,,,,1,,,
1046,0-25,N,501-1500,1,,,,,,,
1076,0-25,N,501-1500,,,,,,,,1
4481,0-25,E,0-500,1,,,,,,,
6246.1,0-25,Flat,0501-1500,1,,,,,,,
9178,0-25,E,501-1500,,,,,,,,1
407.3,0-25,Flat,2501-3500,1,,,,,,,
98,0-25,Flat,0501-1500,1,,,,,,,
25,0-25,Flat,0-500,,,,,1,,,
0.1,0-25,E,0-500,,,1,,,,,
1396.7,0-25,Flat,1501-2500,1,,,,,,,
3,26-40,NW,2501-3500,,,,,1,,,
0.1,0-25,E,3501-4500,,,,,,,,1
1593.6,0-25,Flat,0-500,1,,,,,,,
1,0-25,Flat,2501-3500,,,,,,,1,
66267.9,0-25,Flat,0501-1500,1,,,,,,,
3356.5,26-40,South West,0501-1500,1,,,,,,,
47333.2,0-25,North East,1501-2500,1,,,,,,,
6.5,0-25,Flat,0501-1500,1,,,,,,,
30736.8,0-25,Flat,0501-1500,1,,,,,,,
8289.9,0-25,Flat,0501-1500,1,,,,,,,
903.9,0-25,Flat,1501-2500,1,,,,,,,
16703.5,0-25,Flat,0-500,1,,,,,,,
11542.9,26-40,North East,1501-2500,1,,,,,,,
549,0-25,SW,501-1500,,,,,,,,1
970,26-40,E,501-1500,,,,,1,,,
22613,0-25,NE,0-500,,,,,,,,1
14413,0-25,N,0-500,,,,,,,,1
1694.2,0-25,Flat,0-500,1,,,,,,,
48176.1,0-25,Flat,0501-1500,,,,,,,1,
5,0-25,Flat,0501-1500,,,,,,,,1
3932.2,0-25,Flat,0501-1500,,,,,,,,1
4223.7,0-25,North West,1501-2500,,,,,,,,1
20942.8,0-25,Flat,1501-2500,1,,,,,,,
66,0-25,Flat,0501-1500,,,,,,,,1
9453.2,0-25,Flat,0-500,1,,,,,,,
1.4,0-25,N,1501-2500,1,,,,,,,
60806.6,0-25,Flat,0501-1500,1,,,,,,,
25687.5,0-25,West,0501-1500,,,,,,,,1
5609.4,0-25,Flat,0501-1500,1,,,,,,,
7563.2,0-25,Flat,0-500,,1,,,,,,
7.5,0-25,E,0-500,1,,,,,,,
5459,0-25,Flat,0501-1500,1,,,,,,,
101,26-40,SE,501-1500,,,,,1,,,
42.6,0-25,Flat,0501-1500,,,,,,,1,
55704,0-25,NE,0-500,,,,,1,,,
0.1,0-25,W,0-500,1,,,,,,,
29048,0-25,NW,0-500,1,,,,,,,
2370,0-25,W,501-1500,,,,,,,,1
244,0-25,SW,0-500,1,,,,,,,
5774.7,0-25,Flat,1501-2500,1,,,,,,,
1,0-25,Flat,1501-2500,,,,,,,1,
0.5,0-25,S,2501-3500,,,,,,,,1
28.5,41-55,SW,1501-2500,,,,,,,,1
22,0-25,Flat,1501-2500,,,,,,,1,
34851.4,0-25,Flat,0501-1500,,,,,,,1,
5,41-55,E,501-1500,,,,,1,,,
312918.2,0-25,Flat,0-500,1,,,,,,,
482,41-55,E,1501-2500,,,,,1,,,
4488.6,0-25,South East,0501-1500,,,,,,,,1
23271.6,0-25,Flat,0-500,,,,,,,,1
0.1,0-25,SE,501-1500,,,,,1,,,
223154.1,0-25,Flat,0-500,,,,,,,,1
2109,0-25,S,501-1500,,,1,,,,,
93.4,0-25,Flat,0-500,,,,,,,,1
3879,26-40,S,501-1500,,,,,1,,,
1345.6,0-25,Flat,0501-1500,,1,,,,,,
6771.4,0-25,Flat,0501-1500,,1,,,,,,
10708,0-25,E,1501-2500,,,,,,,1,
73,26-40,W,501-1500,1,,,,,,,
2738,41-55,S,501-1500,1,,,,,,,
938,0-25,Flat,0-500,,,,,,,1,
21492.9,0-25,Flat,0-500,1,,,,,,,
19920.7,0-25,Flat,0501-1500,,,,,,,1,
31705,26-40,N,501-1500,1,,,,,,,
5167,0-25,N,0-500,,,1,,,,,
9751.2,0-25,Flat,0501-1500,1,,,,,,,
6135.2,0-25,Flat,0501-1500,,,,,,,1,
18795,0-25,S,0-500,,,1,,,,,
54036,0-25,Flat,0501-1500,1,,,,,,,
12923.6,0-25,Flat,0-500,1,,,,,,,
41628,0-25,SW,0-500,,,1,,,,,
90.1,0-25,Flat,1501-2500,,,1,,,,,
9405,0-25,S,0-500,,,,,,,,1
0.1,0-25,Flat,2501-3500,1,,,,,,,
0.1,0-25,S,0-500,,,,,,,,1
13932,0-25,NE,0-500,,,,,,,,1
0.1,0-25,Flat,0-500,,,,,,,1,
4692.5,0-25,Flat,0-500,1,,,,,,,
33362.6,0-25,Flat,0-500,1,,,,,,,
1108.8,0-25,Flat,0-500,1,,,,,,,
90,0-25,NW,501-1500,,,,,1,,,
1003.5,0-25,Flat,0-500,1,,,,,,,
5802.2,0-25,Flat,0-500,1,,,,,,,
0.1,0-25,North West,0501-1500,1,,,,,,,
4904,0-25,Flat,0-500,1,,,,,,,
912.7,0-25,Flat,0-500,1,,,,,,,
1,0-25,W,0-500,,,,,,,,1
1928,0-25,NE,501-1500,1,,,,,,,
50773.7,0-25,South,1501-2500,1,,,,,,,
15131.6,0-25,Flat,0-500,1,,,,,,,
2695,0-25,Flat,0-500,1,,,,,,,
1,0-25,Flat,0501-1500,1,,,,,,,
1,0-25,N,0-500,,,,,1,,,
233,0-25,N,0-500,1,,,,,,,
43199.8,0-25,Flat,0501-1500,1,,,,,,,
149359.3,0-25,Flat,0501-1500,1,,,,,,,
103967.5,0-25,Flat,0501-1500,1,,,,,,,
10,0-25,N,501-1500,1,,,,,,,
78212.5,0-25,Flat,0501-1500,1,,,,,,,
2239,26-40,SE,501-1500,1,,,,,,,
8681,0-25,SW,501-1500,,,,,1,,,
13556.3,0-25,Flat,1501-2500,,1,,,,,,
1743.1,0-25,Flat,0501-1500,1,,,,,,,
10,0-25,South East,0501-1500,1,,,,,,,
360,0-25,Flat,0501-1500,1,,,,,,,
22.5,0-25,Flat,0-500,1,,,,,,,
112806.8,0-25,Flat,0-500,1,,,,,,,
7,0-25,E,1501-2500,1,,,,,,,
97.2,0-25,Flat,0501-1500,1,,,,,,,
1043.1,0-25,Flat,1501-2500,1,,,,,,,
5645,0-25,N,0-500,,,,,,,,1
452.1,0-25,Flat,1501-2500,1,,,,,,,
4148.5,0-25,Flat,1501-2500,1,,,,,,,
4054.4,0-25,Flat,0501-1500,1,,,,,,,
42402.8,0-25,Flat,0-500,1,,,,,,,
24179.1,0-25,Flat,0-500,1,,,,,,,
3,0-25,Flat,0-500,1,,,,,,,
16944,0-25,SE,0-500,1,,,,,,,
0.2,0-25,SE,1501-2500,1,,,,,,,
11631,0-25,SW,501-1500,,,,,,,,1
15031.9,0-25,Flat,0-500,1,,,,,,,
14999,0-25,SW,501-1500,,,,,,,,1
276038.2,0-25,Flat,0501-1500,1,,,,,,,
43378,0-25,Flat,0-500,,,,,,,1,
91444.2,0-25,Flat,0-500,1,,,,,,,
15002,0-25,NW,0-500,,,,,,,,1
3,0-25,Flat,0-500,1,,,,,,,
1091,0-25,SW,501-1500,1,,,,,,,
0.1,0-25,E,501-1500,,,,,,,1,
252.5,0-25,Flat,0-500,1,,,,,,,
0.1,0-25,Flat,0-500,1,,,,,,,
307.6,0-25,Flat,0-500,1,,,,,,,
1825,0-25,W,0-500,,,,,,,,1
125,26-40,S,501-1500,,,,,,,,1
5797.7,0-25,North East,1501-2500,1,,,,,,,
980.6,0-25,Flat,0501-1500,1,,,,,,,
4088.6,0-25,South West,0501-1500,1,,,,,,,
283.3,0-25,Flat,0501-1500,1,,,,,,,
120.8,0-25,Flat,0501-1500,,1,,,,,,
37597.3,0-25,Flat,0501-1500,1,,,,,,,
0.1,41-55,N,2501-3500,,,,,,,,1
8019.8,0-25,Flat,0-500,1,,,,,,,
1728.2,0-25,Flat,0501-1500,1,,,,,,,
49,0-25,South West,0501-1500,1,,,,,,,
12461.1,0-25,South West,0501-1500,1,,,,,,,
329.5,26-40,E,3501-4500,,,,,,,,1
2518.6,0-25,S,0-500,,,,,,,,1
6760.1,0-25,S,0-500,,,,,,,,1
3,0-25,W,2501-3500,,,1,,,,,
4897,0-25,Flat,0501-1500,1,,,,,,,
0.1,26-40,S,1501-2500,1,,,,,,,
7464,0-25,NW,0-500,1,,,,,,,
1,0-25,Flat,2501-3500,,,1,,,,,
8642,0-25,NE,501-1500,1,,,,,,,
0.1,0-25,W,501-1500,,,,,1,,,
4947,0-25,SW,501-1500,,,,,,,,1
325,0-25,SW,0-500,1,,,,,,,
20049.2,0-25,Flat,0501-1500,,1,,,,,,
7680,0-25,Flat,0501-1500,,1,,,,,,
778.5,0-25,Flat,0501-1500,,1,,,,,,
5432.1,0-25,Flat,0501-1500,,1,,,,,,
1878,41-55,N,1501-2500,1,,,,,,,
9,0-25,Flat,1501-2500,1,,,,,,,
2697.9,0-25,Flat,0501-1500,,1,,,,,,
1036,0-25,SE,0-500,,,,,,,,1
10906.6,0-25,Flat,0501-1500,1,,,,,,,
1000,0-25,N,501-1500,1,,,,,,,
2,0-25,SE,0-500,,,,,1,,,
27066,0-25,NE,1501-2500,1,,,,,,,
4861.3,0-25,South West,0501-1500,,,,,,,,1
35580,0-25,S,0-500,,,,,,,,1
2807.2,0-25,Flat,0-500,1,,,,,,,
1199,56-75,N,1501-2500,,,,,1,,,
1536,0-25,W,501-1500,,,,,,,,1
604.2,26-40,SE,501-1500,1,,,,,,,
49182.4,0-25,Flat,0-500,1,,,,,,,
0.1,0-25,Flat,501-1500,,,,,1,,,
25117,0-25,Flat,1501-2500,1,,,,,,,
13775.7,0-25,Flat,0-500,1,,,,,,,
620,0-25,SE,501-1500,,,,,,,,1
13766.3,0-25,SW,0-500,1,,,,,,,
0.1,0-25,Flat,0-500,,,,,,,,1
0.1,0-25,NW,0-500,,,,,,,,1
10481.2,0-25,Flat,0501-1500,,1,,,,,,
1,0-25,S,1501-2500,1,,,,,,,
82432.2,0-25,Flat,0501-1500,1,,,,,,,
33131,0-25,NE,501-1500,,,,,,,,1
75135,0-25,S,0-500,,,,,,,,1
0.1,0-25,Flat,0-500,,,1,,,,,
5183.6,0-25,South West,1501-2500,1,,,,,,,
2049,26-40,E,501-1500,,,,,,,,1
3,0-25,Flat,1501-2500,1,,,,,,,
1,0-25,NE,2501-3500,,,,,,,,1
59532.5,0-25,Flat,0501-1500,1,,,,,,,
151.3,26-40,W,2501-3500,1,,,,,,,
121339.2,0-25,Flat,0501-1500,1,,,,,,,
13789.6,0-25,Flat,0-500,1,,,,,,,
0.1,0-25,N,0-500,,,,,,,,1
97303.3,0-25,Flat,0-500,1,,,,,,,
2416.1,0-25,Flat,0501-1500,1,,,,,,,
8,0-25,Flat,0-500,1,,,,,,,
2468,0-25,NE,0-500,1,,,,,,,
2,56-75,S,3501-4500,,,,,,,,1
5,0-25,S,0-500,1,,,,,,,
0.1,0-25,N,0-500,,,1,,,,,
21867.2,26-40,South East,2501-3500,1,,,,,,,
1,0-25,W,501-1500,1,,,,,,,
6500.8,0-25,Flat,0-500,1,,,,,,,
0.5,0-25,NE,0-500,1,,,,,,,
111193.8,0-25,Flat,0501-1500,,,1,,,,,
42767,0-25,SW,501-1500,1,,,,,,,
12409.5,0-25,Flat,0501-1500,1,,,,,,,
315.1,0-25,Flat,1501-2500,1,,,,,,,
0.1,0-25,N,0-500,1,,,,,,,
0.1,0-25,Flat,0-500,1,,,,,,,
0.5,0-25,SE,0-500,1,,,,,,,
80,0-25,Flat,0-500,1,,,,,,,
315,0-25,N,1501-2500,1,,,,,,,
54503,0-25,Flat,0-500,1,,,,,,,
8.2,0-25,S,2501-3500,1,,,,,,,
142650.4,0-25,Flat,0501-1500,1,,,,,,,
0.1,0-25,Flat,0-500,,,1,,,,,
98247.1,0-25,North West,1501-2500,1,,,,,,,
0.1,0-25,E,0-500,,,,,,,,1
0.1,0-25,Flat,0-500,,,,,,,,1
0.1,0-25,SW,0-500,,,1,,,,,
0.1,0-25,Flat,0-500,,,,,,,1,
0.1,0-25,S,0-500,,,,,1,,,
3.5,26-40,SW,501-1500,1,,,,,,,
9826.3,41-55,NW,1501-2500,1,,,,,,,
0.1,0-25,Flat,0-500,,,,,,,,1
0.1,0-25,Flat,501-1500,,,1,,,,,
0.1,0-25,SW,501-1500,,,,,1,,,
0.1,0-25,Flat,0-500,,,,,,,1,
1,0-25,SW,1501-2500,1,,,,,,,
0.1,0-25,N,0-500,1,,,,,,,
10.5,0-25,N,501-1500,1,,,,,,,
11473.6,0-25,N,501-1500,1,,,,,,,
150,0-25,N,501-1500,1,,,,,,,
573.6,0-25,West,2501-3500,,,,,1,,,
0.1,0-25,W,0-500,,,,,1,,,
4,0-25,S,2501-3500,,,1,,,,,
0.1,0-25,Flat,0-500,,,,,1,,,
2.3,0-25,W,3501-4500,1,,,,,,,
129,0-25,Flat,0501-1500,,,,,,,,1
1.8,0-25,E,501-1500,,,,,1,,,
0.1,0-25,Flat,0-500,,,,,,,,1
0.1,0-25,Flat,0-500,1,,,,,,,
0.1,26-40,NW,1501-2500,,,,,,,1,
0.1,0-25,SW,501-1500,1,,,,,,,
59,0-25,Flat,0-500,1,,,,,,,
1,0-25,North,1501-2500,1,,,,,,,
0.1,0-25,N,0-500,,,,,1,,,
0.5,0-25,Flat,0-500,1,,,,,,,
0.2,0-25,S,0-500,,,1,,,,,
0.1,0-25,SW,0-500,,,1,,,,,
8876,0-25,SW,0-500,1,,,,,,,
0.2,0-25,W,0-500,,,,,,,,1
0.1,26-40,N,0-500,,,,,1,,,
2,0-25,W,1501-2500,,,,,1,,,
16107,0-25,West,1501-2500,1,,,,,,,
721.6,0-25,SE,501-1500,1,,,,,,,
0.2,0-25,NE,501-1500,1,,,,,,,
0.3,0-25,Flat,1501-2500,1,,,,,,,
0.1,26-40,NW,501-1500,1,,,,,,,
7264.9,0-25,W,0-500,,,,,1,,,
0.3,0-25,NE,1501-2500,,,1,,,,,
0.1,0-25,Flat,0-500,,,,,,,,1
0.1,0-25,Flat,0-500,,,1,,,,,
0.1,0-25,SE,0-500,,,,,,,,1
0.1,0-25,W,501-1500,,,,,,,,1
0.1,0-25,E,1501-2500,,,,,,,,1
0.1,0-25,W,501-1500,,,,,1,,,
0.1,0-25,Flat,0-500,,,1,,,,,
0.1,0-25,Flat,0-500,,,,,,,,1
0.1,0-25,Flat,0-500,,,,,,,,1
0.1,0-25,S,0-500,,,,,,,1,
0.1,0-25,SE,0-500,,,,,,,1,
39639.7,0-25,E,1501-2500,1,,,,,,,
0.1,0-25,W,0-500,,,,,1,,,
10,0-25,N,0-500,1,,,,,,,
0.1,0-25,Flat,501-1500,,,,,1,,,
0.1,0-25,W,501-1500,,,,,1,,,
0.1,0-25,S,0-500,,,1,,,,,
0.1,0-25,NE,501-1500,,,,,1,,,
0.1,0-25,Flat,0-500,,,,,,,,1
0.1,41-55,S,501-1500,,,,,,,,1
0.1,0-25,NW,501-1500,,,,,1,,,
0.1,0-25,SW,1501-2500,1,,,,,,,
0.1,0-25,Flat,501-1500,,,,,1,,,
0.1,0-25,N,1501-2500,,,,,1,,,
2.2,0-25,N,0-500,,,1,,,,,
0.1,0-25,Flat,0-500,,,1,,,,,
8660.9,0-25,Flat,0-500,,,,,,,,1
0.1,0-25,Flat,1501-2500,,,,,1,,,
0.1,0-25,NE,501-1500,,,,,1,,,
2,26-40,SW,501-1500,,,,,,,,1
0.1,0-25,Flat,0-500,,,,,,,,1
48728.3,0-25,NE,501-1500,,,,,,,,1
15.5,0-25,SE,0-500,,,1,,,,,
0.2,0-25,E,0-500,,,,,1,,,
0.1,0-25,Flat,0-500,,,,,,,,1
0.1,56-75,NE,1501-2500,,,,,,,,1
25259.8,0-25,S,0-500,1,,,,,,,
0.1,0-25,W,0-500,,,,,,,,1
3,0-25,N,0-500,,,,,,,,1
0.5,0-25,SW,0-500,,,1,,,,,
67778,0-25,E,0-500,1,,,,,,,
1000.4,0-25,W,0-500,1,,,,,,,
1,0-25,N,501-1500,,,1,,,,,
0.1,0-25,NE,0-500,,,,,,,,1
4.8,0-25,Flat,2501-3500,1,,,,,,,
1.5,0-25,N,0-500,,,,,,,,1
17.2,26-40,W,501-1500,1,,,,,,,
60.5,41-55,NW,501-1500,,,,,1,,,
0.1,0-25,Flat,0-500,,,,,,,,1
37,0-25,W,501-1500,1,,,,,,,
0.2,0-25,E,0-500,,,,,1,,,
0.1,0-25,E,0-500,1,,,,,,,
0.1,0-25,S,0-500,,,1,,,,,
0.1,0-25,NE,501-1500,,,,,,,,1
0.1,0-25,S,0-500,,,,,,,1,
0.1,0-25,SE,0-500,,,,,1,,,
27.8,0-25,Flat,1501-2500,,,,,,,1,
0.1,0-25,Flat,0-500,,,,,,,,1
0.1,0-25,E,0-500,,,,,,,,1
0.1,0-25,SE,0-500,,,,,1,,,
0.1,0-25,W,0-500,,,,,1,,,
0.1,0-25,N,1501-2500,1,,,,,,,
0.3,0-25,West,0501-1500,,,,,,,1,
4,0-25,N,1501-2500,,,,,1,,,
1,0-25,N,0-500,,,1,,,,,
0.1,0-25,NW,0-500,,,1,,,,,
0.1,41-55,E,501-1500,,,,,1,,,
0.1,0-25,NE,0-500,,,,,,,1,
0.1,0-25,W,2501-3500,,,,,,,1,
0.5,0-25,Flat,0-500,1,,,,,,,
204,0-25,Flat,0501-1500,1,,,,,,,
0.1,0-25,SE,0-500,,,,,,,,1
0.1,56-75,SW,1501-2500,,,,,,,,1
0.1,0-25,N,0-500,,,,,1,,,
0.1,0-25,Flat,2501-3500,,,,,1,,,
0.1,0-25,W,501-1500,,,1,,,,,
1,0-25,SW,0-500,1,,,,,,,
0.1,0-25,Flat,0-500,,,1,,,,,
5,0-25,Flat,0501-1500,,,1,,,,,
0.5,0-25,N,0-500,,,,,,,,1
0.1,0-25,E,0-500,,,,,1,,,
0.1,0-25,W,0-500,,,1,,,,,
263.6,0-25,East,1501-2500,,,,,,,1,
372,0-25,South,2501-3500,,,,,,,1,
5,0-25,North West,1501-2500,1,,,,,,,
2902.3,0-25,South West,1501-2500,1,,,,,,,
0.1,0-25,Flat,0-500,,,1,,,,,
0.1,0-25,SE,0-500,,,,,,,1,
0.5,0-25,Flat,0-500,1,,,,,,,
0.1,0-25,S,1501-2500,,,,,,,1,
0.1,0-25,SW,1501-2500,1,,,,,,,
0.2,26-40,SW,1501-2500,1,,,,,,,
0.1,26-40,W,2501-3500,1,,,,,,,
643,0-25,N,1501-2500,1,,,,,,,
0.1,0-25,NW,0-500,,,,,,,,1
0.2,0-25,N,0-500,,,1,,,,,
7,0-25,Flat,2501-3500,1,,,,,,,
0.1,0-25,Flat,501-1500,,,1,,,,,
0.1,0-25,E,0-500,,,1,,,,,
0.1,0-25,West,0501-1500,1,,,,,,,
0.1,26-40,Flat,501-1500,,,1,,,,,
61.6,56-75,W,Unknown,,,1,,,,,
0.1,0-25,N,0-500,,,,,1,,,
2,0-25,South,0501-1500,1,,,,,,,
0.3,0-25,Flat,0-500,,,,,,,1,
0.1,0-25,Flat,501-1500,,,1,,,,,
426.4,Unknown,Unknown,Unknown,1,,,,,,,
0.1,0-25,NW,1501-2500,,,,,1,,,
0.1,0-25,W,0-500,,,,,,,,1
0.1,0-25,N,0-500,,,1,,,,,
2,0-25,W,501-1500,,,1,,,,,
0.1,0-25,SE,501-1500,1,,,,,,,
0.1,0-25,S,0-500,,,,,1,,,
0.2,0-25,N,0-500,,,,,1,,,
0.1,26-40,E,501-1500,,,,,,,,1
0.1,26-40,E,1501-2500,,,1,,,,,
22,0-25,SW,1501-2500,1,,,,,,,
0.1,56-75,W,1501-2500,1,,,,,,,
1.5,0-25,S,501-1500,,,,,1,,,
0.1,0-25,Flat,0-500,,,,,,,,1
0.1,0-25,SE,501-1500,,,1,,,,,
0.1,0-25,W,0-500,,,1,,,,,
22,41-55,E,1501-2500,,,1,,,,,
0.1,26-40,E,1501-2500,,,,,,,,1
108,26-40,N,1501-2500,,,,,,,,1
0.1,0-25,E,0-500,,,1,,,,,
0.1,0-25,SW,501-1500,1,,,,,,,
0.1,0-25,SE,0-500,,,,,,,,1
0.1,0-25,Flat,0-500,,,,,,,,1
0.1,0-25,Flat,0-500,,,,,,,,1
0.1,0-25,SE,1501-2500,,,,,1,,,
15.1,0-25,SW,501-1500,,,1,,,,,
535.4,0-25,Flat,0501-1500,1,,,,,,,
0.1,0-25,S,501-1500,,,1,,,,,
0.2,26-40,E,501-1500,,,,,1,,,
0.1,0-25,Flat,1501-2500,,,,,,,,1
0.1,0-25,SE,501-1500,,,1,,,,,
0.2,0-25,S,501-1500,,,1,,,,,
0.1,0-25,Flat,501-1500,,,1,,,,,
0.2,0-25,NE,0-500,,,,,1,,,
0.1,0-25,Flat,501-1500,,,,,,,,1
0.1,0-25,Flat,0-500,,,,,1,,,
0.9,26-40,N,501-1500,,,1,,,,,
0.1,26-40,S,501-1500,,,1,,,,,
0.7,0-25,W,0-500,,,1,,,,,
3,0-25,W,501-1500,,,1,,,,,
0.1,0-25,Flat,0-500,,,1,,,,,
1,0-25,North,1501-2500,,,1,,,,,
34,0-25,N,0-500,,,1,,,,,
11.2,0-25,Flat,1501-2500,,,1,,,,,
0.1,0-25,Flat,0-500,,,,,1,,,
4,41-55,N,4501-5500,,,1,,,,,
1.5,0-25,SE,0-500,,,1,,,,,
0.1,0-25,N,0-500,,,,,1,,,
0.1,0-25,NE,0-500,,,1,,,,,
0.1,0-25,Flat,1501-2500,,,1,,,,,
0.2,0-25,S,0-500,,,1,,,,,
0.1,0-25,NW,0-500,,,,,,,,1
0.6,0-25,North,1501-2500,1,,,,,,,
0.1,0-25,N,0-500,,,1,,,,,
0.1,0-25,N,501-1500,1,,,,,,,
0.1,0-25,E,1501-2500,,,1,,,,,
0.1,0-25,South West,1501-2500,,,1,,,,,
0.1,0-25,NE,1501-2500,,,1,,,,,
0.1,0-25,East,1501-2500,,,,,1,,,
5,0-25,Flat,1501-2500,,,1,,,,,
0.5,0-25,NW,0-500,,,1,,,,,
56,0-25,West,1501-2500,,,1,,,,,
1,0-25,Flat,501-1500,,,1,,,,,
0.1,0-25,N,0-500,1,,,,,,,
347.6,0-25,Flat,0501-1500,,,,,,,,1
0.1,26-40,N,501-1500,,,,,,,,1
1,0-25,S,0-500,,,1,,,,,
1340.9,0-25,Flat,0501-1500,,,1,,,,,
0.1,41-55,NW,501-1500,,,,,1,,,
0.1,0-25,SW,1501-2500,,,1,,,,,
124.2,0-25,Flat,1501-2500,,,1,,,,,
0.1,26-40,E,501-1500,,,,,1,,,
743.5,0-25,Flat,0501-1500,,,1,,,,,
10.6,0-25,Flat,0501-1500,,,1,,,,,
5.1,0-25,N,501-1500,,,,,,,,1
0.3,0-25,SW,501-1500,,,1,,,,,
0.6,0-25,NW,0-500,,,1,,,,,
0.1,0-25,Flat,0501-1500,,,1,,,,,
28.4,0-25,Flat,0501-1500,,,1,,,,,
0.1,0-25,Flat,0-500,,,,,,,,1
0.1,0-25,Flat,0-500,,,1,,,,,
0.2,0-25,E,0-500,,,1,,,,,
0.2,0-25,S,0-500,,,,,1,,,
7.6,0-25,W,0-500,,,1,,,,,
954,0-25,E,501-1500,,,,,,,1,
0.2,0-25,N,0-500,,,1,,,,,
0.1,0-25,SE,0-500,,,1,,,,,
1.9,0-25,S,0-500,,,1,,,,,
0.1,0-25,Flat,0501-1500,,,,,,,1,
0.3,0-25,SE,0-500,,,,,,,,1
0.1,26-40,SE,501-1500,,,1,,,,,
1828.6,0-25,Flat,0-500,,,,,,,1,
0.1,0-25,Flat,0501-1500,,,1,,,,,
0.1,0-25,N,501-1500,,,,,,,1,
0.1,0-25,Flat,0-500,,,1,,,,,
0.1,0-25,Flat,0501-1500,,,1,,,,,
0.1,0-25,SE,0-500,,,,,1,,,
0.1,0-25,Flat,0-500,,,,,,,,1
0.1,0-25,Flat,501-1500,,,,,,,,1
0.1,0-25,SW,0-500,,,1,,,,,
46.1,0-25,Flat,1501-2500,,,1,,,,,
521.8,0-25,Flat,0501-1500,,,1,,,,,
0.1,0-25,Flat,0-500,,,1,,,,,
0.7,0-25,S,501-1500,,,,,,,1,
0.5,0-25,W,0-500,,,1,,,,,
0.1,0-25,Flat,0-500,,,,,,,,1
0.3,0-25,E,0-500,,,1,,,,,
82.3,0-25,Flat,0501-1500,,,1,,,,,
1.6,0-25,E,501-1500,,,,,1,,,
0.1,0-25,W,501-1500,,,1,,,,,
0.1,0-25,E,0-500,,,1,,,,,
80.1,0-25,Flat,0-500,,,1,,,,,
0.1,0-25,SW,501-1500,,,1,,,,,
0.1,0-25,W,501-1500,,,1,,,,,
1,0-25,Flat,0501-1500,,,1,,,,,
0.1,26-40,SW,501-1500,,,,,1,,,
0.1,0-25,SW,1501-2500,,,1,,,,,
22.5,0-25,Flat,0501-1500,,,1,,,,,
2,0-25,Flat,0501-1500,,,1,,,,,
0.1,0-25,SW,501-1500,,,1,,,,,
0.1,0-25,NW,501-1500,,,1,,,,,
0.1,0-25,SE,501-1500,,,,,,,,1
0.1,0-25,N,0-500,,,,,1,,,
190,0-25,NW,0-500,,,1,,,,,
0.1,0-25,SE,501-1500,,,,,1,,,
0.1,0-25,SE,0-500,,,1,,,,,
0.1,0-25,NW,0-500,,,1,,,,,
0.1,0-25,E,0-500,,,1,,,,,
2,0-25,N,0-500,,,1,,,,,
0.1,0-25,Flat,0-500,,,1,,,,,
0.1,0-25,NW,0-500,,,1,,,,,
0.1,0-25,N,0-500,,,,,,,,1
0.1,0-25,Flat,0-500,1,,,,,,,
0,0-25,Flat,0-500,,,,,,,1,
0.1,0-25,N,501-1500,,,1,,,,,
0.1,0-25,E,0-500,,,,,,,,1
0.1,0-25,SW,0-500,,,,,1,,,
0.1,0-25,S,0-500,,,1,,,,,
0.1,0-25,NE,0-500,,,,,1,,,
0.1,0-25,SE,0-500,,,1,,,,,
0.1,0-25,NW,0-500,,,,,,,,1
0.2,0-25,NE,0-500,,,1,,,,,
0.4,76+,S,1501-2500,,,,,1,,,
0.1,0-25,Flat,0-500,,,,,1,,,
0.1,0-25,Flat,0-500,,,,,1,,,
0.3,0-25,SW,0-500,,,,,1,,,
5.7,0-25,Flat,1501-2500,1,,,,,,,
0.2,0-25,SE,0-500,,,1,,,,,
0.1,0-25,SE,0-500,,,1,,,,,
0.1,0-25,North,0501-1500,1,,,,,,,
2,0-25,Flat,0-500,,,,,,,,1
0.1,0-25,Flat,0-500,,,,,,,1,
0.1,0-25,S,0-500,,,,,,,,1
0.6,0-25,SE,0-500,,,,,1,,,
0.1,0-25,S,1501-2500,,,,,,,,1
0.1,0-25,S,1501-2500,,,,,,,,1
0.3,26-40,South East,0-500,,,1,,,,,
2,0-25,Flat,1501-2500,,,,,,,,1
3.5,0-25,Flat,0-500,,1,,,,,,
1.5,0-25,Flat,1501-2500,,1,,,,,,
0.1,0-25,Flat,0-500,,,,,,,,1
0.1,0-25,Flat,0-500,1,,,,,,,
0.3,0-25,Flat,0-500,,,,,,,,1
40,Unknown,Unknown,Unknown,,,,,,,1,
0.5,0-25,Flat,1501-2500,,,1,,,,,
38,Unknown,Unknown,Unknown,,,,,1,,,
0.3,0-25,E,0-500,,,,,,,,1
0.3,0-25,Flat,0501-1500,,1,,,,,,
5,41-55,NE,1501-2500,,,,,,,,1
0.2,0-25,SE,1501-2500,,,,,,,,1
0.1,41-55,NE,1501-2500,,,,,,,1,
0.1,0-25,Flat,1501-2500,,,,,,,,1
0.1,0-25,Flat,0-500,1,,,,,,,
402.8,0-25,Flat,0-500,,1,,,,,,
0.1,26-40,SW,501-1500,,,,,,,,1
3.5,56-75,W,2501-3500,,,1,,,,,
0.1,0-25,Flat,0-500,,,,,,,,1
0.2,0-25,North West,0501-1500,,,,,,,,1
0.1,0-25,North East,0501-1500,,,,,,,1,
0.1,0-25,E,0-500,,,,,1,,,
560,0-25,Flat,0-500,,1,,,,,,
1200,0-25,Flat,0-500,,1,,,,,,
189.3,0-25,Flat,0-500,,1,,,,,,
2,0-25,Flat,0-500,,1,,,,,,
2621.9,0-25,Flat,0501-1500,,1,,,,,,
3,0-25,Flat,0-500,,1,,,,,,
0.2,0-25,Flat,0-500,,1,,,,,,
1,0-25,Flat,0-500,,1,,,,,,
25,0-25,Flat,0-500,,1,,,,,,
30,0-25,Flat,0-500,,1,,,,,,
1,0-25,Flat,0-500,,1,,,,,,
214.3,0-25,Flat,0501-1500,,1,,,,,,
161,0-25,Flat,0-500,,1,,,,,,
0.1,0-25,Flat,0-500,,,,,,,1,
2.1,0-25,SW,1501-2500,,,,,,,,1
0.1,0-25,Flat,0-500,,,,,,,,1
0.1,0-25,Flat,1501-2500,,,,,,,1,
55,0-25,Flat,0-500,,1,,,,,,
70,0-25,Flat,0-500,,1,,,,,,
199.9,0-25,Flat,0501-1500,,1,,,,,,
0.8,0-25,NE,501-1500,,,1,,,,,
32.5,0-25,Flat,0-500,,1,,,,,,
0.1,41-55,S,501-1500,,,,,1,,,
0.1,0-25,Flat,0-500,1,,,,,,,
40,0-25,Flat,0-500,,1,,,,,,
20,0-25,Flat,0-500,,1,,,,,,
0.1,0-25,Flat,0-500,,,1,,,,,
0.1,0-25,Flat,0-500,,,,,,,,1
0.1,0-25,N,501-1500,,,,,,,,1
0.2,0-25,Flat,1501-2500,,,,,,,,1
0.1,0-25,W,1501-2500,1,,,,,,,
0.1,0-25,Flat,0-500,,,,,,,,1
0.1,0-25,Flat,0-500,,,,,,,,1
0.1,0-25,Flat,501-1500,1,,,,,,,
0.1,0-25,Flat,0-500,,,,,,,,1
0.1,0-25,Flat,0-500,,,,,,,,1
0.1,0-25,Flat,0-500,,,,,,,,1
0.1,0-25,Flat,0-500,,,,,,,,1
0.1,0-25,Flat,1501-2500,,,,,1,,,
0.1,0-25,Flat,0-500,,,,,,,1,
0.1,0-25,SW,0-500,,,,,,,,1
0.1,0-25,Flat,0501-1500,,,,,,,,1
0.1,0-25,Flat,0-500,,,,,,,,1
0.1,0-25,Flat,0-500,,,,,,,,1
0.1,0-25,Flat,0-500,,,,,,,,1
0.1,0-25,Flat,0-500,,,,,,,,1
0.3,0-25,Flat,1501-2500,,,,,,,,1
2,0-25,Flat,0501-1500,,1,,,,,,
750.2,0-25,Flat,0-500,,1,,,,,,
2,0-25,Flat,1501-2500,,,1,,,,,
0.1,Unknown,Unknown,0-500,,,,,,,,1
0.1,0-25,Flat,501-1500,,,,,,,,1
3,0-25,Flat,0-500,1,,,,,,,
0.2,0-25,Flat,1501-2500,1,,,,,,,
0.1,0-25,NW,0-500,,,1,,,,,
10,0-25,Flat,0-500,,1,,,,,,
70,0-25,Flat,0-500,,1,,,,,,
5,0-25,Flat,0-500,,1,,,,,,
1,0-25,Flat,0-500,,1,,,,,,
50,0-25,Flat,0501-1500,,1,,,,,,
0.5,0-25,Flat,1501-2500,1,,,,,,,
79,0-25,Flat,0-500,,1,,,,,,
39,0-25,Flat,0-500,,1,,,,,,
573,0-25,Flat,0-500,,1,,,,,,
53,0-25,Flat,0-500,,1,,,,,,
130,0-25,South East,2501-3500,1,,,,,,,
0.2,0-25,N,0-500,,,1,,,,,
0.1,0-25,Flat,0-500,,,,,,,,1
0.1,0-25,Flat,0-500,,,,,,,,1
26,0-25,Flat,0501-1500,1,,,,,,,
298,0-25,NE,501-1500,,,,,,,,1
0.1,0-25,S,501-1500,,,1,,,,,
0.1,26-40,N,0-500,,,,,,,,1
0.1,0-25,Flat,0-500,,1,,,,,,
0.1,0-25,Flat,0-500,1,,,,,,,
0.1,0-25,Flat,0-500,,,1,,,,,
0.1,0-25,Flat,0-500,,,,,,,,1
0.1,0-25,Flat,0-500,,,,,,,,1
0.1,26-40,SE,0-500,,,,,,,,1
0.1,0-25,Flat,0-500,,,,,1,,,
0.1,0-25,Flat,0-500,,,,,,,1,
0.1,0-25,Flat,0-500,,,,,,,,1
0.1,0-25,Flat,0-500,,,1,,,,,
0.1,0-25,Flat,0-500,,1,,,,,,
0.1,0-25,Flat,0-500,,,,,,,,1
0.1,0-25,Flat,0501-1500,,,,,1,,,
0.1,0-25,Flat,0-500,,,,,,,1,
0.1,0-25,Flat,0-500,,,,,,,,1
2,0-25,Flat,0-500,,,1,,,,,
0.1,0-25,N,501-1500,,,,,,,,1
25.1,0-25,Flat,0-500,,1,,,,,,
0.1,0-25,SE,501-1500,,,,,,,,1
0.1,0-25,Flat,501-1500,,,,,,,,1
888,0-25,Flat,0501-1500,,,,,,,,1
1995,0-25,N,501-1500,,,,,,,,1
0.1,0-25,Flat,0501-1500,,,1,,,,,
0.1,0-25,S,501-1500,,,,,,,,1
0.1,0-25,Flat,501-1500,,,,,,,,1
47.5,0-25,SE,0-500,1,,,,,,,
0.1,0-25,Flat,0-500,,,,,,,,1
0.1,0-25,Flat,0-500,,,,,,,,1
0.3,0-25,Flat,501-1500,,,,,,,,1
2,0-25,Flat,0501-1500,1,,,,,,,
0.1,0-25,N,0-500,,,,,,,,1
0.1,0-25,N,1501-2500,,,,,,,,1
0.1,0-25,Flat,0-500,,,,,,,,1
0.1,0-25,Flat,0-500,,,,,,,,1
0.1,0-25,Flat,0-500,,,,,,,,1
0.3,0-25,Flat,0501-1500,1,,,,,,,
1,0-25,Flat,0501-1500,,,,,,,,1
0.1,0-25,Flat,0-500,,,1,,,,,
0.1,0-25,North East,0-500,,,,,1,,,
0.1,0-25,NW,0-500,,,,,,,,1
0.1,0-25,Flat,0-500,,,,,,,,1
0.1,0-25,NW,0-500,,,,,,,,1
0.1,0-25,SE,501-1500,,,,,,,1,
0.1,0-25,Flat,0-500,,,,,,,,1
1.9,0-25,Flat,0501-1500,,,,,,,,1
5,0-25,Flat,1501-2500,,1,,,,,,
62.9,0-25,Flat,0501-1500,,,1,,,,,
0.1,0-25,S,0-500,,,,,,,,1
0.1,56-75,SW,501-1500,,,,,1,,,
0.5,0-25,Flat,0-500,,,1,,,,,
0.1,0-25,Flat,1501-2500,,,,,,,,1
0.1,0-25,W,1501-2500,,,,,,,,1
0.1,0-25,S,0-500,,,,,,,,1
0.1,0-25,Flat,0-500,,,,,,,,1
0.1,0-25,NE,0-500,,,,,,,,1
25,0-25,SE,0-500,,,,,,,,1
0.4,0-25,E,0-500,,,,,,,,1
0.2,0-25,Flat,1501-2500,,,1,,,,,
0.1,0-25,Flat,0-500,,,,,,,,1
0.5,0-25,Flat,0-500,,,,,,,,1
1,0-25,E,0-500,,,1,,,,,
8.3,0-25,N,501-1500,,,,,,,,1
0.1,0-25,SW,501-1500,,,,,,,1,
2,0-25,N,1501-2500,,,,,,,,1
0.1,0-25,S,0-500,,,,,,,,1
0.1,0-25,SE,1501-2500,,,,,,,,1
0.1,0-25,N,501-1500,,,1,,,,,
0.1,0-25,S,2501-3500,,,,,,,,1
0.1,0-25,E,0-500,,,,,,,,1
0.1,0-25,Flat,0-500,,,1,,,,,
0.1,0-25,E,501-1500,,,,,,,,1
0.1,0-25,Flat,0-500,,,,,,,,1
0.1,0-25,E,501-1500,,,,,,,,1
68.5,0-25,Flat,0501-1500,,1,,,,,,
0.1,0-25,NW,501-1500,,,,,,,1,
0.1,0-25,Flat,1501-2500,1,,,,,,,
0.2,0-25,Flat,0-500,,,1,,,,,
0.1,0-25,South,0501-1500,,,,,,,1,
0.1,0-25,NW,0-500,,,,,,,,1
0.5,0-25,E,0-500,,,,,,,,1
0.1,0-25,S,501-1500,,,,,,,,1
0.2,26-40,SE,501-1500,,,,,,,,1
0.5,0-25,Flat,0-500,,,,,1,,,
0.1,0-25,Flat,0-500,,,1,,,,,
0.1,0-25,Flat,1501-2500,1,,,,,,,
0.1,0-25,Flat,0-500,,,1,,,,,
0.1,0-25,Flat,0-500,,,,,,,,1
0.1,0-25,Flat,0501-1500,,,1,,,,,
0.1,0-25,Flat,1501-2500,,,,,,,,1
0.1,0-25,Flat,0-500,,,,,,,,1
0.3,0-25,S,501-1500,1,,,,,,,
0.1,0-25,N,0-500,,,,,,,,1
0.1,0-25,S,501-1500,,,1,,,,,
0.1,0-25,N,0-500,,,,,,,,1
0.1,0-25,Flat,0501-1500,,,1,,,,,
1,0-25,Flat,0501-1500,,,,1,,,,
0.1,0-25,Flat,0-500,,,,,,,,1
0.1,26-40,NW,1501-2500,,,,,,,1,
0.1,0-25,Flat,0501-1500,,,,,,,,1
0.1,0-25,S,0-500,,,,,,,,1
3,0-25,Flat,0501-1500,,,1,,,,,
0.1,0-25,N,501-1500,,,,,,,,1
0.1,0-25,North West,0-500,,,,,1,,,
0.1,0-25,NW,0-500,,,,,,,,1
0.5,0-25,Flat,1501-2500,,,,,,,,1
0.1,0-25,Flat,0-500,,,,,,,,1
0.1,0-25,NE,0-500,,,,,,,,1
0.1,0-25,Flat,0-500,,,,,,,,1
0.3,0-25,SE,501-1500,,,,,,,,1
0.1,0-25,Flat,0-500,,,,,,,,1
0.1,0-25,N,501-1500,,,,,,,,1
0.5,0-25,Flat,0-500,,,,,,,,1
0.2,0-25,Flat,0-500,,,,,,,,1
9.6,26-40,NW,0-500,,,,,,,,1
0.1,0-25,W,501-1500,,,,,,,,1
1.1,0-25,Flat,0501-1500,,,,,1,,,
0.1,0-25,Flat,0-500,,,,,,,1,
0.1,0-25,W,501-1500,,,,,,,,1
0.1,0-25,SW,501-1500,,,,,,,,1
20,26-40,S,1501-2500,,,,,,,,1
0.1,0-25,Flat,0-500,,,,,,,,1
0.1,0-25,Flat,0-500,,,,,1,,,
0.1,0-25,East,0-500,,,1,,,,,
0.1,0-25,Flat,0-500,,,1,,,,,
0.1,0-25,Flat,0501-1500,1,,,,,,,
0.1,0-25,N,0-500,,,,,,,,1
0.1,0-25,Flat,0-500,,,,,,,1,
0.1,0-25,S,0-500,,,,,,,,1
0.1,0-25,Flat,0-500,,,,,,,,1
0.1,0-25,Flat,0-500,,,1,,,,,
0.1,56-75,E,501-1500,,,,,,,,1
0.1,0-25,W,501-1500,,,,,,,,1
0.8,0-25,S,501-1500,,,,,,,,1
0.1,0-25,W,0-500,,,,,,,,1
0.1,0-25,Flat,0-500,,,,,1,,,
2,0-25,Flat,501-1500,,,,,,,,1
0.1,0-25,E,0-500,,,,,,,,1
0.1,0-25,Flat,0-500,,,,,1,,,
0.1,0-25,N,0-500,,,,,,,,1
0.1,0-25,Flat,0-500,,,,,,,,1
0.1,0-25,Flat,0-500,,,,,,,,1
0.1,0-25,Flat,0-500,,,1,,,,,
0.1,0-25,Flat,0-500,,,1,,,,,
402.9,0-25,Flat,0-500,,,1,,,,,
0.1,0-25,Flat,0-500,,,1,,,,,
0.9,0-25,Flat,0-500,,,,,,,,1
0.1,0-25,Flat,0-500,,,1,,,,,
0.1,0-25,Flat,0-500,,,,,,,,1
196610,0-25,S,0-500,1,,,,,,,
0.2,0-25,Flat,0-500,,,1,,,,,
1906,0-25,Flat,0-500,,,,,1,,,
0.1,0-25,Flat,501-1500,,,,,,,,1
0.1,0-25,Flat,0-500,,,,,,,,1
3,0-25,Flat,501-1500,,,,,,,,1
0.3,0-25,Flat,501-1500,,,,,,,,1
0.1,0-25,Flat,0-500,,,1,,,,,
0.1,0-25,Flat,0-500,,,,,,,,1
1,41-55,SW,501-1500,,,,,,,,1
0.1,0-25,Flat,0-500,,,,,,,,1
0.1,0-25,Flat,0-500,,,,,,,,1
0.1,0-25,Flat,0-500,,,,,,,,1
0.1,0-25,S,0-500,,,,,,,,1
0.1,26-40,SE,501-1500,,,,,,,,1
0.1,0-25,Flat,0-500,,,1,,,,,
0.1,0-25,Flat,0501-1500,,,1,,,,,
0.6,0-25,Flat,0-500,,,,,,,1,
0.1,0-25,Flat,0-500,,,,,,,,1
1.5,41-55,S,501-1500,,,,,,,,1
0.1,0-25,NE,1501-2500,,,,,,,,1
0.1,0-25,Flat,0-500,,,,,,,,1
0.1,0-25,N,0-500,,,,,,,,1
2,0-25,SW,0-500,,,,,,,,1
0.1,0-25,Flat,1501-2500,,,,,,,,1
0.1,0-25,Flat,0-500,,,,,,,,1
0.1,0-25,Flat,0-500,,,,,,,,1
3.6,0-25,N,501-1500,,,,,,,,1
0.1,0-25,Flat,1501-2500,,,1,,,,,
0.2,0-25,Flat,0-500,,,,,,,,1
0.1,0-25,Flat,1501-2500,,,1,,,,,
21.1,0-25,Flat,0-500,1,,,,,,,
0.1,0-25,Flat,0-500,,,,,,,,1
0.1,0-25,Flat,0-500,,,,,,,,1
0.1,0-25,S,0-500,,,,,,,,1
0.1,0-25,Flat,1501-2500,,,,,,,,1
0.1,0-25,SW,501-1500,,,,,,,,1
0.2,0-25,Flat,0-500,,,,,,,,1
0.1,0-25,S,0-500,,,,,,,,1
0.1,0-25,NW,501-1500,,,,,,,,1
23270,0-25,Flat,0501-1500,,,1,,,,,
0.1,26-40,SW,501-1500,,,,,,,,1
0.1,0-25,SE,0-500,,,,,,,,1
0.7,0-25,Flat,0501-1500,1,,,,,,,
0.1,0-25,Flat,0-500,,,,,,,,1
0.1,0-25,Flat,0501-1500,,,,,,,,1
0.1,0-25,S,501-1500,,,,,,,,1
0.1,0-25,Flat,0-500,,,,,,,,1
0.1,0-25,W,0-500,,,,,,,,1
0.1,0-25,SW,0-500,,,,,,,,1
0.1,0-25,NE,0-500,,,,,,,1,
0.4,0-25,Flat,501-1500,,,1,,,,,
1.6,0-25,Flat,0501-1500,,,1,,,,,
3,0-25,West,0501-1500,,,1,,,,,
0.2,0-25,Flat,0-500,,,,,,,,1
0.1,0-25,Flat,0-500,,,1,,,,,
0.4,0-25,NE,0-500,,,,,,,,1
0.1,0-25,Flat,0501-1500,,,1,,,,,
0.1,0-25,Flat,0-500,,,,,,,,1
0.1,0-25,Flat,0-500,,,,,,,,1
0.1,0-25,S,0-500,,,,,,,,1
0.1,0-25,North East,0-500,,,1,,,,,
0.7,0-25,Flat,1501-2500,,,,,,,,1
0.1,26-40,South East,0501-1500,,,,,1,,,
0.1,0-25,Flat,0-500,,,,,,,,1
0.7,0-25,NE,501-1500,,,1,,,,,
0.1,0-25,S,501-1500,,,,,,,,1
0.1,0-25,South,1501-2500,,,1,,,,,
0.1,0-25,Flat,0-500,,,,,,,,1
969,0-25,Flat,0-500,,,1,,,,,
40,0-25,Flat,0501-1500,,,1,,,,,
0.1,0-25,S,0-500,,,,,,,1,
94,0-25,North West,0501-1500,,,1,,,,,
0.1,0-25,W,0-500,,,,,,,,1
0.1,26-40,N,0-500,,,,,,,,1
0.1,0-25,SE,0-500,,,,,,,,1
0.1,0-25,Flat,0-500,,,,,,,,1
0.5,0-25,Flat,0-500,,,,,1,,,
0.1,0-25,Flat,1501-2500,,,,,,,,1
0.3,0-25,Flat,0-500,,,1,,,,,
50,0-25,Flat,1501-2500,,,,,,,,1
0.1,0-25,Flat,0-500,,,1,,,,,
0.7,0-25,SE,1501-2500,,,,,,,,1
0.1,0-25,Flat,0-500,,,,,,,,1
0.1,0-25,N,0-500,,,,,,,,1
0.2,26-40,S,0-500,,,,,,,,1
0.1,0-25,SE,0-500,,,,,,,,1
56648,0-25,Flat,1501-2500,,,1,,,,,
0.1,0-25,Flat,0-500,,,1,,,,,
0.2,0-25,Flat,0-500,,,,,1,,,
0.1,0-25,Flat,0-500,,,1,,,,,
0.5,0-25,Flat,1501-2500,,,,,,,,1
35,0-25,Flat,0-500,,,1,,,,,
2,0-25,Flat,1501-2500,,,,,1,,,
6.4,0-25,W,501-1500,,,,,,,,1
0.1,0-25,Flat,0-500,,,,,,,,1
0.1,0-25,Flat,0-500,,,,,1,,,
2.8,0-25,Flat,1501-2500,,,,,,,,1
0.1,0-25,SE,0-500,,,,,,,,1
9,26-40,N,501-1500,,,1,,,,,
0.1,0-25,Flat,0-500,,,1,,,,,
0.1,0-25,Flat,0-500,,,,,,,,1
0.1,0-25,E,501-1500,,,,,,,,1
0.4,0-25,SE,1501-2500,,,,,,,,1
230,0-25,Flat,0501-1500,,,1,,,,,
0.1,0-25,S,0-500,,,1,,,,,
0.1,0-25,Flat,0-500,,,,,,,1,
0.1,0-25,Flat,0-500,,,1,,,,,
0.6,0-25,SW,501-1500,,,,,,,,1
0.1,0-25,Flat,0-500,,,1,,,,,
0.1,0-25,Flat,0-500,,,1,,,,,
0.1,0-25,Flat,0-500,,,1,,,,,
0.3,0-25,Flat,0501-1500,,,1,,,,,
0.8,0-25,Flat,501-1500,,,,,,,,1
12,0-25,Flat,0-500,,,1,,,,,
187,0-25,Flat,0-500,,,1,,,,,
0.1,0-25,NW,501-1500,,,,,,,,1
0.1,0-25,Flat,0-500,,,,,,,,1
0.1,0-25,Flat,0-500,,,,,,,,1
0.1,0-25,Flat,0501-1500,,,1,,,,,
3.5,76+,S,0-500,,,,,,,,1
0.5,0-25,NE,0-500,,,1,,,,,
0.1,0-25,N,0-500,,,,,,,,1
0.1,0-25,Flat,0501-1500,,,1,,,,,
0.1,0-25,Flat,0-500,,,,,,,,1
0.1,0-25,Flat,0-500,,,1,,,,,
0.1,0-25,Flat,0-500,,,1,,,,,
0.1,0-25,S,0-500,,,,,,,,1
0.1,0-25,Flat,0-500,1,,,,,,,
0.3,41-55,S,0-500,,,,,,,,1
6,0-25,West,1501-2500,1,,,,,,,
0.1,0-25,S,0-500,,,,,,,,1
0.3,0-25,Flat,501-1500,,,1,,,,,
0.1,0-25,Flat,0-500,,,1,,,,,
0.1,0-25,S,501-1500,,,,,,,,1
136,0-25,Flat,1501-2500,1,,,,,,,
1243,0-25,Flat,0501-1500,1,,,,,,,
0.1,0-25,South,0501-1500,,,,,,,,1
0.1,0-25,E,501-1500,,,,,,,,1
0.1,0-25,South East,0501-1500,,,,,,,,1
44.6,0-25,Flat,0501-1500,1,,,,,,,
0.1,0-25,Flat,501-1500,,,,,,,,1
0.3,0-25,SW,0-500,,,,,,,,1
0.1,0-25,Flat,0-500,,,,,,,,1
1.5,0-25,Flat,0-500,,,1,,,,,
0.1,0-25,Flat,0501-1500,,,,,1,,,
3,0-25,Flat,501-1500,,,1,,,,,
0.3,0-25,SE,0-500,,,,,,,1,
